customer_id,gender,senior_citizen,partner,dependents,tenure_months,contract,internet_service,online_security,tech_support,streaming_tv,paperless_billing,payment_method,monthly_charges,total_charges,num_support_calls,churn
CUST-10000,Male,0,Yes,No,53,Month-to-month,No,No,No,No,Yes,Electronic check,26.84,1418.27,0,No
CUST-10001,Female,1,Yes,Yes,63,Month-to-month,DSL,No internet service,Yes,No internet service,No,Credit card,81.64,5141.63,0,No
CUST-10002,Female,0,No,No,10,Month-to-month,Fiber optic,No internet service,No,Yes,No,Mailed check,57.16,503.37,1,Yes
CUST-10003,Male,0,Yes,Yes,17,One year,DSL,Yes,No internet service,Yes,No,Bank transfer,65.06,1123.71,3,No
CUST-10004,Male,0,No,Yes,2,One year,DSL,No internet service,No,No,No,Credit card,54.49,136.67,0,No
CUST-10005,Female,0,No,No,35,One year,Fiber optic,Yes,No internet service,No,Yes,Electronic check,93.62,3243.58,2,No
CUST-10006,Male,0,No,No,36,One year,DSL,Yes,No internet service,No internet service,Yes,Mailed check,69.98,2602.32,0,No
CUST-10007,Female,0,Yes,No,2,Month-to-month,Fiber optic,No internet service,No,No internet service,No,Electronic check,58.57,134.12,1,No
CUST-10008,Male,0,Yes,No,48,Month-to-month,DSL,No,No internet service,Yes,Yes,Mailed check,58.0,2733.76,1,No
CUST-10009,Male,0,Yes,No,0,One year,No,No,No internet service,No internet service,No,Mailed check,62.04,81.04,3,Yes
CUST-10010,Female,0,Yes,No,57,Month-to-month,Fiber optic,No internet service,No,Yes,Yes,Credit card,112.94,6411.41,2,No
CUST-10011,Female,0,Yes,No,51,One year,Fiber optic,No internet service,No internet service,No,No,Mailed check,38.66,1980.6,1,No
CUST-10012,Female,0,No,Yes,59,Month-to-month,Fiber optic,No internet service,No,No internet service,No,Bank transfer,86.66,5088.6,3,Yes
CUST-10013,Female,0,Yes,No,8,Month-to-month,Fiber optic,Yes,No internet service,No internet service,Yes,Electronic check,76.36,642.09,0,Yes
CUST-10014,Female,1,No,Yes,63,Two year,DSL,No internet service,Yes,Yes,No,Mailed check,95.8,6011.32,2,No
CUST-10015,Female,0,Yes,Yes,39,Month-to-month,No,Yes,No,No,Yes,Credit card,77.58,3004.58,1,No
CUST-10016,Female,0,Yes,Yes,63,Month-to-month,DSL,No internet service,Yes,No internet service,Yes,Bank transfer,65.07,4091.41,0,No
CUST-10017,Male,1,No,No,50,One year,DSL,No,Yes,Yes,No,Mailed check,85.4,4244.9,1,No
CUST-10018,Female,0,Yes,No,47,One year,Fiber optic,No,No,No internet service,Yes,Credit card,69.6,3324.79,0,Yes
CUST-10019,Male,0,Yes,No,2,Two year,Fiber optic,Yes,Yes,No,Yes,Credit card,80.1,97.31,0,No
CUST-10020,Female,0,No,No,50,Two year,Fiber optic,No internet service,Yes,Yes,No,Mailed check,93.56,4676.14,1,No
CUST-10021,Male,0,No,No,32,One year,No,Yes,No internet service,Yes,No,Credit card,66.85,2143.67,1,No
CUST-10022,Male,1,No,Yes,61,Month-to-month,Fiber optic,No,Yes,No internet service,Yes,Electronic check,56.51,3440.88,1,Yes
CUST-10023,Female,0,No,No,49,Month-to-month,DSL,Yes,No internet service,No,No,Mailed check,52.12,2602.29,4,Yes
CUST-10024,Female,0,No,No,5,Two year,DSL,No internet service,Yes,No internet service,Yes,Credit card,74.01,294.85,0,No
CUST-10025,Female,0,No,No,64,Month-to-month,DSL,Yes,No,No,Yes,Credit card,47.44,3064.56,1,No
CUST-10026,Male,0,No,Yes,4,Two year,Fiber optic,No internet service,Yes,No,No,Credit card,58.0,169.75,1,No
CUST-10027,Female,0,Yes,Yes,21,One year,DSL,No internet service,Yes,No internet service,Yes,Electronic check,45.65,933.21,1,No
CUST-10028,Female,0,No,No,15,Month-to-month,Fiber optic,No,No internet service,No internet service,No,Electronic check,75.17,1060.17,2,Yes
CUST-10029,Male,0,Yes,Yes,71,Month-to-month,Fiber optic,Yes,Yes,Yes,No,Bank transfer,49.96,3530.56,0,No
CUST-10030,Male,0,Yes,No,11,One year,Fiber optic,Yes,No internet service,No internet service,No,Electronic check,39.27,403.06,0,No
CUST-10031,Male,0,Yes,No,61,Month-to-month,DSL,No,No,Yes,No,Credit card,42.78,2691.49,1,No
CUST-10032,Male,0,No,Yes,16,Month-to-month,DSL,No,No,No internet service,Yes,Credit card,53.58,869.35,4,Yes
CUST-10033,Female,0,Yes,Yes,47,One year,No,No,No internet service,Yes,No,Credit card,55.39,2625.32,2,No
CUST-10034,Female,0,No,No,6,Month-to-month,Fiber optic,Yes,No,No,No,Credit card,70.03,364.8,2,No
CUST-10035,Male,0,Yes,No,28,Month-to-month,Fiber optic,No,No,Yes,Yes,Electronic check,61.77,1766.56,1,Yes
CUST-10036,Female,0,No,No,45,One year,Fiber optic,Yes,No,No internet service,No,Credit card,72.41,3340.36,0,Yes
CUST-10037,Female,0,No,Yes,51,One year,No,No,No,No internet service,No,Mailed check,74.01,3818.01,1,No
CUST-10038,Male,0,No,Yes,63,Month-to-month,DSL,Yes,No internet service,No internet service,Yes,Electronic check,79.81,4962.43,1,Yes
CUST-10039,Female,0,Yes,No,59,Two year,No,No,No,No,Yes,Mailed check,26.84,1560.35,1,No
CUST-10040,Male,0,No,No,37,Two year,DSL,No,Yes,No internet service,Yes,Credit card,42.46,1576.44,2,No
CUST-10041,Female,0,Yes,Yes,22,Month-to-month,No,No internet service,No internet service,Yes,Yes,Credit card,76.1,1645.34,1,No
CUST-10042,Female,0,No,No,19,Month-to-month,DSL,No,No,No,No,Bank transfer,69.23,1442.02,2,Yes
CUST-10043,Male,0,Yes,No,72,One year,DSL,Yes,No internet service,No internet service,Yes,Electronic check,84.54,6062.77,0,No
CUST-10044,Male,0,No,No,44,Month-to-month,DSL,Yes,No,No,No,Bank transfer,34.12,1499.11,0,No
CUST-10045,Female,0,No,No,66,Two year,No,No internet service,Yes,Yes,No,Bank transfer,55.5,3632.99,1,No
CUST-10046,Male,0,No,No,31,One year,No,No internet service,No internet service,No,Yes,Bank transfer,59.07,1842.75,2,No
CUST-10047,Female,0,No,Yes,35,Month-to-month,DSL,Yes,No internet service,No,Yes,Mailed check,68.33,2460.67,2,No
CUST-10048,Female,0,Yes,Yes,60,One year,DSL,No internet service,Yes,No internet service,Yes,Electronic check,65.72,3948.94,2,No
CUST-10049,Female,0,No,No,52,Month-to-month,DSL,No,No internet service,No internet service,Yes,Mailed check,74.38,3856.81,1,Yes
CUST-10050,Female,0,Yes,No,14,Two year,DSL,Yes,Yes,No,Yes,Credit card,62.71,824.24,1,No
CUST-10051,Male,0,No,No,38,Month-to-month,Fiber optic,No,No internet service,No internet service,Yes,Mailed check,92.45,3573.54,1,No
CUST-10052,Male,0,Yes,No,15,Two year,DSL,No internet service,No,Yes,No,Electronic check,98.82,1475.12,1,No
CUST-10053,Male,0,No,Yes,55,Month-to-month,No,Yes,No,Yes,No,Mailed check,42.64,2335.87,2,Yes
CUST-10054,Male,0,No,Yes,2,One year,No,No internet service,Yes,No,Yes,Mailed check,65.9,14.85,2,No
CUST-10055,Male,0,No,Yes,60,Two year,DSL,Yes,Yes,No internet service,Yes,Bank transfer,80.96,4851.24,2,No
CUST-10056,Female,1,No,Yes,67,Month-to-month,Fiber optic,No internet service,No internet service,No internet service,No,Bank transfer,76.71,5119.51,3,Yes
CUST-10057,Male,0,Yes,No,1,Month-to-month,No,Yes,No,No,Yes,Mailed check,56.84,0.0,3,Yes
CUST-10058,Female,0,No,No,46,Two year,No,Yes,Yes,Yes,No,Electronic check,70.1,3274.08,1,No
CUST-10059,Female,1,No,No,5,Two year,Fiber optic,Yes,No,No internet service,Yes,Mailed check,33.33,139.89,0,Yes
CUST-10060,Female,1,No,No,26,Month-to-month,DSL,No internet service,No internet service,No,No,Electronic check,64.62,1774.9,2,No
CUST-10061,Female,0,No,No,24,Month-to-month,DSL,No,Yes,Yes,Yes,Bank transfer,35.79,929.68,3,No
CUST-10062,Male,1,No,Yes,37,Two year,Fiber optic,No internet service,No internet service,No,Yes,Mailed check,75.16,2744.92,3,Yes
CUST-10063,Female,1,Yes,No,66,Month-to-month,Fiber optic,Yes,No internet service,No internet service,Yes,Mailed check,42.68,2885.35,2,No
CUST-10064,Male,0,No,No,33,One year,Fiber optic,No internet service,No,Yes,Yes,Bank transfer,68.26,2333.11,1,No
CUST-10065,Male,0,No,No,29,Month-to-month,Fiber optic,No internet service,Yes,No,No,Credit card,71.38,2042.07,0,Yes
CUST-10066,Female,0,No,No,6,Month-to-month,Fiber optic,No,No internet service,Yes,Yes,Mailed check,66.52,347.49,2,Yes
CUST-10067,Male,0,Yes,Yes,64,Two year,DSL,No internet service,No internet service,No internet service,Yes,Bank transfer,52.36,3243.27,1,No
CUST-10068,Male,0,No,Yes,22,Month-to-month,Fiber optic,Yes,No,Yes,Yes,Bank transfer,60.79,1356.4,5,No
CUST-10069,Male,0,No,Yes,33,Two year,No,Yes,No,No internet service,No,Bank transfer,88.62,2875.79,3,No
CUST-10070,Female,0,Yes,No,6,One year,DSL,Yes,No internet service,No internet service,No,Mailed check,56.51,359.58,0,No
CUST-10071,Male,0,Yes,Yes,21,Month-to-month,DSL,Yes,Yes,No internet service,Yes,Electronic check,65.43,1345.64,1,Yes
CUST-10072,Male,0,Yes,Yes,40,Month-to-month,No,No internet service,Yes,No,No,Electronic check,53.86,2115.41,2,Yes
CUST-10073,Male,0,No,Yes,65,Month-to-month,Fiber optic,No,No,No internet service,No,Electronic check,85.41,5523.58,3,Yes
CUST-10074,Female,0,Yes,No,24,Two year,Fiber optic,No,No,Yes,Yes,Electronic check,66.56,1532.45,0,No
CUST-10075,Male,0,No,No,40,One year,No,No internet service,No,Yes,Yes,Credit card,49.72,1960.7,2,No
CUST-10076,Male,0,No,No,63,One year,Fiber optic,No internet service,No,Yes,Yes,Electronic check,65.14,4066.99,2,Yes
CUST-10077,Male,1,Yes,No,26,Month-to-month,No,No,No internet service,Yes,Yes,Credit card,60.18,1563.97,1,No
CUST-10078,Female,1,Yes,Yes,21,Month-to-month,No,No,No,No,No,Credit card,92.85,1955.06,4,Yes
CUST-10079,Female,1,Yes,No,3,Month-to-month,DSL,Yes,No,No,Yes,Electronic check,64.11,138.77,4,No
CUST-10080,Female,1,No,Yes,66,One year,Fiber optic,No internet service,No internet service,No internet service,Yes,Mailed check,37.35,2520.14,0,No
CUST-10081,Male,0,Yes,Yes,8,Month-to-month,DSL,No internet service,Yes,Yes,No,Mailed check,74.97,591.78,0,No
CUST-10082,Male,0,Yes,No,15,Month-to-month,Fiber optic,No,No internet service,No,Yes,Mailed check,100.72,1585.92,2,Yes
CUST-10083,Female,0,Yes,Yes,10,Month-to-month,Fiber optic,No,No internet service,No internet service,No,Mailed check,88.94,901.45,0,No
CUST-10084,Female,0,Yes,Yes,51,Month-to-month,Fiber optic,No internet service,No,Yes,No,Mailed check,42.94,2193.4,1,No
CUST-10085,Female,1,No,No,26,One year,No,No,No,No internet service,Yes,Bank transfer,59.63,1525.83,1,No
CUST-10086,Male,0,No,No,51,One year,Fiber optic,No,No,No,Yes,Mailed check,64.39,3314.63,0,No
CUST-10087,Male,0,Yes,Yes,44,Two year,Fiber optic,No internet service,Yes,No,Yes,Electronic check,64.63,2845.4,0,No
CUST-10088,Female,0,Yes,No,1,Month-to-month,Fiber optic,No,No,Yes,No,Mailed check,72.62,115.54,4,No
CUST-10089,Female,0,Yes,No,22,One year,Fiber optic,No internet service,No internet service,Yes,Yes,Credit card,58.12,1358.87,2,No
CUST-10090,Male,0,No,Yes,0,Month-to-month,DSL,Yes,No,No internet service,No,Credit card,46.69,0.0,2,Yes
CUST-10091,Female,0,Yes,Yes,4,Two year,Fiber optic,No,Yes,No internet service,No,Electronic check,84.04,366.83,0,Yes
CUST-10092,Female,1,No,No,34,One year,Fiber optic,No,No,No,Yes,Bank transfer,42.53,1475.28,1,No
CUST-10093,Male,0,No,No,19,Month-to-month,DSL,Yes,Yes,No,No,Credit card,48.96,953.15,2,No
CUST-10094,Female,0,Yes,No,6,Two year,Fiber optic,No internet service,No internet service,No,Yes,Electronic check,42.4,232.74,0,No
CUST-10095,Male,0,Yes,No,29,Month-to-month,Fiber optic,No,No,No,Yes,Electronic check,77.24,2219.31,4,No
CUST-10096,Male,0,Yes,Yes,32,Month-to-month,DSL,No internet service,Yes,No internet service,No,Electronic check,67.13,2118.97,0,No
CUST-10097,Female,0,No,No,72,Month-to-month,No,Yes,No,No,Yes,Mailed check,82.67,5922.05,2,No
CUST-10098,Female,0,Yes,No,48,Month-to-month,DSL,No,No,Yes,No,Credit card,49.3,2324.39,0,No
CUST-10099,Male,0,Yes,Yes,28,Two year,Fiber optic,No,No,Yes,No,Mailed check,39.94,1113.1,0,Yes
CUST-10100,Female,1,Yes,No,34,One year,Fiber optic,No,No,No internet service,Yes,Mailed check,56.12,1870.19,2,No
CUST-10101,Male,0,Yes,Yes,6,One year,DSL,Yes,No internet service,No internet service,Yes,Mailed check,61.35,389.88,0,No
CUST-10102,Female,0,Yes,No,28,Two year,Fiber optic,Yes,No internet service,Yes,Yes,Mailed check,69.18,1939.89,1,No
CUST-10103,Male,0,No,No,42,Two year,DSL,No,Yes,Yes,Yes,Credit card,31.35,1325.16,1,No
CUST-10104,Female,0,Yes,No,1,Month-to-month,DSL,Yes,Yes,Yes,No,Electronic check,74.57,60.9,1,No
CUST-10105,Female,0,Yes,No,67,Month-to-month,Fiber optic,No internet service,No internet service,No,Yes,Mailed check,47.12,3160.48,3,No
CUST-10106,Female,1,Yes,No,37,Month-to-month,DSL,No,No,No,No,Bank transfer,52.05,1913.48,1,No
CUST-10107,Female,0,No,Yes,57,Two year,No,No internet service,Yes,Yes,Yes,Electronic check,88.47,5081.77,0,No
CUST-10108,Male,0,Yes,No,20,Two year,Fiber optic,Yes,No,Yes,Yes,Electronic check,21.34,404.68,0,No
CUST-10109,Female,0,Yes,No,61,One year,DSL,No internet service,Yes,Yes,Yes,Credit card,71.45,4377.23,0,No
CUST-10110,Male,0,Yes,Yes,26,Month-to-month,No,No,Yes,No,Yes,Mailed check,71.37,1790.3,5,Yes
CUST-10111,Female,0,No,No,67,Month-to-month,Fiber optic,Yes,Yes,Yes,Yes,Electronic check,48.62,3293.14,1,Yes
CUST-10112,Female,0,No,Yes,38,Two year,Fiber optic,No internet service,Yes,No,Yes,Mailed check,56.06,2102.32,2,No
CUST-10113,Male,0,No,No,46,Month-to-month,Fiber optic,Yes,Yes,Yes,No,Electronic check,89.42,4067.71,3,No
CUST-10114,Female,0,No,No,14,One year,No,Yes,No internet service,No internet service,Yes,Electronic check,104.26,1402.7,1,Yes
CUST-10115,Female,0,No,No,72,Month-to-month,DSL,No,No,No internet service,Yes,Electronic check,86.29,6151.98,1,No
CUST-10116,Male,0,Yes,No,14,Month-to-month,DSL,No internet service,No,No,Yes,Bank transfer,102.72,1414.01,0,No
CUST-10117,Male,0,Yes,Yes,2,One year,No,Yes,No internet service,No internet service,Yes,Mailed check,51.17,177.27,1,No
CUST-10118,Male,1,Yes,No,32,Two year,DSL,No,No internet service,No,Yes,Mailed check,33.4,1036.63,2,No
CUST-10119,Male,0,No,Yes,60,One year,Fiber optic,Yes,No internet service,Yes,No,Credit card,63.95,3726.54,2,No
CUST-10120,Male,0,No,Yes,67,Month-to-month,Fiber optic,Yes,Yes,Yes,Yes,Mailed check,81.1,5451.97,1,No
CUST-10121,Female,0,No,No,62,Month-to-month,Fiber optic,No internet service,No internet service,Yes,Yes,Electronic check,27.9,1674.09,0,No
CUST-10122,Female,0,No,No,40,Two year,Fiber optic,Yes,No internet service,No internet service,Yes,Electronic check,46.47,1899.54,2,No
CUST-10123,Male,0,Yes,No,66,One year,No,No,Yes,No internet service,Yes,Bank transfer,48.69,3192.49,0,No
CUST-10124,Female,0,Yes,Yes,35,Month-to-month,DSL,No,No internet service,No,No,Bank transfer,72.13,2510.85,3,No
CUST-10125,Female,0,Yes,No,34,One year,Fiber optic,Yes,No internet service,Yes,No,Mailed check,69.55,2424.57,1,Yes
CUST-10126,Male,0,No,Yes,13,Month-to-month,Fiber optic,No internet service,No internet service,Yes,No,Electronic check,49.5,674.39,4,Yes
CUST-10127,Female,0,No,Yes,57,Month-to-month,DSL,No,No,No,Yes,Electronic check,68.6,3847.88,2,Yes
CUST-10128,Female,0,Yes,No,23,Two year,No,No,Yes,Yes,Yes,Mailed check,42.1,913.34,1,No
CUST-10129,Female,0,Yes,Yes,14,One year,Fiber optic,No internet service,No internet service,Yes,Yes,Bank transfer,56.47,701.4,1,No
CUST-10130,Female,0,No,Yes,26,Month-to-month,DSL,No,No,Yes,No,Bank transfer,39.7,1162.36,1,Yes
CUST-10131,Female,1,No,No,44,Month-to-month,No,No internet service,No internet service,No,Yes,Bank transfer,62.0,2684.86,1,No
CUST-10132,Male,0,No,No,19,Two year,No,Yes,Yes,Yes,Yes,Electronic check,48.99,989.3,2,Yes
CUST-10133,Female,0,No,Yes,26,One year,DSL,Yes,Yes,No internet service,No,Bank transfer,78.81,2022.45,4,No
CUST-10134,Female,1,Yes,No,24,One year,Fiber optic,Yes,No internet service,No,No,Credit card,64.48,1493.53,1,Yes
CUST-10135,Male,0,Yes,Yes,43,Month-to-month,DSL,No,No,Yes,Yes,Electronic check,60.47,2601.29,0,No
CUST-10136,Female,0,No,No,52,Two year,DSL,No internet service,No internet service,Yes,Yes,Bank transfer,100.36,5202.39,1,Yes
CUST-10137,Male,1,No,Yes,49,Two year,DSL,No internet service,No internet service,No internet service,No,Electronic check,72.67,3600.92,2,No
CUST-10138,Male,0,No,Yes,10,Month-to-month,No,No,No,No,Yes,Credit card,57.64,617.12,1,Yes
CUST-10139,Male,0,No,No,25,Month-to-month,DSL,Yes,Yes,No internet service,No,Bank transfer,53.33,1303.74,1,Yes
CUST-10140,Female,0,No,Yes,47,One year,DSL,No,No internet service,No internet service,Yes,Bank transfer,41.38,1872.86,0,No
CUST-10141,Male,0,Yes,Yes,15,Two year,Fiber optic,No,No internet service,No internet service,No,Bank transfer,63.68,895.34,1,No
CUST-10142,Male,0,Yes,Yes,5,One year,Fiber optic,No,No,No internet service,No,Bank transfer,71.15,241.63,0,No
CUST-10143,Male,0,No,No,23,Two year,DSL,No internet service,No internet service,No internet service,Yes,Mailed check,26.71,600.61,1,No
CUST-10144,Female,0,No,No,49,One year,DSL,No,Yes,No internet service,No,Credit card,37.72,1847.69,3,No
CUST-10145,Female,0,Yes,No,48,Month-to-month,Fiber optic,No internet service,No,No internet service,Yes,Electronic check,54.68,2567.5,2,Yes
CUST-10146,Male,0,No,No,9,Month-to-month,Fiber optic,No,Yes,Yes,Yes,Credit card,43.04,324.18,3,No
CUST-10147,Male,0,Yes,No,49,Two year,Fiber optic,Yes,No,No,Yes,Credit card,65.87,3226.83,3,No
CUST-10148,Female,1,Yes,No,14,Month-to-month,DSL,Yes,No,No internet service,No,Credit card,68.64,929.36,0,No
CUST-10149,Male,0,No,No,54,Month-to-month,Fiber optic,No internet service,No,No internet service,Yes,Electronic check,62.55,3367.05,3,Yes
CUST-10150,Female,0,No,No,41,One year,Fiber optic,No,Yes,Yes,Yes,Mailed check,76.0,3097.64,1,No
CUST-10151,Male,0,Yes,No,9,Month-to-month,DSL,Yes,No internet service,Yes,No,Bank transfer,53.3,492.14,3,Yes
CUST-10152,Female,0,Yes,No,25,Two year,DSL,Yes,No,Yes,No,Bank transfer,64.08,1573.74,0,No
CUST-10153,Male,0,No,Yes,59,Month-to-month,Fiber optic,Yes,No,No internet service,Yes,Bank transfer,44.93,2626.43,0,Yes
CUST-10154,Male,1,No,No,31,Month-to-month,DSL,No internet service,No internet service,No,Yes,Bank transfer,70.69,2097.3,1,Yes
CUST-10155,Female,0,Yes,Yes,50,Month-to-month,DSL,Yes,No,No,Yes,Electronic check,66.52,3323.48,2,Yes
CUST-10156,Male,0,No,No,54,One year,No,Yes,No internet service,Yes,Yes,Credit card,41.03,2220.05,2,No
CUST-10157,Female,1,Yes,Yes,2,One year,Fiber optic,No,Yes,Yes,No,Mailed check,61.9,114.92,3,Yes
CUST-10158,Female,0,No,Yes,67,Month-to-month,Fiber optic,No,No internet service,No internet service,No,Credit card,64.24,4399.67,1,No
CUST-10159,Female,0,Yes,No,24,Month-to-month,DSL,Yes,No internet service,Yes,Yes,Bank transfer,70.62,1703.02,1,No
CUST-10160,Female,0,No,No,57,Month-to-month,Fiber optic,Yes,No internet service,Yes,Yes,Bank transfer,71.36,4059.7,2,No
CUST-10161,Female,0,No,No,34,One year,Fiber optic,No internet service,No internet service,Yes,Yes,Bank transfer,50.58,1744.68,2,No
CUST-10162,Male,0,No,No,42,Two year,No,Yes,No internet service,Yes,Yes,Credit card,80.27,3476.98,2,No
CUST-10163,Male,0,No,No,26,One year,Fiber optic,No internet service,No,No,Yes,Credit card,75.46,1974.6,0,No
CUST-10164,Male,1,No,No,62,Month-to-month,Fiber optic,No,No internet service,No internet service,Yes,Bank transfer,50.51,3020.45,1,No
CUST-10165,Female,1,No,No,8,One year,DSL,Yes,No internet service,Yes,Yes,Bank transfer,42.15,358.8,1,No
CUST-10166,Male,1,No,No,65,Month-to-month,Fiber optic,Yes,No,No,Yes,Electronic check,52.04,3338.64,6,No
CUST-10167,Male,0,No,No,15,Month-to-month,No,No internet service,No internet service,Yes,No,Electronic check,35.57,437.43,1,Yes
CUST-10168,Male,0,No,No,64,Month-to-month,Fiber optic,No,Yes,No,No,Bank transfer,69.16,4511.12,0,No
CUST-10169,Male,1,No,No,1,Month-to-month,Fiber optic,No internet service,No internet service,Yes,Yes,Mailed check,88.67,162.74,1,Yes
CUST-10170,Male,0,No,No,1,Month-to-month,No,No internet service,No internet service,No,Yes,Mailed check,93.43,48.17,1,Yes
CUST-10171,Male,0,No,No,6,Two year,No,Yes,Yes,No,No,Bank transfer,43.21,214.33,1,No
CUST-10172,Female,0,Yes,No,39,Month-to-month,DSL,Yes,Yes,No,Yes,Electronic check,80.74,3156.87,1,Yes
CUST-10173,Female,0,No,No,19,One year,DSL,No internet service,Yes,Yes,No,Mailed check,66.69,1222.85,1,No
CUST-10174,Female,0,Yes,No,43,Two year,Fiber optic,Yes,Yes,Yes,Yes,Electronic check,18.0,767.25,1,No
CUST-10175,Male,1,No,No,59,One year,No,No internet service,No internet service,Yes,No,Credit card,58.35,3406.99,1,No
CUST-10176,Female,0,Yes,No,1,Month-to-month,Fiber optic,Yes,No,No internet service,Yes,Bank transfer,56.13,36.11,5,Yes
CUST-10177,Male,0,No,No,38,One year,DSL,No internet service,No,Yes,No,Electronic check,89.22,3320.14,0,No
CUST-10178,Female,1,Yes,No,53,Month-to-month,Fiber optic,No internet service,No internet service,No,Yes,Bank transfer,47.58,2563.08,0,No
CUST-10179,Female,0,No,No,30,Month-to-month,DSL,No,No,No,No,Electronic check,76.26,2347.99,2,Yes
CUST-10180,Female,0,No,Yes,67,Month-to-month,DSL,No internet service,No internet service,No,Yes,Credit card,62.86,4206.61,2,No
CUST-10181,Male,0,Yes,No,48,Two year,DSL,No internet service,No internet service,Yes,Yes,Electronic check,36.08,1730.03,0,No
CUST-10182,Male,0,No,No,2,Two year,DSL,No internet service,Yes,No,No,Mailed check,53.96,139.38,1,No
CUST-10183,Female,0,Yes,No,39,Two year,Fiber optic,No internet service,No,No internet service,Yes,Credit card,95.63,3729.67,1,No
CUST-10184,Male,0,No,Yes,28,One year,DSL,No,No,No internet service,Yes,Bank transfer,61.53,1809.32,1,No
CUST-10185,Male,0,No,No,9,Month-to-month,DSL,Yes,No,Yes,Yes,Bank transfer,83.12,682.26,1,Yes
CUST-10186,Male,0,Yes,No,69,Two year,Fiber optic,No internet service,No internet service,No,No,Bank transfer,82.02,5702.43,1,No
CUST-10187,Male,0,Yes,Yes,16,Two year,DSL,Yes,No,Yes,No,Bank transfer,56.03,890.77,2,Yes
CUST-10188,Male,0,Yes,No,6,Month-to-month,Fiber optic,No,Yes,No internet service,Yes,Electronic check,39.33,179.92,2,No
CUST-10189,Male,0,Yes,No,16,Two year,DSL,No,No,No,No,Mailed check,41.96,783.71,1,No
CUST-10190,Female,0,Yes,No,60,Two year,DSL,No,No,No internet service,No,Credit card,94.03,5761.06,1,No
CUST-10191,Female,1,No,Yes,43,Month-to-month,Fiber optic,No,Yes,No internet service,No,Credit card,68.03,2914.9,1,No
CUST-10192,Female,0,No,Yes,59,Month-to-month,DSL,No,No internet service,Yes,Yes,Bank transfer,30.32,1811.12,2,Yes
CUST-10193,Male,0,Yes,No,33,Month-to-month,DSL,Yes,Yes,No,Yes,Credit card,81.68,2671.88,1,Yes
CUST-10194,Female,0,Yes,Yes,8,One year,DSL,No internet service,Yes,No,Yes,Credit card,29.26,218.57,3,No
CUST-10195,Male,0,Yes,No,28,Month-to-month,DSL,Yes,No,Yes,Yes,Mailed check,48.48,1300.82,2,No
CUST-10196,Male,0,No,No,14,Month-to-month,DSL,No,Yes,No internet service,Yes,Bank transfer,66.63,868.81,3,Yes
CUST-10197,Male,0,Yes,Yes,40,One year,DSL,No internet service,No internet service,No,No,Credit card,115.41,4708.61,1,Yes
CUST-10198,Male,1,Yes,No,19,Two year,DSL,No,Yes,Yes,No,Electronic check,81.32,1543.14,1,No
CUST-10199,Female,0,Yes,No,70,Two year,DSL,No internet service,No,No,No,Credit card,55.35,3877.03,0,No
CUST-10200,Male,1,Yes,No,27,One year,No,No,Yes,No internet service,Yes,Mailed check,65.57,1729.86,1,No
CUST-10201,Female,1,No,No,22,Month-to-month,DSL,Yes,No,No,Yes,Mailed check,83.39,1844.08,0,Yes
CUST-10202,Male,0,Yes,No,71,Month-to-month,DSL,No internet service,No internet service,No internet service,No,Mailed check,93.44,6559.05,3,Yes
CUST-10203,Female,0,No,Yes,37,One year,Fiber optic,Yes,No,No internet service,Yes,Mailed check,60.05,2183.16,0,Yes
CUST-10204,Male,0,No,Yes,12,Month-to-month,DSL,No internet service,No,No,No,Mailed check,60.63,667.57,2,Yes
CUST-10205,Male,1,No,No,35,One year,Fiber optic,Yes,Yes,No internet service,Yes,Bank transfer,48.4,1758.64,0,No
CUST-10206,Female,0,Yes,No,18,Two year,DSL,No internet service,Yes,No,Yes,Credit card,78.3,1326.81,1,No
CUST-10207,Female,0,No,Yes,52,One year,Fiber optic,Yes,No,No,No,Mailed check,85.52,4388.08,1,No
CUST-10208,Male,1,Yes,Yes,41,One year,No,No internet service,No,No internet service,No,Electronic check,26.23,973.05,5,Yes
CUST-10209,Female,0,No,No,53,One year,DSL,No,Yes,Yes,Yes,Credit card,57.06,2979.68,5,Yes
CUST-10210,Male,0,No,Yes,68,Two year,DSL,Yes,No internet service,No internet service,No,Mailed check,40.73,2746.66,2,No
CUST-10211,Female,0,Yes,No,53,Month-to-month,Fiber optic,Yes,No,No,Yes,Bank transfer,68.02,3653.95,0,No
CUST-10212,Female,1,No,No,24,Month-to-month,No,Yes,Yes,No,Yes,Mailed check,40.24,954.66,1,No
CUST-10213,Male,1,No,No,14,Month-to-month,Fiber optic,No internet service,Yes,No internet service,Yes,Electronic check,38.6,519.87,0,Yes
CUST-10214,Female,0,No,Yes,38,One year,Fiber optic,No,No,No,No,Mailed check,87.47,3338.86,1,Yes
CUST-10215,Male,0,Yes,Yes,32,Month-to-month,DSL,Yes,No,No internet service,No,Mailed check,61.69,1951.93,3,No
CUST-10216,Male,0,No,No,22,Month-to-month,Fiber optic,Yes,No internet service,No,Yes,Credit card,63.8,1524.1,2,Yes
CUST-10217,Male,0,Yes,No,59,One year,DSL,Yes,No,Yes,No,Bank transfer,73.63,4314.62,2,No
CUST-10218,Male,0,Yes,Yes,66,Month-to-month,Fiber optic,Yes,No,No,No,Bank transfer,84.42,5592.41,2,No
CUST-10219,Female,0,No,No,27,One year,DSL,No internet service,No internet service,Yes,Yes,Electronic check,56.63,1570.33,4,Yes
CUST-10220,Male,0,Yes,No,49,Month-to-month,Fiber optic,No,No,No internet service,Yes,Electronic check,57.07,2765.44,2,Yes
CUST-10221,Male,0,No,Yes,71,Month-to-month,DSL,No,No internet service,Yes,Yes,Mailed check,57.16,4066.63,0,No
CUST-10222,Female,0,Yes,No,0,Month-to-month,Fiber optic,Yes,No,No,Yes,Credit card,86.63,0.0,1,Yes
CUST-10223,Male,0,Yes,Yes,26,Month-to-month,Fiber optic,No,No internet service,No internet service,No,Electronic check,63.64,1668.34,2,Yes
CUST-10224,Female,0,Yes,No,53,Two year,No,No,No,Yes,No,Credit card,59.18,3141.59,2,No
CUST-10225,Male,0,No,Yes,36,Two year,No,Yes,No internet service,No,Yes,Credit card,72.82,2614.51,1,Yes
CUST-10226,Female,0,No,No,57,One year,Fiber optic,No,No internet service,No,Yes,Mailed check,101.63,5735.13,2,No
CUST-10227,Female,1,Yes,No,34,One year,Fiber optic,No,No,No,Yes,Electronic check,66.49,2353.84,1,Yes
CUST-10228,Female,0,No,No,4,One year,DSL,No internet service,Yes,No internet service,Yes,Electronic check,59.61,267.76,1,Yes
CUST-10229,Male,0,Yes,No,31,Two year,No,No,Yes,Yes,Yes,Electronic check,103.86,3140.23,2,No
CUST-10230,Male,1,No,No,29,Month-to-month,Fiber optic,Yes,Yes,No,Yes,Credit card,91.6,2635.38,0,Yes
CUST-10231,Female,0,Yes,No,61,Month-to-month,Fiber optic,No internet service,Yes,Yes,Yes,Credit card,88.7,5332.23,2,Yes
CUST-10232,Male,0,No,No,10,One year,Fiber optic,No,No,No,Yes,Bank transfer,54.99,588.0,2,No
CUST-10233,Female,0,Yes,Yes,11,Two year,Fiber optic,No,Yes,No internet service,Yes,Electronic check,53.0,581.91,3,No
CUST-10234,Male,1,Yes,No,10,Month-to-month,No,No internet service,Yes,Yes,Yes,Credit card,28.32,283.4,2,Yes
CUST-10235,Female,0,No,Yes,41,Month-to-month,No,No internet service,Yes,No,Yes,Bank transfer,84.3,3414.18,1,Yes
CUST-10236,Female,1,No,No,72,Month-to-month,Fiber optic,Yes,Yes,Yes,Yes,Credit card,66.54,4775.1,1,No
CUST-10237,Male,0,Yes,No,45,Month-to-month,Fiber optic,No,No,Yes,Yes,Mailed check,28.98,1343.46,2,No
CUST-10238,Male,0,No,No,59,One year,No,Yes,No internet service,No internet service,Yes,Electronic check,89.04,5306.15,3,Yes
CUST-10239,Female,0,No,No,62,Month-to-month,Fiber optic,No internet service,No internet service,No internet service,No,Credit card,58.25,3653.82,0,No
CUST-10240,Male,0,Yes,No,43,Two year,Fiber optic,Yes,No internet service,No internet service,Yes,Electronic check,60.72,2533.35,1,No
CUST-10241,Female,0,Yes,Yes,44,One year,Fiber optic,No internet service,No internet service,No,Yes,Electronic check,34.74,1519.25,0,No
CUST-10242,Male,0,No,Yes,17,Month-to-month,Fiber optic,Yes,No internet service,No,Yes,Electronic check,74.84,1284.95,0,No
CUST-10243,Female,1,No,No,70,Two year,Fiber optic,No,Yes,No internet service,Yes,Electronic check,75.04,5216.06,0,No
CUST-10244,Female,0,No,Yes,57,One year,Fiber optic,Yes,Yes,No,Yes,Bank transfer,64.04,3567.33,3,No
CUST-10245,Male,0,No,Yes,63,Month-to-month,No,No internet service,No,No internet service,No,Electronic check,56.64,3503.99,0,No
CUST-10246,Female,0,No,No,71,Month-to-month,No,No,Yes,Yes,No,Credit card,117.53,8419.62,3,No
CUST-10247,Male,0,No,No,25,Two year,Fiber optic,No,Yes,Yes,Yes,Credit card,40.93,963.68,1,No
CUST-10248,Female,0,No,No,10,Month-to-month,DSL,No,No internet service,No,Yes,Electronic check,50.57,508.08,4,Yes
CUST-10249,Male,0,Yes,No,62,Month-to-month,Fiber optic,Yes,No,Yes,No,Credit card,79.17,4900.72,0,No
CUST-10250,Male,0,No,No,34,Month-to-month,Fiber optic,No,No internet service,Yes,Yes,Electronic check,44.71,1512.45,2,No
CUST-10251,Male,0,No,Yes,69,Month-to-month,Fiber optic,No internet service,No,Yes,Yes,Mailed check,43.24,2967.57,0,No
CUST-10252,Male,1,Yes,No,50,One year,No,No,No,Yes,No,Bank transfer,87.63,4420.96,0,No
CUST-10253,Male,0,No,No,18,Month-to-month,DSL,Yes,Yes,No internet service,Yes,Electronic check,77.1,1389.58,0,Yes
CUST-10254,Female,0,No,No,25,One year,DSL,No internet service,Yes,No,Yes,Electronic check,74.68,1835.72,1,Yes
CUST-10255,Male,0,Yes,No,44,Month-to-month,No,No,Yes,No internet service,Yes,Electronic check,68.64,3022.73,3,Yes
CUST-10256,Female,0,Yes,No,28,Two year,No,Yes,No internet service,Yes,Yes,Bank transfer,51.16,1368.6,0,Yes
CUST-10257,Male,1,Yes,Yes,20,Month-to-month,Fiber optic,Yes,No internet service,Yes,No,Electronic check,59.95,1222.8,0,Yes
CUST-10258,Male,1,Yes,No,15,Two year,DSL,Yes,Yes,No,Yes,Electronic check,63.42,917.25,0,No
CUST-10259,Female,1,Yes,Yes,47,Two year,Fiber optic,Yes,No,No internet service,Yes,Electronic check,81.92,3819.07,1,No
CUST-10260,Female,0,Yes,No,2,Month-to-month,Fiber optic,No internet service,No,No internet service,Yes,Credit card,73.52,172.69,0,Yes
CUST-10261,Male,0,Yes,Yes,6,One year,Fiber optic,Yes,No,No internet service,Yes,Credit card,46.44,258.27,2,Yes
CUST-10262,Male,0,Yes,Yes,3,Month-to-month,DSL,Yes,Yes,No,Yes,Credit card,80.79,224.82,0,Yes
CUST-10263,Female,0,Yes,No,53,Two year,DSL,Yes,Yes,No internet service,Yes,Electronic check,31.43,1724.17,2,No
CUST-10264,Female,0,No,No,2,One year,Fiber optic,Yes,Yes,Yes,Yes,Mailed check,58.59,68.52,1,No
CUST-10265,Female,0,Yes,No,30,Month-to-month,Fiber optic,Yes,Yes,No,Yes,Credit card,42.16,1289.72,2,No
CUST-10266,Male,1,No,Yes,8,Month-to-month,Fiber optic,No,Yes,Yes,No,Bank transfer,47.86,430.36,1,Yes
CUST-10267,Male,0,Yes,No,42,Month-to-month,Fiber optic,Yes,No,Yes,Yes,Electronic check,103.53,4406.6,3,Yes
CUST-10268,Female,0,No,Yes,2,Two year,DSL,No internet service,No internet service,No,No,Electronic check,35.59,180.01,2,Yes
CUST-10269,Female,0,No,Yes,1,Two year,Fiber optic,No,No internet service,No internet service,Yes,Credit card,48.62,16.51,1,Yes
CUST-10270,Male,0,No,No,30,Month-to-month,No,Yes,No,Yes,Yes,Credit card,75.21,2212.9,0,No
CUST-10271,Male,0,Yes,Yes,50,Month-to-month,Fiber optic,No,Yes,No internet service,No,Mailed check,55.6,2820.86,0,No
CUST-10272,Male,0,No,No,8,Month-to-month,Fiber optic,Yes,No,No,No,Electronic check,68.11,591.89,0,No
CUST-10273,Female,1,Yes,Yes,36,One year,Fiber optic,No internet service,Yes,No internet service,Yes,Electronic check,93.59,3329.7,5,No
CUST-10274,Male,0,Yes,Yes,59,Month-to-month,No,No,Yes,Yes,Yes,Electronic check,78.09,4631.55,4,No
CUST-10275,Male,0,No,No,45,Month-to-month,Fiber optic,No internet service,No internet service,No internet service,No,Credit card,55.63,2639.56,2,No
CUST-10276,Male,0,Yes,Yes,54,Two year,Fiber optic,No,No,Yes,Yes,Credit card,62.33,,1,No
CUST-10277,Female,0,Yes,No,23,Month-to-month,No,Yes,No,No,Yes,Mailed check,75.61,1785.2,0,No
CUST-10278,Male,0,No,No,68,One year,DSL,Yes,No,No internet service,Yes,Credit card,77.7,5362.44,1,No
CUST-10279,Male,0,Yes,Yes,10,Month-to-month,Fiber optic,No,Yes,No internet service,No,Credit card,65.42,779.39,1,Yes
CUST-10280,Male,0,No,No,44,Month-to-month,Fiber optic,No internet service,No,Yes,Yes,Credit card,72.21,3189.52,0,No
CUST-10281,Male,0,Yes,Yes,31,One year,No,No,No,Yes,Yes,Credit card,72.23,2301.78,1,No
CUST-10282,Female,0,Yes,No,2,Month-to-month,Fiber optic,No internet service,No internet service,No,No,Bank transfer,63.16,86.9,0,No
CUST-10283,Male,0,Yes,Yes,68,Month-to-month,DSL,No,No,No,Yes,Credit card,52.9,3598.44,0,No
CUST-10284,Male,0,Yes,No,51,Two year,No,Yes,Yes,Yes,No,Bank transfer,79.85,4050.03,1,No
CUST-10285,Female,1,Yes,No,16,Two year,Fiber optic,No,No internet service,Yes,Yes,Credit card,70.84,1039.17,1,No
CUST-10286,Male,0,Yes,No,3,One year,Fiber optic,Yes,Yes,Yes,No,Mailed check,23.38,0.0,0,No
CUST-10287,Female,0,Yes,No,49,Month-to-month,DSL,No internet service,Yes,Yes,Yes,Electronic check,48.48,2397.02,0,No
CUST-10288,Female,1,Yes,No,39,Month-to-month,DSL,Yes,No,No,Yes,Bank transfer,55.39,2182.69,0,No
CUST-10289,Male,0,Yes,No,3,Month-to-month,Fiber optic,No,No internet service,Yes,Yes,Mailed check,60.98,130.86,2,Yes
CUST-10290,Female,0,No,No,71,Two year,Fiber optic,No,Yes,No internet service,No,Mailed check,89.08,6402.55,1,No
CUST-10291,Male,0,No,No,52,Two year,No,No,Yes,No internet service,Yes,Bank transfer,120.0,6184.5,4,No
CUST-10292,Female,0,No,No,33,Month-to-month,DSL,No,Yes,Yes,Yes,Bank transfer,18.0,606.86,2,No
CUST-10293,Male,0,No,No,17,Two year,Fiber optic,No internet service,No internet service,No internet service,Yes,Mailed check,71.09,1187.77,1,No
CUST-10294,Female,1,Yes,Yes,19,Month-to-month,DSL,No internet service,No internet service,No,No,Electronic check,66.39,1266.76,2,No
CUST-10295,Female,0,Yes,No,32,One year,Fiber optic,Yes,No internet service,Yes,No,Bank transfer,61.39,2009.41,0,No
CUST-10296,Female,0,No,No,4,Month-to-month,DSL,No internet service,Yes,Yes,Yes,Mailed check,75.86,341.31,1,No
CUST-10297,Male,0,Yes,No,26,Month-to-month,Fiber optic,No internet service,No internet service,No,Yes,Electronic check,68.0,1803.39,0,No
CUST-10298,Male,0,No,Yes,15,Two year,DSL,No internet service,Yes,No internet service,No,Electronic check,57.77,895.56,1,No
CUST-10299,Male,0,Yes,No,8,Two year,Fiber optic,No internet service,No internet service,Yes,Yes,Bank transfer,65.58,461.0,0,Yes
CUST-10300,Male,0,Yes,Yes,9,Month-to-month,DSL,No internet service,No internet service,Yes,Yes,Mailed check,76.13,741.9,1,No
CUST-10301,Female,0,No,No,25,Month-to-month,Fiber optic,Yes,No internet service,No,Yes,Mailed check,74.23,1802.74,0,Yes
CUST-10302,Male,0,No,No,27,One year,DSL,No internet service,No internet service,No internet service,Yes,Electronic check,68.77,1851.49,2,Yes
CUST-10303,Female,0,No,Yes,25,Month-to-month,Fiber optic,No internet service,Yes,Yes,No,Electronic check,53.33,1315.68,4,Yes
CUST-10304,Female,0,Yes,No,50,One year,Fiber optic,Yes,No,No internet service,Yes,Bank transfer,120.0,6017.51,0,No
CUST-10305,Male,0,Yes,Yes,38,One year,DSL,No internet service,Yes,No,Yes,Credit card,72.19,2718.98,1,No
CUST-10306,Male,0,No,No,14,Month-to-month,DSL,No internet service,No,Yes,No,Mailed check,80.25,1115.57,0,Yes
CUST-10307,Female,0,Yes,No,70,Month-to-month,DSL,No,No,No internet service,Yes,Credit card,54.84,3919.74,1,No
CUST-10308,Male,0,No,No,53,Month-to-month,Fiber optic,No internet service,No internet service,Yes,No,Bank transfer,68.79,3581.11,1,No
CUST-10309,Male,0,Yes,No,34,Two year,No,Yes,No,No,Yes,Mailed check,68.63,2333.3,2,No
CUST-10310,Female,0,No,Yes,3,Month-to-month,DSL,No internet service,No internet service,No,No,Bank transfer,26.76,24.57,4,Yes
CUST-10311,Female,0,No,No,66,One year,Fiber optic,No internet service,Yes,No internet service,No,Electronic check,50.67,3377.94,1,No
CUST-10312,Male,0,Yes,No,54,Month-to-month,Fiber optic,Yes,Yes,No internet service,No,Mailed check,50.3,2679.86,1,No
CUST-10313,Male,0,No,Yes,33,One year,Fiber optic,No,No internet service,No internet service,Yes,Bank transfer,52.99,1750.6,3,No
CUST-10314,Male,0,Yes,No,11,Month-to-month,Fiber optic,No,Yes,No,No,Credit card,43.6,413.37,2,No
CUST-10315,Female,0,Yes,No,7,Month-to-month,No,Yes,No internet service,Yes,No,Electronic check,65.88,525.74,1,Yes
CUST-10316,Female,0,No,No,21,One year,Fiber optic,No internet service,No,Yes,Yes,Credit card,92.95,1955.59,1,No
CUST-10317,Female,0,No,No,16,One year,No,No,No internet service,No,Yes,Bank transfer,67.61,1088.65,1,Yes
CUST-10318,Female,0,Yes,No,15,Month-to-month,DSL,Yes,No,No,No,Electronic check,41.37,662.0,1,No
CUST-10319,Female,0,Yes,No,29,Month-to-month,No,No,No,Yes,No,Credit card,44.38,1224.45,0,No
CUST-10320,Male,1,Yes,Yes,3,Two year,No,Yes,No internet service,Yes,No,Credit card,57.46,141.63,0,No
CUST-10321,Male,0,No,No,23,Month-to-month,No,Yes,No internet service,No,Yes,Mailed check,36.69,852.37,2,No
CUST-10322,Female,0,No,No,63,Month-to-month,DSL,No internet service,Yes,No internet service,No,Electronic check,71.09,4390.57,0,No
CUST-10323,Female,0,No,Yes,63,Month-to-month,No,No internet service,No internet service,No internet service,Yes,Mailed check,92.06,5717.05,1,No
CUST-10324,Female,0,Yes,No,0,Month-to-month,DSL,Yes,No,No internet service,Yes,Credit card,53.48,0.0,1,Yes
CUST-10325,Male,0,Yes,Yes,49,One year,Fiber optic,Yes,No internet service,No,No,Electronic check,66.52,3202.43,2,Yes
CUST-10326,Male,0,Yes,No,72,One year,DSL,No internet service,No,No internet service,No,Mailed check,56.42,,1,No
CUST-10327,Male,0,Yes,No,42,Month-to-month,Fiber optic,No,No internet service,No,No,Mailed check,52.41,2227.34,0,No
CUST-10328,Male,1,Yes,No,28,One year,Fiber optic,Yes,No,No,Yes,Electronic check,68.79,1963.61,1,No
CUST-10329,Female,0,No,Yes,35,Month-to-month,DSL,No internet service,Yes,Yes,Yes,Bank transfer,51.73,1901.02,3,Yes
CUST-10330,Female,0,Yes,No,15,One year,DSL,Yes,No internet service,No,No,Credit card,48.83,731.32,1,Yes
CUST-10331,Male,1,Yes,No,29,Month-to-month,DSL,Yes,Yes,Yes,Yes,Electronic check,32.61,953.41,1,Yes
CUST-10332,Male,0,No,No,68,Month-to-month,Fiber optic,No,No,No,No,Credit card,66.29,4506.48,1,No
CUST-10333,Female,0,No,No,44,One year,No,No internet service,No internet service,No internet service,No,Credit card,86.34,3814.97,2,No
CUST-10334,Male,0,No,No,31,Month-to-month,Fiber optic,No,No internet service,No,No,Credit card,79.15,2473.57,3,Yes
CUST-10335,Female,0,Yes,No,9,Month-to-month,Fiber optic,No,No internet service,Yes,No,Bank transfer,94.84,899.67,2,No
CUST-10336,Female,0,Yes,No,66,Month-to-month,No,Yes,No,No internet service,Yes,Mailed check,51.51,3445.57,4,Yes
CUST-10337,Male,0,No,No,11,One year,Fiber optic,No,No internet service,No internet service,Yes,Electronic check,82.02,928.19,3,No
CUST-10338,Male,0,No,Yes,52,Month-to-month,Fiber optic,No internet service,Yes,No,No,Credit card,42.95,2308.91,2,Yes
CUST-10339,Female,0,Yes,No,22,One year,Fiber optic,No,No internet service,Yes,Yes,Bank transfer,79.19,1743.52,0,No
CUST-10340,Female,0,No,No,20,One year,DSL,Yes,Yes,Yes,No,Mailed check,97.88,1927.02,0,No
CUST-10341,Male,0,Yes,No,12,One year,Fiber optic,No internet service,No internet service,Yes,Yes,Mailed check,74.97,877.24,0,No
CUST-10342,Female,0,Yes,No,27,Month-to-month,Fiber optic,Yes,No,No internet service,No,Electronic check,98.24,2647.19,0,Yes
CUST-10343,Female,1,Yes,No,49,Two year,Fiber optic,No internet service,No internet service,Yes,Yes,Mailed check,53.03,2544.29,2,No
CUST-10344,Female,0,No,Yes,30,Month-to-month,Fiber optic,No internet service,No,No,No,Credit card,62.32,1838.93,0,Yes
CUST-10345,Male,0,Yes,No,1,Two year,DSL,Yes,No internet service,No internet service,Yes,Bank transfer,46.69,0.0,2,No
CUST-10346,Female,0,No,No,19,One year,Fiber optic,Yes,No internet service,No internet service,No,Mailed check,65.7,1265.5,1,Yes
CUST-10347,Female,0,Yes,No,11,Month-to-month,DSL,No,No internet service,Yes,No,Electronic check,70.39,791.98,1,No
CUST-10348,Male,0,Yes,No,29,Two year,No,No internet service,Yes,No internet service,Yes,Mailed check,65.52,1811.63,3,No
CUST-10349,Male,0,No,No,65,Month-to-month,DSL,No,No,No internet service,Yes,Electronic check,55.52,3576.1,0,No
CUST-10350,Female,0,No,No,70,Month-to-month,Fiber optic,Yes,No,No,Yes,Mailed check,55.19,3954.56,0,No
CUST-10351,Male,1,Yes,No,72,Month-to-month,Fiber optic,No internet service,Yes,Yes,Yes,Electronic check,71.9,5208.29,0,No
CUST-10352,Male,0,Yes,No,8,One year,DSL,Yes,Yes,No internet service,No,Credit card,61.81,517.2,0,Yes
CUST-10353,Male,0,Yes,No,35,One year,Fiber optic,No internet service,Yes,No,No,Electronic check,41.96,1435.39,0,No
CUST-10354,Female,1,Yes,Yes,3,Two year,DSL,No internet service,No internet service,No,Yes,Electronic check,27.05,95.51,1,No
CUST-10355,Female,1,Yes,No,36,Month-to-month,Fiber optic,No,No,No,Yes,Bank transfer,53.09,1910.51,2,Yes
CUST-10356,Male,0,No,No,42,One year,No,Yes,No internet service,Yes,No,Mailed check,37.35,1528.86,3,No
CUST-10357,Female,0,Yes,No,56,One year,DSL,No internet service,No internet service,No,No,Credit card,48.29,2679.55,2,No
CUST-10358,Male,0,No,No,24,One year,Fiber optic,No internet service,Yes,Yes,Yes,Mailed check,56.53,,3,Yes
CUST-10359,Female,0,No,No,2,Month-to-month,No,No,No internet service,Yes,Yes,Bank transfer,62.08,49.73,3,Yes
CUST-10360,Female,0,No,No,33,Month-to-month,Fiber optic,Yes,Yes,No,Yes,Credit card,51.68,1639.26,0,No
CUST-10361,Female,1,No,No,31,One year,No,Yes,No,Yes,No,Credit card,108.82,3363.45,2,Yes
CUST-10362,Male,1,No,No,45,Month-to-month,Fiber optic,Yes,No internet service,No internet service,No,Credit card,39.78,1747.7,4,No
CUST-10363,Female,0,Yes,Yes,7,Month-to-month,Fiber optic,No,Yes,No internet service,No,Bank transfer,89.18,609.21,1,Yes
CUST-10364,Male,0,Yes,No,44,Month-to-month,DSL,No,No internet service,No,No,Credit card,61.75,2636.72,1,No
CUST-10365,Female,1,No,No,29,Month-to-month,DSL,No,No,No,No,Mailed check,51.85,1543.72,2,No
CUST-10366,Male,1,Yes,No,53,Month-to-month,Fiber optic,No,Yes,Yes,Yes,Credit card,76.75,4171.77,4,No
CUST-10367,Male,0,No,Yes,71,Month-to-month,No,No,No internet service,Yes,Yes,Credit card,55.94,4023.11,1,Yes
CUST-10368,Male,0,No,No,16,One year,DSL,Yes,Yes,No internet service,Yes,Mailed check,48.86,838.29,0,No
CUST-10369,Female,0,No,No,55,Two year,No,No,No,No,No,Electronic check,100.8,5575.31,1,No
CUST-10370,Male,0,Yes,No,9,Month-to-month,Fiber optic,No internet service,No,No internet service,Yes,Bank transfer,21.11,203.27,2,Yes
CUST-10371,Female,0,Yes,Yes,71,Month-to-month,Fiber optic,No internet service,Yes,Yes,Yes,Electronic check,60.1,4271.43,0,No
CUST-10372,Male,1,Yes,No,35,Two year,No,No internet service,No,Yes,No,Electronic check,68.8,2362.27,6,Yes
CUST-10373,Male,1,Yes,No,54,Month-to-month,No,No internet service,No,No,Yes,Credit card,93.16,5065.14,3,Yes
CUST-10374,Female,1,Yes,Yes,56,Two year,Fiber optic,Yes,Yes,No internet service,Yes,Bank transfer,57.03,3225.22,1,No
CUST-10375,Male,0,Yes,Yes,44,One year,DSL,Yes,No,No,No,Bank transfer,118.22,5178.53,1,Yes
CUST-10376,Female,0,Yes,Yes,28,Month-to-month,DSL,No,Yes,No internet service,No,Credit card,80.18,2271.34,2,Yes
CUST-10377,Female,0,No,No,55,Month-to-month,DSL,No,No,Yes,Yes,Credit card,18.0,955.3,7,Yes
CUST-10378,Male,0,No,Yes,34,Month-to-month,Fiber optic,No internet service,Yes,No internet service,Yes,Credit card,35.93,1190.11,0,No
CUST-10379,Male,0,No,No,48,One year,DSL,No internet service,No internet service,No,No,Electronic check,69.74,3386.28,0,No
CUST-10380,Male,0,Yes,No,44,Month-to-month,Fiber optic,No internet service,No internet service,Yes,No,Mailed check,42.12,,0,No
CUST-10381,Female,0,Yes,No,33,Two year,DSL,Yes,No internet service,No,No,Credit card,75.96,2495.08,1,No
CUST-10382,Female,0,No,No,8,One year,Fiber optic,No internet service,No internet service,No internet service,Yes,Electronic check,55.93,430.06,1,No
CUST-10383,Male,0,Yes,No,21,Two year,Fiber optic,No internet service,Yes,No internet service,Yes,Electronic check,41.08,871.42,0,No
CUST-10384,Male,0,Yes,Yes,68,Two year,Fiber optic,No internet service,No,Yes,Yes,Bank transfer,45.71,3016.51,1,Yes
CUST-10385,Male,0,No,No,37,Month-to-month,Fiber optic,No,Yes,No internet service,Yes,Mailed check,82.04,2997.59,0,Yes
CUST-10386,Male,0,No,Yes,46,Month-to-month,No,Yes,Yes,Yes,No,Electronic check,24.54,1065.58,5,Yes
CUST-10387,Female,0,No,Yes,18,Two year,No,Yes,No,No,No,Credit card,85.91,1546.97,0,No
CUST-10388,Female,1,Yes,No,51,Month-to-month,Fiber optic,No internet service,No,No,No,Mailed check,86.49,4465.42,0,No
CUST-10389,Male,0,Yes,Yes,35,Month-to-month,DSL,No internet service,Yes,No internet service,Yes,Mailed check,58.37,2066.81,3,No
CUST-10390,Female,0,Yes,Yes,15,Month-to-month,No,No internet service,Yes,No,Yes,Bank transfer,36.91,528.08,4,No
CUST-10391,Male,0,No,No,10,Month-to-month,No,No,No,Yes,No,Bank transfer,76.12,725.87,1,Yes
CUST-10392,Male,0,Yes,No,28,Two year,No,No,Yes,No,Yes,Mailed check,55.27,1509.87,2,No
CUST-10393,Female,0,Yes,Yes,41,Month-to-month,Fiber optic,Yes,Yes,No internet service,Yes,Credit card,34.7,1522.68,0,No
CUST-10394,Female,0,Yes,No,20,One year,DSL,No,No,No internet service,Yes,Mailed check,103.18,2067.0,2,Yes
CUST-10395,Female,0,Yes,No,17,Two year,Fiber optic,Yes,Yes,Yes,Yes,Credit card,47.31,814.26,0,Yes
CUST-10396,Male,0,Yes,No,19,Month-to-month,Fiber optic,No internet service,No internet service,No,Yes,Credit card,35.56,570.08,1,No
CUST-10397,Male,0,No,Yes,21,One year,DSL,No internet service,No internet service,Yes,Yes,Electronic check,70.7,1425.65,1,No
CUST-10398,Male,0,No,No,53,Month-to-month,Fiber optic,Yes,No internet service,No,No,Credit card,63.64,3370.71,2,No
CUST-10399,Male,0,No,No,36,Month-to-month,Fiber optic,No internet service,Yes,No,Yes,Electronic check,94.72,3385.01,2,No
CUST-10400,Female,0,Yes,Yes,34,Month-to-month,DSL,No internet service,No,No internet service,Yes,Mailed check,57.39,1957.91,2,No
CUST-10401,Female,0,No,Yes,11,Month-to-month,Fiber optic,No,No internet service,Yes,Yes,Credit card,57.6,639.59,1,No
CUST-10402,Male,1,No,Yes,39,Month-to-month,Fiber optic,No,No,No internet service,Yes,Electronic check,71.7,2826.32,0,Yes
CUST-10403,Female,0,Yes,No,70,Month-to-month,Fiber optic,Yes,Yes,No internet service,Yes,Bank transfer,68.99,4735.84,0,No
CUST-10404,Male,0,No,Yes,54,Month-to-month,DSL,No internet service,No internet service,No,Yes,Credit card,69.6,3703.14,3,No
CUST-10405,Female,0,Yes,No,32,Month-to-month,No,Yes,Yes,No,Yes,Mailed check,70.44,2249.1,1,No
CUST-10406,Male,0,No,No,22,One year,Fiber optic,No internet service,No internet service,No,Yes,Electronic check,68.29,1470.01,0,No
CUST-10407,Male,0,Yes,Yes,25,Month-to-month,Fiber optic,No,Yes,Yes,No,Electronic check,56.67,1401.24,1,No
CUST-10408,Female,0,Yes,No,1,Two year,Fiber optic,No internet service,No internet service,No internet service,Yes,Bank transfer,81.65,87.1,0,No
CUST-10409,Male,1,Yes,Yes,2,Two year,Fiber optic,No,Yes,No,Yes,Electronic check,57.8,78.35,0,Yes
CUST-10410,Male,0,No,Yes,56,One year,Fiber optic,No internet service,No internet service,Yes,No,Electronic check,81.09,4550.65,1,Yes
CUST-10411,Male,0,Yes,No,61,One year,DSL,No,No,No,No,Credit card,92.76,5685.56,4,No
CUST-10412,Male,1,No,No,70,One year,No,No,Yes,No internet service,No,Bank transfer,51.45,3604.75,1,No
CUST-10413,Male,0,Yes,No,45,One year,DSL,No,No internet service,No internet service,Yes,Mailed check,113.09,5125.09,2,No
CUST-10414,Male,0,No,No,67,Two year,No,No internet service,No internet service,Yes,No,Electronic check,50.75,3291.6,3,No
CUST-10415,Female,0,Yes,Yes,30,Two year,Fiber optic,No,No internet service,No internet service,Yes,Credit card,50.89,1497.4,2,No
CUST-10416,Female,0,Yes,No,18,Month-to-month,DSL,No,No,No internet service,No,Bank transfer,75.8,1409.02,1,No
CUST-10417,Male,0,Yes,Yes,17,One year,Fiber optic,No,Yes,Yes,No,Electronic check,73.83,1211.89,1,No
CUST-10418,Male,0,Yes,No,17,Two year,DSL,No,Yes,No,Yes,Credit card,66.44,1079.48,1,No
CUST-10419,Female,1,Yes,No,54,Month-to-month,No,No,Yes,No internet service,No,Electronic check,81.37,4387.67,1,Yes
CUST-10420,Female,0,Yes,No,0,Month-to-month,Fiber optic,No,Yes,Yes,No,Bank transfer,70.05,0.0,2,Yes
CUST-10421,Female,0,No,No,69,One year,Fiber optic,Yes,Yes,No,Yes,Bank transfer,106.31,7308.66,1,No
CUST-10422,Female,0,Yes,No,56,One year,Fiber optic,No internet service,No,No,Yes,Mailed check,63.94,3672.82,1,No
CUST-10423,Female,0,Yes,No,27,Month-to-month,No,No,No internet service,Yes,No,Credit card,47.91,1307.89,1,No
CUST-10424,Male,0,Yes,Yes,51,Month-to-month,Fiber optic,No internet service,No,Yes,Yes,Bank transfer,53.97,,5,Yes
CUST-10425,Male,0,No,Yes,9,Month-to-month,Fiber optic,No,Yes,No,Yes,Mailed check,74.43,597.89,1,No
CUST-10426,Female,0,Yes,Yes,31,One year,Fiber optic,No,No,Yes,Yes,Electronic check,74.72,2336.6,0,Yes
CUST-10427,Female,0,No,No,7,Two year,DSL,No,Yes,Yes,No,Mailed check,69.13,437.58,2,No
CUST-10428,Male,0,Yes,No,8,Two year,Fiber optic,No internet service,No,Yes,No,Mailed check,48.01,491.71,2,No
CUST-10429,Female,0,No,Yes,0,Month-to-month,Fiber optic,Yes,No internet service,Yes,Yes,Bank transfer,87.17,21.4,2,Yes
CUST-10430,Male,0,Yes,No,58,Month-to-month,No,No,Yes,No,No,Mailed check,103.74,6044.92,0,No
CUST-10431,Female,0,Yes,No,54,One year,Fiber optic,Yes,No internet service,Yes,No,Electronic check,65.58,3553.75,1,No
CUST-10432,Female,0,No,Yes,65,One year,Fiber optic,No internet service,Yes,No,Yes,Bank transfer,101.21,6634.73,2,No
CUST-10433,Male,0,Yes,No,71,Month-to-month,Fiber optic,No,No internet service,No internet service,Yes,Mailed check,82.33,5725.66,2,No
CUST-10434,Male,0,Yes,No,70,Month-to-month,Fiber optic,No internet service,Yes,No,Yes,Mailed check,109.37,7595.74,2,No
CUST-10435,Male,0,No,No,72,Month-to-month,Fiber optic,Yes,Yes,No internet service,No,Bank transfer,74.45,,3,No
CUST-10436,Female,0,Yes,No,1,One year,No,Yes,No,Yes,Yes,Credit card,67.73,142.76,1,No
CUST-10437,Female,0,No,No,57,One year,DSL,No,No,No internet service,Yes,Electronic check,81.85,4603.69,5,No
CUST-10438,Male,0,Yes,No,52,Month-to-month,Fiber optic,Yes,No,Yes,Yes,Credit card,56.33,2838.23,0,No
CUST-10439,Male,0,Yes,No,11,Two year,No,No,Yes,Yes,Yes,Bank transfer,73.14,812.92,1,No
CUST-10440,Female,0,Yes,No,9,One year,Fiber optic,Yes,No internet service,No internet service,Yes,Bank transfer,91.61,,1,Yes
CUST-10441,Male,0,Yes,No,71,Two year,DSL,Yes,No internet service,No,No,Electronic check,81.39,5786.06,1,No
CUST-10442,Male,0,Yes,No,64,Month-to-month,Fiber optic,Yes,No internet service,No internet service,Yes,Bank transfer,64.38,4117.34,1,No
CUST-10443,Male,0,No,No,23,Month-to-month,DSL,No,No internet service,No internet service,No,Bank transfer,69.01,1494.64,0,No
CUST-10444,Female,0,No,Yes,5,Two year,DSL,No internet service,No internet service,No,No,Bank transfer,80.15,382.0,0,Yes
CUST-10445,Female,1,Yes,Yes,24,Two year,Fiber optic,No,Yes,Yes,No,Credit card,79.49,1896.46,0,No
CUST-10446,Male,0,No,No,0,Two year,No,Yes,No,No,Yes,Credit card,80.0,0.0,2,Yes
CUST-10447,Female,1,No,No,50,Two year,DSL,Yes,No internet service,No,No,Credit card,71.79,3493.56,1,No
CUST-10448,Female,0,No,No,27,Month-to-month,No,No internet service,Yes,No,No,Mailed check,48.51,1339.01,1,No
CUST-10449,Male,1,Yes,No,3,Month-to-month,Fiber optic,No internet service,No,Yes,Yes,Bank transfer,51.7,198.39,3,No
CUST-10450,Female,1,No,Yes,71,Month-to-month,No,No,Yes,No internet service,Yes,Electronic check,74.22,5229.89,1,No
CUST-10451,Female,0,Yes,Yes,60,Two year,Fiber optic,No,No internet service,No,Yes,Bank transfer,81.63,4888.5,3,No
CUST-10452,Male,0,No,No,66,Month-to-month,No,No,No internet service,No internet service,No,Electronic check,79.04,5191.79,2,No
CUST-10453,Male,1,No,Yes,72,One year,No,No internet service,Yes,No,Yes,Mailed check,51.5,3683.64,1,No
CUST-10454,Female,1,Yes,No,1,Two year,No,No internet service,No internet service,No,No,Bank transfer,61.98,86.64,3,No
CUST-10455,Female,1,Yes,No,56,Two year,Fiber optic,Yes,No,Yes,No,Mailed check,41.51,2350.43,0,No
CUST-10456,Male,0,Yes,No,57,Two year,DSL,No,No internet service,No internet service,No,Credit card,37.17,2172.43,2,No
CUST-10457,Female,0,No,No,57,One year,Fiber optic,No internet service,Yes,Yes,No,Electronic check,66.63,3850.61,0,No
CUST-10458,Female,1,No,No,19,Month-to-month,Fiber optic,No,Yes,Yes,No,Credit card,92.16,1742.45,1,Yes
CUST-10459,Male,0,Yes,No,28,Two year,DSL,No internet service,No internet service,No internet service,Yes,Bank transfer,67.0,2018.11,2,No
CUST-10460,Female,0,Yes,Yes,67,Month-to-month,No,No internet service,No internet service,No,Yes,Mailed check,103.16,6989.22,4,No
CUST-10461,Male,0,Yes,No,4,Month-to-month,DSL,Yes,Yes,No,No,Electronic check,61.72,213.97,1,No
CUST-10462,Female,0,Yes,No,46,Two year,No,No,Yes,Yes,Yes,Electronic check,65.62,3024.85,1,Yes
CUST-10463,Male,0,No,Yes,57,One year,Fiber optic,No,No,Yes,No,Mailed check,45.18,2475.97,1,No
CUST-10464,Male,0,Yes,No,58,Month-to-month,No,Yes,Yes,No,Yes,Bank transfer,58.06,3368.84,1,No
CUST-10465,Female,0,Yes,No,43,Month-to-month,No,No,No internet service,Yes,Yes,Bank transfer,41.2,1855.28,3,No
CUST-10466,Male,0,No,Yes,55,Month-to-month,Fiber optic,Yes,No internet service,No,No,Mailed check,34.09,2014.02,0,Yes
CUST-10467,Female,1,Yes,No,66,Two year,Fiber optic,No,No internet service,No internet service,No,Bank transfer,41.54,2735.58,3,No
CUST-10468,Male,0,No,No,55,One year,DSL,No,No,No,No,Bank transfer,66.71,3685.79,2,No
CUST-10469,Female,0,No,No,8,Month-to-month,No,No,No,No,Yes,Mailed check,50.27,432.43,1,Yes
CUST-10470,Female,0,Yes,No,17,One year,No,No,No,Yes,Yes,Mailed check,55.0,1033.99,3,No
CUST-10471,Female,1,No,No,22,Two year,DSL,No internet service,No internet service,No,No,Mailed check,73.2,1561.25,3,Yes
CUST-10472,Male,0,No,No,25,Two year,DSL,No internet service,No,No internet service,No,Bank transfer,34.02,983.28,2,No
CUST-10473,Male,0,No,No,26,Month-to-month,Fiber optic,No internet service,No,No,Yes,Bank transfer,66.62,1716.27,1,Yes
CUST-10474,Female,0,Yes,Yes,16,One year,DSL,Yes,No,No internet service,No,Electronic check,81.96,1252.85,2,No
CUST-10475,Female,0,Yes,Yes,49,Month-to-month,No,No internet service,No,No internet service,Yes,Credit card,83.69,4085.05,1,No
CUST-10476,Female,0,Yes,No,8,Month-to-month,DSL,No internet service,No internet service,No internet service,No,Electronic check,75.33,562.16,1,Yes
CUST-10477,Male,1,Yes,No,57,Month-to-month,No,No internet service,No,No,Yes,Bank transfer,63.96,3666.68,0,No
CUST-10478,Female,0,Yes,Yes,48,Month-to-month,No,No internet service,No internet service,Yes,No,Electronic check,52.53,,2,No
CUST-10479,Male,0,No,No,70,One year,No,No internet service,Yes,Yes,Yes,Mailed check,63.35,4441.58,2,No
CUST-10480,Male,1,No,No,0,Month-to-month,Fiber optic,No internet service,No,No internet service,No,Bank transfer,98.07,33.2,1,Yes
CUST-10481,Female,0,Yes,No,21,Month-to-month,DSL,No internet service,No,No,No,Credit card,70.46,1553.8,2,No
CUST-10482,Male,1,Yes,No,65,Month-to-month,No,No,No internet service,No internet service,Yes,Bank transfer,62.86,4119.93,5,No
CUST-10483,Female,0,Yes,No,36,Month-to-month,Fiber optic,No,Yes,No internet service,Yes,Electronic check,76.27,2816.78,0,No
CUST-10484,Male,0,Yes,No,40,One year,No,No,Yes,No,Yes,Credit card,65.99,2609.32,4,No
CUST-10485,Male,1,No,No,2,Month-to-month,Fiber optic,No internet service,No,Yes,No,Mailed check,69.52,158.75,3,Yes
CUST-10486,Male,0,Yes,Yes,55,Month-to-month,DSL,No,No internet service,No internet service,No,Mailed check,60.07,3192.39,0,No
CUST-10487,Female,0,Yes,No,18,Two year,No,No,No,Yes,Yes,Electronic check,56.7,1014.9,1,No
CUST-10488,Female,1,No,Yes,70,Month-to-month,No,No internet service,No,No,Yes,Bank transfer,84.92,5963.74,1,Yes
CUST-10489,Female,0,Yes,No,27,Two year,DSL,Yes,Yes,Yes,No,Mailed check,25.99,725.59,3,Yes
CUST-10490,Female,0,Yes,Yes,13,One year,Fiber optic,No internet service,No internet service,Yes,Yes,Electronic check,74.57,890.71,2,Yes
CUST-10491,Female,0,Yes,No,43,One year,DSL,No,No internet service,No,Yes,Bank transfer,55.46,2365.27,2,No
CUST-10492,Female,0,No,No,34,One year,Fiber optic,No internet service,Yes,No,No,Electronic check,26.9,902.06,2,No
CUST-10493,Female,0,Yes,Yes,34,Month-to-month,Fiber optic,Yes,No internet service,No,No,Bank transfer,45.51,1525.89,1,Yes
CUST-10494,Male,0,No,No,69,Two year,Fiber optic,Yes,Yes,No,Yes,Bank transfer,64.28,4471.57,1,No
CUST-10495,Male,0,No,Yes,26,Two year,DSL,No internet service,No,No,Yes,Credit card,67.03,1731.94,0,Yes
CUST-10496,Male,0,Yes,No,29,Month-to-month,DSL,No internet service,No internet service,Yes,No,Bank transfer,79.8,2319.17,1,Yes
CUST-10497,Male,0,No,No,45,One year,Fiber optic,No,No internet service,Yes,Yes,Bank transfer,81.16,3627.72,1,No
CUST-10498,Female,1,No,No,12,Month-to-month,DSL,No,Yes,No internet service,No,Electronic check,34.07,462.08,1,No
CUST-10499,Male,0,Yes,No,60,Two year,Fiber optic,No,Yes,No internet service,Yes,Electronic check,72.55,4409.96,1,No
CUST-10500,Male,1,No,No,16,Two year,Fiber optic,No,No internet service,No,Yes,Bank transfer,79.57,1257.7,2,No
CUST-10501,Female,0,Yes,No,17,Month-to-month,Fiber optic,Yes,Yes,Yes,Yes,Bank transfer,69.38,1321.99,3,Yes
CUST-10502,Female,1,Yes,No,0,Two year,Fiber optic,No,No internet service,No internet service,No,Bank transfer,75.05,0.0,1,No
CUST-10503,Female,0,No,No,25,Two year,DSL,No,Yes,No internet service,No,Bank transfer,26.35,709.11,3,Yes
CUST-10504,Male,0,Yes,No,42,One year,DSL,Yes,Yes,Yes,Yes,Credit card,45.2,1850.85,2,No
CUST-10505,Male,1,Yes,Yes,51,Month-to-month,No,No,No,Yes,Yes,Bank transfer,92.32,4746.97,3,No
CUST-10506,Female,0,Yes,No,65,Two year,No,No internet service,No internet service,Yes,Yes,Electronic check,59.41,,2,No
CUST-10507,Male,0,Yes,Yes,56,One year,No,No internet service,Yes,No internet service,No,Mailed check,109.46,6079.17,2,No
CUST-10508,Male,0,No,No,23,Month-to-month,No,No,No internet service,No internet service,No,Mailed check,39.43,900.36,0,No
CUST-10509,Male,0,No,No,60,Two year,Fiber optic,No,No internet service,No,No,Bank transfer,96.28,5870.19,1,No
CUST-10510,Female,0,Yes,No,14,One year,No,Yes,Yes,Yes,No,Bank transfer,52.79,698.34,2,Yes
CUST-10511,Female,0,No,Yes,15,Two year,Fiber optic,No,Yes,No,Yes,Bank transfer,82.25,1253.84,2,Yes
CUST-10512,Female,0,Yes,Yes,26,One year,Fiber optic,No,No,Yes,No,Bank transfer,59.09,1553.11,1,No
CUST-10513,Female,0,Yes,No,39,Month-to-month,No,Yes,No,Yes,Yes,Mailed check,67.31,2622.98,4,No
CUST-10514,Female,0,No,Yes,14,Two year,Fiber optic,Yes,Yes,Yes,Yes,Electronic check,76.91,990.18,3,Yes
CUST-10515,Male,0,No,No,65,One year,Fiber optic,No,No,Yes,Yes,Credit card,52.73,3468.88,2,No
CUST-10516,Female,0,Yes,No,19,Month-to-month,Fiber optic,No internet service,No internet service,Yes,No,Mailed check,81.02,1539.96,2,No
CUST-10517,Male,0,Yes,No,28,Month-to-month,DSL,No,Yes,No internet service,No,Electronic check,59.68,1726.23,0,Yes
CUST-10518,Male,0,No,Yes,44,Month-to-month,Fiber optic,No internet service,Yes,No,Yes,Credit card,68.56,3028.23,1,Yes
CUST-10519,Female,0,No,No,31,One year,No,No internet service,No internet service,No,No,Electronic check,18.0,561.22,4,Yes
CUST-10520,Male,0,Yes,No,29,Month-to-month,Fiber optic,No internet service,No,No,No,Mailed check,58.25,,2,No
CUST-10521,Male,0,No,No,71,Two year,DSL,No internet service,No internet service,No internet service,No,Bank transfer,90.27,6359.79,0,No
CUST-10522,Male,0,No,Yes,31,Two year,Fiber optic,No,No,No internet service,Yes,Mailed check,78.89,2523.5,1,No
CUST-10523,Female,0,No,Yes,8,One year,Fiber optic,No internet service,No internet service,No,No,Credit card,82.73,643.07,0,No
CUST-10524,Male,0,Yes,No,53,Month-to-month,Fiber optic,Yes,No internet service,No internet service,No,Mailed check,66.07,3483.58,1,No
CUST-10525,Male,0,No,No,51,One year,Fiber optic,Yes,No,No,No,Bank transfer,98.53,5089.64,1,Yes
CUST-10526,Female,0,No,No,15,Month-to-month,Fiber optic,No,No,Yes,Yes,Mailed check,70.77,1073.92,2,Yes
CUST-10527,Male,0,No,Yes,62,Two year,Fiber optic,Yes,No,No internet service,No,Mailed check,51.8,3199.78,1,No
CUST-10528,Female,0,Yes,No,28,Month-to-month,Fiber optic,No internet service,Yes,No internet service,No,Mailed check,82.1,2319.49,1,No
CUST-10529,Female,0,Yes,Yes,11,Two year,Fiber optic,No internet service,No,No,Yes,Credit card,83.45,949.25,1,No
CUST-10530,Female,0,No,Yes,12,Month-to-month,Fiber optic,Yes,No,No,No,Credit card,77.59,925.16,2,Yes
CUST-10531,Male,0,Yes,No,52,Month-to-month,Fiber optic,No internet service,No internet service,No internet service,Yes,Mailed check,56.94,3007.0,1,No
CUST-10532,Male,0,No,No,15,Two year,DSL,Yes,No internet service,No,No,Mailed check,70.63,995.92,1,No
CUST-10533,Male,0,No,Yes,34,Month-to-month,Fiber optic,Yes,No,No,Yes,Mailed check,92.87,3170.67,5,Yes
CUST-10534,Female,0,Yes,No,53,Two year,Fiber optic,No internet service,No internet service,No internet service,Yes,Bank transfer,74.55,3991.16,2,Yes
CUST-10535,Male,0,No,Yes,62,Two year,Fiber optic,No internet service,No,Yes,Yes,Bank transfer,35.44,2228.37,4,No
CUST-10536,Male,1,No,Yes,35,Month-to-month,No,No internet service,No,No,Yes,Bank transfer,52.42,1722.65,3,No
CUST-10537,Male,0,Yes,No,66,Month-to-month,DSL,No,Yes,No internet service,Yes,Mailed check,51.49,3392.01,0,No
CUST-10538,Female,0,No,No,22,One year,No,No,Yes,Yes,Yes,Mailed check,49.91,1037.32,1,No
CUST-10539,Male,0,No,No,63,Two year,DSL,Yes,No internet service,Yes,Yes,Bank transfer,22.77,1498.8,2,No
CUST-10540,Female,0,Yes,No,18,Two year,Fiber optic,No internet service,Yes,No,No,Credit card,102.81,1831.05,3,No
CUST-10541,Male,0,No,Yes,4,Month-to-month,No,No internet service,Yes,Yes,Yes,Credit card,47.47,248.62,3,No
CUST-10542,Male,0,Yes,No,52,One year,Fiber optic,No,Yes,No,Yes,Electronic check,48.92,2482.99,1,No
CUST-10543,Male,1,Yes,No,55,Month-to-month,No,No internet service,No internet service,Yes,Yes,Electronic check,26.17,1458.88,2,No
CUST-10544,Female,1,No,Yes,67,One year,No,No,Yes,No,Yes,Bank transfer,82.33,5516.51,4,No
CUST-10545,Male,0,Yes,No,67,Two year,DSL,No internet service,Yes,No,Yes,Electronic check,63.18,4371.26,3,No
CUST-10546,Male,0,Yes,Yes,7,Two year,No,No,No,Yes,No,Bank transfer,57.98,464.76,0,No
CUST-10547,Female,0,Yes,No,45,Month-to-month,No,Yes,No,No,Yes,Mailed check,59.04,2712.49,1,Yes
CUST-10548,Female,0,No,No,51,Month-to-month,Fiber optic,No,No internet service,Yes,Yes,Electronic check,76.76,4016.15,2,No
CUST-10549,Female,0,Yes,Yes,43,Month-to-month,DSL,No,Yes,Yes,Yes,Bank transfer,55.4,2396.39,0,No
CUST-10550,Female,1,No,No,1,Month-to-month,DSL,Yes,No,No,Yes,Bank transfer,25.22,20.24,2,Yes
CUST-10551,Male,0,Yes,Yes,3,Month-to-month,No,No internet service,Yes,Yes,No,Bank transfer,39.17,106.83,0,Yes
CUST-10552,Female,0,Yes,No,48,Two year,No,Yes,Yes,No internet service,No,Credit card,38.13,1846.63,2,No
CUST-10553,Male,1,Yes,Yes,62,Month-to-month,No,No internet service,Yes,Yes,Yes,Credit card,70.51,4233.11,3,Yes
CUST-10554,Female,0,Yes,Yes,13,Month-to-month,Fiber optic,No internet service,Yes,No,Yes,Mailed check,83.6,1086.92,1,Yes
CUST-10555,Female,0,Yes,No,3,One year,DSL,No,No internet service,Yes,No,Bank transfer,94.32,294.3,2,No
CUST-10556,Female,1,No,No,29,Month-to-month,Fiber optic,No,No internet service,No,Yes,Credit card,32.3,928.91,0,No
CUST-10557,Female,0,Yes,Yes,22,Month-to-month,Fiber optic,No,Yes,Yes,Yes,Credit card,77.41,1626.47,0,Yes
CUST-10558,Female,0,No,No,71,Two year,DSL,No internet service,No,No internet service,No,Bank transfer,52.7,3734.21,0,No
CUST-10559,Female,0,No,Yes,67,Month-to-month,DSL,Yes,Yes,Yes,No,Electronic check,120.0,7963.32,1,No
CUST-10560,Female,1,No,No,40,Month-to-month,DSL,No,No internet service,No,Yes,Mailed check,92.67,3795.49,1,Yes
CUST-10561,Male,0,Yes,No,69,One year,DSL,No,Yes,No internet service,No,Electronic check,99.04,6820.89,2,Yes
CUST-10562,Male,0,No,Yes,16,Month-to-month,Fiber optic,Yes,No,No,Yes,Electronic check,81.05,1193.66,2,No
CUST-10563,Male,0,No,No,72,Month-to-month,Fiber optic,No internet service,Yes,No internet service,Yes,Mailed check,72.64,5219.75,0,No
CUST-10564,Female,0,No,No,32,Month-to-month,Fiber optic,No,No,Yes,No,Mailed check,56.95,1867.17,3,No
CUST-10565,Male,1,No,No,34,Month-to-month,Fiber optic,Yes,No internet service,Yes,No,Credit card,53.01,1811.14,1,No
CUST-10566,Male,0,Yes,No,3,Two year,No,Yes,No,No internet service,No,Mailed check,49.0,101.31,0,No
CUST-10567,Male,1,No,No,12,Month-to-month,Fiber optic,Yes,No,Yes,No,Electronic check,77.35,894.29,1,Yes
CUST-10568,Female,0,Yes,No,14,Month-to-month,Fiber optic,No,No internet service,No,No,Electronic check,96.21,1332.6,2,Yes
CUST-10569,Female,0,No,No,35,Month-to-month,Fiber optic,No,No internet service,Yes,No,Electronic check,57.86,2003.12,1,No
CUST-10570,Female,1,No,No,13,Two year,Fiber optic,No,Yes,No,Yes,Mailed check,50.55,594.17,1,Yes
CUST-10571,Male,0,No,No,7,Month-to-month,Fiber optic,No,No,No,Yes,Mailed check,35.33,243.93,0,Yes
CUST-10572,Male,0,Yes,No,44,Two year,Fiber optic,No,No,No internet service,No,Mailed check,69.89,3008.47,2,No
CUST-10573,Male,1,Yes,No,63,Month-to-month,Fiber optic,No,No,No,Yes,Mailed check,89.59,5691.62,1,No
CUST-10574,Male,0,No,No,5,Two year,Fiber optic,Yes,No,No internet service,No,Mailed check,90.59,506.51,0,No
CUST-10575,Male,0,No,No,40,Month-to-month,Fiber optic,Yes,No internet service,No internet service,Yes,Bank transfer,92.57,,4,No
CUST-10576,Female,1,Yes,No,70,Month-to-month,DSL,No internet service,No internet service,No internet service,Yes,Electronic check,73.31,5095.87,1,No
CUST-10577,Female,0,Yes,No,29,Month-to-month,Fiber optic,No internet service,Yes,No internet service,No,Credit card,66.8,1916.05,2,No
CUST-10578,Female,0,Yes,No,13,Month-to-month,Fiber optic,Yes,No internet service,No,No,Mailed check,90.65,1176.87,2,Yes
CUST-10579,Male,0,No,No,5,One year,Fiber optic,Yes,No internet service,No,Yes,Electronic check,42.8,226.84,2,No
CUST-10580,Male,0,Yes,No,68,One year,Fiber optic,No,No,Yes,Yes,Electronic check,56.18,3843.39,3,No
CUST-10581,Female,0,Yes,No,29,One year,DSL,No,No,Yes,No,Bank transfer,99.22,2899.37,2,Yes
CUST-10582,Male,0,No,No,7,Month-to-month,DSL,No,Yes,No,No,Bank transfer,43.51,382.26,1,No
CUST-10583,Male,0,Yes,Yes,63,One year,Fiber optic,No,No,No,Yes,Electronic check,64.31,4054.55,1,No
CUST-10584,Male,0,No,No,58,Month-to-month,Fiber optic,Yes,Yes,Yes,Yes,Mailed check,77.63,4437.42,0,No
CUST-10585,Female,0,Yes,Yes,51,Two year,DSL,No,No internet service,No internet service,Yes,Electronic check,66.65,3318.69,1,No
CUST-10586,Female,0,No,Yes,6,One year,DSL,No internet service,Yes,No internet service,Yes,Credit card,87.99,609.73,1,No
CUST-10587,Male,0,No,No,6,One year,DSL,No,No,Yes,Yes,Mailed check,95.51,598.54,2,No
CUST-10588,Female,0,No,No,15,Two year,Fiber optic,No internet service,No,Yes,No,Credit card,74.59,1129.17,0,No
CUST-10589,Female,0,Yes,No,11,One year,DSL,No internet service,No internet service,No internet service,Yes,Bank transfer,92.8,1043.25,1,No
CUST-10590,Female,0,Yes,Yes,38,One year,Fiber optic,No internet service,No internet service,Yes,Yes,Credit card,46.43,1772.35,0,No
CUST-10591,Female,1,Yes,No,28,Month-to-month,Fiber optic,No,No internet service,Yes,Yes,Bank transfer,61.85,1753.46,1,Yes
CUST-10592,Male,0,No,No,55,One year,No,No,Yes,Yes,Yes,Electronic check,113.1,6201.87,2,No
CUST-10593,Female,0,Yes,No,7,Month-to-month,Fiber optic,No,Yes,No internet service,Yes,Bank transfer,103.86,779.78,1,Yes
CUST-10594,Male,1,Yes,No,53,Month-to-month,DSL,Yes,No,Yes,Yes,Mailed check,39.46,2065.14,2,No
CUST-10595,Female,0,Yes,No,68,Two year,Fiber optic,No,No,Yes,Yes,Credit card,64.74,4357.16,1,No
CUST-10596,Female,0,No,Yes,9,Month-to-month,Fiber optic,Yes,Yes,No,No,Mailed check,67.72,524.94,1,No
CUST-10597,Female,0,No,Yes,47,One year,DSL,No,No internet service,No,Yes,Electronic check,73.33,3434.62,1,Yes
CUST-10598,Female,0,No,Yes,37,Month-to-month,No,Yes,Yes,No internet service,Yes,Electronic check,90.48,3411.14,0,Yes
CUST-10599,Female,0,No,No,6,Month-to-month,Fiber optic,No,Yes,Yes,No,Bank transfer,101.78,587.81,0,Yes
CUST-10600,Female,0,No,Yes,21,Two year,DSL,No internet service,No internet service,Yes,Yes,Electronic check,65.75,1311.82,6,No
CUST-10601,Female,0,Yes,Yes,57,Month-to-month,DSL,No,No internet service,No,Yes,Bank transfer,87.44,4998.32,1,No
CUST-10602,Female,0,Yes,Yes,63,One year,No,No internet service,No,No,No,Electronic check,77.96,4878.93,0,No
CUST-10603,Male,1,Yes,Yes,26,One year,No,No,Yes,No,Yes,Electronic check,64.58,1756.49,2,Yes
CUST-10604,Female,0,Yes,No,7,Two year,No,No internet service,Yes,Yes,Yes,Bank transfer,31.04,271.01,1,No
CUST-10605,Female,0,Yes,Yes,17,Month-to-month,DSL,Yes,Yes,No,No,Mailed check,85.37,1387.75,4,No
CUST-10606,Male,0,Yes,No,61,Two year,Fiber optic,No internet service,No,No internet service,Yes,Bank transfer,77.1,4694.41,2,No
CUST-10607,Female,1,Yes,Yes,41,Month-to-month,DSL,No internet service,No,No internet service,No,Electronic check,72.79,2946.63,1,Yes
CUST-10608,Female,0,Yes,Yes,31,Month-to-month,Fiber optic,No internet service,No,No internet service,Yes,Electronic check,45.37,1348.44,2,Yes
CUST-10609,Female,0,No,Yes,0,Month-to-month,Fiber optic,Yes,No internet service,Yes,Yes,Electronic check,104.18,0.0,0,No
CUST-10610,Female,0,No,No,57,Month-to-month,No,No internet service,No internet service,No internet service,Yes,Mailed check,68.05,3919.76,1,No
CUST-10611,Male,0,No,Yes,33,Month-to-month,Fiber optic,No internet service,No internet service,No internet service,Yes,Mailed check,42.17,1387.52,1,No
CUST-10612,Female,0,Yes,No,39,Month-to-month,Fiber optic,Yes,Yes,No,Yes,Mailed check,38.95,,1,Yes
CUST-10613,Male,0,Yes,Yes,61,Month-to-month,DSL,No,No,Yes,Yes,Electronic check,78.55,4681.24,1,Yes
CUST-10614,Female,0,No,No,41,One year,Fiber optic,No,Yes,No,Yes,Mailed check,79.14,3211.45,0,No
CUST-10615,Female,1,No,Yes,67,Month-to-month,DSL,Yes,Yes,No internet service,Yes,Credit card,55.74,3762.17,4,Yes
CUST-10616,Male,0,Yes,No,40,Month-to-month,No,No,No internet service,No,Yes,Electronic check,74.25,2902.9,1,No
CUST-10617,Male,0,Yes,No,25,Month-to-month,DSL,No,No,Yes,Yes,Credit card,78.35,2022.88,1,Yes
CUST-10618,Male,0,Yes,Yes,67,Month-to-month,Fiber optic,Yes,No internet service,Yes,No,Mailed check,67.8,4513.42,2,No
CUST-10619,Male,0,No,Yes,46,One year,DSL,No,Yes,No,Yes,Bank transfer,50.97,2354.31,0,No
CUST-10620,Male,0,Yes,No,55,Two year,Fiber optic,No,No internet service,No internet service,No,Bank transfer,84.23,4612.69,1,No
CUST-10621,Male,0,No,Yes,16,One year,DSL,No internet service,Yes,No,Yes,Bank transfer,81.75,1249.18,2,No
CUST-10622,Male,0,Yes,Yes,48,One year,Fiber optic,Yes,Yes,No internet service,Yes,Credit card,76.35,3686.81,0,Yes
CUST-10623,Male,0,No,No,40,Month-to-month,Fiber optic,No internet service,Yes,No internet service,No,Credit card,48.33,1903.3,1,No
CUST-10624,Female,0,No,Yes,7,Two year,Fiber optic,No internet service,Yes,No internet service,No,Electronic check,38.38,227.01,1,No
CUST-10625,Male,0,No,No,18,Month-to-month,No,No internet service,No,No,Yes,Mailed check,66.53,1078.73,2,Yes
CUST-10626,Male,0,Yes,No,66,Month-to-month,DSL,Yes,Yes,No internet service,Yes,Bank transfer,83.59,5582.07,1,No
CUST-10627,Male,0,No,No,41,Month-to-month,Fiber optic,No,Yes,Yes,No,Bank transfer,85.81,3518.52,1,Yes
CUST-10628,Female,0,No,Yes,56,Month-to-month,No,No,No internet service,Yes,Yes,Credit card,76.69,4349.97,2,No
CUST-10629,Male,0,Yes,No,12,Two year,DSL,No internet service,Yes,No internet service,Yes,Bank transfer,55.99,702.89,3,No
CUST-10630,Female,0,Yes,No,15,Month-to-month,No,No internet service,No,No internet service,Yes,Mailed check,48.92,789.12,1,Yes
CUST-10631,Male,0,Yes,Yes,68,Month-to-month,No,No,No internet service,Yes,Yes,Credit card,64.66,4368.67,1,No
CUST-10632,Male,1,Yes,No,30,Month-to-month,No,Yes,No,No,No,Bank transfer,64.85,1876.88,1,No
CUST-10633,Male,1,Yes,No,64,Two year,Fiber optic,No internet service,Yes,Yes,No,Credit card,87.15,5615.73,1,No
CUST-10634,Male,0,No,No,59,One year,Fiber optic,No,Yes,Yes,Yes,Bank transfer,55.41,3275.7,0,No
CUST-10635,Female,0,No,Yes,24,Two year,Fiber optic,Yes,No internet service,No,Yes,Electronic check,57.07,1346.36,1,No
CUST-10636,Male,0,No,Yes,69,Two year,Fiber optic,No internet service,No internet service,No,Yes,Credit card,106.1,7358.04,0,No
CUST-10637,Male,0,No,No,56,Two year,No,No internet service,No,No internet service,No,Bank transfer,96.02,5392.53,0,No
CUST-10638,Female,0,No,No,9,Month-to-month,DSL,No,No internet service,No internet service,No,Electronic check,47.34,458.01,2,Yes
CUST-10639,Female,1,No,No,6,Month-to-month,Fiber optic,No,Yes,No internet service,Yes,Mailed check,94.38,515.16,1,Yes
CUST-10640,Female,1,Yes,Yes,9,Month-to-month,Fiber optic,No,Yes,Yes,No,Mailed check,42.56,431.92,0,No
CUST-10641,Female,0,No,No,54,Month-to-month,DSL,Yes,No internet service,No internet service,Yes,Mailed check,56.32,3041.05,1,No
CUST-10642,Female,0,Yes,Yes,10,One year,Fiber optic,No internet service,No internet service,No,Yes,Bank transfer,58.6,640.24,3,No
CUST-10643,Male,0,Yes,No,20,Month-to-month,Fiber optic,No internet service,No,Yes,Yes,Bank transfer,63.45,1317.41,1,No
CUST-10644,Female,0,Yes,No,31,Month-to-month,Fiber optic,No internet service,No,No,Yes,Electronic check,77.4,2433.71,1,Yes
CUST-10645,Male,1,No,Yes,9,One year,No,No internet service,No internet service,Yes,Yes,Bank transfer,67.13,598.61,2,No
CUST-10646,Male,0,Yes,Yes,24,Month-to-month,Fiber optic,No,No,No,No,Mailed check,77.29,1890.44,0,Yes
CUST-10647,Female,1,No,Yes,49,Month-to-month,No,No internet service,No,No internet service,Yes,Electronic check,56.96,2846.58,0,Yes
CUST-10648,Female,0,No,No,70,Month-to-month,Fiber optic,No internet service,No,No internet service,Yes,Credit card,72.48,5103.94,0,No
CUST-10649,Female,0,Yes,No,34,One year,No,Yes,No,Yes,No,Mailed check,66.58,2273.85,0,No
CUST-10650,Male,0,Yes,No,54,Month-to-month,DSL,No,No,Yes,No,Electronic check,37.23,2046.01,2,Yes
CUST-10651,Female,0,Yes,No,38,Month-to-month,Fiber optic,No,No,No,Yes,Bank transfer,74.66,2810.79,0,Yes
CUST-10652,Male,0,No,No,34,Month-to-month,No,No,No internet service,Yes,Yes,Credit card,66.92,2350.98,1,Yes
CUST-10653,Female,0,Yes,No,37,One year,DSL,No internet service,No,No internet service,No,Electronic check,50.72,1792.55,1,Yes
CUST-10654,Female,0,No,No,69,Month-to-month,Fiber optic,No,Yes,Yes,Yes,Electronic check,56.5,3900.22,0,No
CUST-10655,Female,1,Yes,No,4,Month-to-month,Fiber optic,Yes,No,Yes,Yes,Credit card,56.99,207.66,0,Yes
CUST-10656,Female,0,No,No,37,Two year,Fiber optic,Yes,No,Yes,Yes,Bank transfer,60.1,2191.66,0,No
CUST-10657,Female,0,No,No,3,Two year,No,No internet service,Yes,No,Yes,Mailed check,100.18,315.8,4,No
CUST-10658,Male,0,No,No,63,Month-to-month,Fiber optic,No internet service,Yes,No internet service,No,Mailed check,106.81,6672.76,1,No
CUST-10659,Male,0,No,No,43,Month-to-month,No,No,Yes,No internet service,No,Bank transfer,18.0,881.6,1,No
CUST-10660,Male,0,Yes,No,3,Month-to-month,Fiber optic,No,Yes,No internet service,Yes,Bank transfer,74.76,156.67,1,No
CUST-10661,Female,0,No,No,45,One year,Fiber optic,Yes,Yes,No,No,Electronic check,84.1,3736.94,0,No
CUST-10662,Male,0,Yes,Yes,31,Month-to-month,No,Yes,No internet service,Yes,Yes,Mailed check,60.68,1828.8,1,Yes
CUST-10663,Male,0,Yes,No,3,Two year,Fiber optic,No internet service,No internet service,No internet service,No,Credit card,83.56,260.6,2,Yes
CUST-10664,Female,1,Yes,Yes,71,Two year,DSL,No,Yes,No internet service,Yes,Electronic check,98.08,7014.41,2,No
CUST-10665,Female,0,No,No,27,One year,Fiber optic,Yes,No,No,Yes,Credit card,37.56,1040.42,2,No
CUST-10666,Female,1,No,No,1,Month-to-month,Fiber optic,No,Yes,No internet service,Yes,Mailed check,67.68,141.3,5,Yes
CUST-10667,Female,0,No,No,44,Two year,Fiber optic,No internet service,No internet service,Yes,No,Electronic check,104.13,4540.36,2,No
CUST-10668,Female,0,Yes,Yes,27,One year,Fiber optic,No,No,No,Yes,Bank transfer,40.24,1119.42,3,No
CUST-10669,Male,0,Yes,No,47,One year,Fiber optic,No internet service,Yes,No internet service,Yes,Bank transfer,62.7,2931.72,0,No
CUST-10670,Female,0,No,No,11,Month-to-month,No,No,No,No,Yes,Mailed check,56.03,627.73,3,Yes
CUST-10671,Female,0,No,No,60,One year,DSL,No,No,No internet service,Yes,Credit card,86.04,5217.83,1,No
CUST-10672,Female,0,No,No,30,Two year,Fiber optic,No internet service,Yes,No internet service,Yes,Electronic check,88.82,2579.99,2,Yes
CUST-10673,Male,0,Yes,No,30,Two year,Fiber optic,No,Yes,No internet service,Yes,Electronic check,68.25,2147.05,2,Yes
CUST-10674,Female,0,Yes,No,58,One year,DSL,Yes,Yes,Yes,Yes,Bank transfer,65.64,3799.86,2,No
CUST-10675,Female,0,Yes,Yes,40,Month-to-month,Fiber optic,No,No internet service,No,No,Bank transfer,30.62,1144.47,2,No
CUST-10676,Female,0,No,No,0,Month-to-month,Fiber optic,No,No internet service,No,No,Bank transfer,93.46,0.0,2,Yes
CUST-10677,Male,0,Yes,No,42,One year,No,No,No internet service,No,Yes,Credit card,57.94,2438.6,0,No
CUST-10678,Female,0,No,Yes,47,Two year,Fiber optic,No,No,No internet service,Yes,Credit card,62.15,2886.4,1,No
CUST-10679,Female,1,Yes,No,22,One year,DSL,No internet service,No,Yes,Yes,Bank transfer,84.43,1755.07,2,Yes
CUST-10680,Female,0,Yes,No,13,Month-to-month,Fiber optic,No,Yes,Yes,Yes,Bank transfer,68.95,901.19,1,No
CUST-10681,Male,1,No,No,3,Month-to-month,No,Yes,No,Yes,No,Credit card,85.08,219.15,2,Yes
CUST-10682,Female,0,Yes,No,61,One year,Fiber optic,Yes,Yes,No internet service,Yes,Credit card,77.07,4733.83,0,Yes
CUST-10683,Female,0,Yes,No,0,Two year,DSL,No,No internet service,No internet service,No,Electronic check,69.08,0.0,0,No
CUST-10684,Male,0,No,Yes,42,Month-to-month,No,No internet service,No internet service,Yes,Yes,Bank transfer,71.21,3103.9,1,Yes
CUST-10685,Female,0,Yes,No,61,Month-to-month,DSL,Yes,Yes,No internet service,No,Credit card,42.54,2620.62,1,No
CUST-10686,Male,0,No,No,25,Two year,DSL,No,No internet service,Yes,No,Electronic check,62.02,1560.34,3,No
CUST-10687,Female,0,Yes,No,14,Month-to-month,Fiber optic,No,No,No,No,Credit card,86.68,1244.68,0,Yes
CUST-10688,Male,0,Yes,No,52,Month-to-month,Fiber optic,No internet service,No,Yes,No,Bank transfer,47.03,2354.48,2,No
CUST-10689,Female,1,Yes,No,46,Month-to-month,No,No internet service,No internet service,No internet service,Yes,Electronic check,50.69,2306.89,3,No
CUST-10690,Female,0,Yes,No,1,Month-to-month,DSL,Yes,No internet service,No internet service,Yes,Bank transfer,47.41,136.56,1,No
CUST-10691,Female,0,Yes,Yes,42,Month-to-month,Fiber optic,Yes,Yes,No,Yes,Mailed check,68.07,2842.93,1,No
CUST-10692,Female,0,No,No,0,One year,Fiber optic,No internet service,No internet service,No internet service,No,Mailed check,93.05,0.0,1,No
CUST-10693,Female,0,Yes,No,29,One year,No,Yes,No,No internet service,No,Bank transfer,75.94,2178.94,2,Yes
CUST-10694,Male,0,Yes,No,22,One year,No,No,Yes,Yes,Yes,Bank transfer,21.46,545.35,2,No
CUST-10695,Male,0,No,Yes,60,One year,Fiber optic,Yes,No internet service,No,No,Credit card,77.97,4665.97,1,No
CUST-10696,Female,0,Yes,No,71,Month-to-month,DSL,No internet service,No,Yes,Yes,Mailed check,56.16,3924.77,1,No
CUST-10697,Female,0,Yes,Yes,50,Month-to-month,DSL,Yes,Yes,No internet service,Yes,Electronic check,75.19,3888.44,1,Yes
CUST-10698,Male,0,No,No,53,Month-to-month,No,No,Yes,No,Yes,Credit card,62.01,,1,No
CUST-10699,Male,0,No,No,1,Month-to-month,Fiber optic,No,Yes,No internet service,Yes,Mailed check,47.79,42.92,0,Yes
CUST-10700,Female,0,Yes,Yes,4,One year,Fiber optic,Yes,Yes,No,Yes,Credit card,63.57,212.19,3,Yes
CUST-10701,Female,1,Yes,No,56,Month-to-month,No,No internet service,No,No,No,Credit card,56.17,3110.44,0,Yes
CUST-10702,Male,1,Yes,No,31,One year,No,No,No,Yes,Yes,Electronic check,71.15,2152.66,4,No
CUST-10703,Male,0,No,Yes,37,Month-to-month,Fiber optic,No,No internet service,No internet service,Yes,Mailed check,47.28,1722.36,2,No
CUST-10704,Male,0,Yes,No,50,Month-to-month,No,Yes,Yes,Yes,Yes,Electronic check,42.5,2174.2,0,No
CUST-10705,Female,0,No,No,25,Month-to-month,DSL,Yes,No,No,Yes,Bank transfer,79.64,1895.9,3,No
CUST-10706,Male,0,Yes,Yes,49,Month-to-month,Fiber optic,Yes,No,No,No,Credit card,87.18,4334.86,1,Yes
CUST-10707,Female,0,Yes,No,53,One year,No,No,No,No internet service,No,Bank transfer,76.6,4114.22,2,No
CUST-10708,Male,0,No,No,17,Two year,DSL,No internet service,No internet service,No,Yes,Mailed check,52.02,909.79,0,No
CUST-10709,Male,0,Yes,Yes,50,Month-to-month,DSL,No internet service,Yes,Yes,No,Credit card,50.2,2516.31,2,No
CUST-10710,Female,1,Yes,Yes,12,One year,Fiber optic,No internet service,No,Yes,No,Electronic check,51.35,630.03,3,Yes
CUST-10711,Female,0,No,No,22,One year,Fiber optic,No,Yes,Yes,No,Electronic check,82.81,1892.99,2,No
CUST-10712,Female,1,No,No,56,Month-to-month,DSL,Yes,No,No,Yes,Mailed check,48.5,2628.71,5,Yes
CUST-10713,Female,0,Yes,No,71,Month-to-month,DSL,Yes,Yes,No internet service,Yes,Credit card,82.68,5906.64,0,No
CUST-10714,Female,1,No,No,4,Month-to-month,DSL,No internet service,No internet service,No internet service,No,Credit card,77.74,273.65,2,Yes
CUST-10715,Female,0,No,No,47,Month-to-month,DSL,No internet service,Yes,No internet service,Yes,Bank transfer,89.75,4259.54,2,No
CUST-10716,Female,0,No,No,41,Two year,No,No,No internet service,No internet service,Yes,Credit card,86.26,3505.98,0,No
CUST-10717,Male,1,Yes,No,44,Month-to-month,Fiber optic,Yes,Yes,No internet service,Yes,Credit card,75.85,3372.74,0,No
CUST-10718,Male,1,No,No,57,Month-to-month,Fiber optic,No internet service,Yes,No internet service,Yes,Bank transfer,35.63,1953.49,1,No
CUST-10719,Female,0,Yes,No,5,One year,DSL,No internet service,Yes,Yes,Yes,Electronic check,77.2,301.37,5,Yes
CUST-10720,Male,0,No,No,53,Month-to-month,Fiber optic,Yes,No,Yes,No,Credit card,67.31,3561.78,0,No
CUST-10721,Female,0,No,No,20,One year,DSL,No internet service,No,Yes,Yes,Bank transfer,57.53,1222.38,1,No
CUST-10722,Female,0,Yes,No,11,Month-to-month,No,No,No,Yes,Yes,Electronic check,92.24,1041.45,0,Yes
CUST-10723,Male,0,No,Yes,32,Month-to-month,No,No internet service,No,No,No,Credit card,61.97,2009.5,0,No
CUST-10724,Female,1,Yes,No,1,Month-to-month,Fiber optic,No,No internet service,No,Yes,Mailed check,54.41,97.42,1,Yes
CUST-10725,Male,0,Yes,No,46,Month-to-month,No,Yes,Yes,No internet service,Yes,Credit card,87.48,4004.23,2,Yes
CUST-10726,Female,0,No,Yes,41,Month-to-month,DSL,No,No,No,No,Mailed check,56.9,2363.44,0,No
CUST-10727,Male,0,No,Yes,37,One year,DSL,Yes,No,No internet service,No,Electronic check,53.41,1947.19,1,No
CUST-10728,Male,0,No,No,2,One year,Fiber optic,Yes,No,No,No,Mailed check,42.46,69.22,2,Yes
CUST-10729,Female,0,No,No,55,One year,Fiber optic,No internet service,Yes,No internet service,Yes,Mailed check,48.6,2663.51,2,No
CUST-10730,Female,0,No,No,2,Month-to-month,No,No internet service,Yes,No internet service,Yes,Credit card,50.31,73.34,0,No
CUST-10731,Male,0,Yes,No,19,Two year,DSL,No,No,No,No,Electronic check,77.42,1467.68,1,No
CUST-10732,Female,0,No,No,28,Month-to-month,Fiber optic,Yes,No,No internet service,No,Credit card,44.62,1236.63,1,Yes
CUST-10733,Female,1,Yes,No,51,Two year,DSL,No,No internet service,No internet service,Yes,Electronic check,27.84,1384.46,0,No
CUST-10734,Male,0,Yes,Yes,29,One year,DSL,Yes,No,Yes,No,Credit card,71.06,2053.71,2,No
CUST-10735,Female,1,Yes,No,59,One year,Fiber optic,No,No,Yes,No,Bank transfer,52.32,3094.64,3,No
CUST-10736,Female,0,Yes,Yes,68,Month-to-month,No,No,Yes,Yes,Yes,Mailed check,64.67,4342.57,2,Yes
CUST-10737,Male,0,Yes,No,55,One year,Fiber optic,Yes,Yes,No internet service,Yes,Credit card,90.65,5006.62,0,No
CUST-10738,Female,0,No,No,2,One year,Fiber optic,No,No,No,Yes,Mailed check,66.43,108.18,0,Yes
CUST-10739,Female,0,No,No,56,Month-to-month,DSL,No,No,No,No,Bank transfer,95.19,5340.55,2,Yes
CUST-10740,Female,0,Yes,No,15,Two year,DSL,No internet service,Yes,Yes,Yes,Electronic check,63.64,921.34,0,Yes
CUST-10741,Female,0,Yes,No,64,Month-to-month,DSL,No internet service,No internet service,No,No,Electronic check,85.14,5501.48,0,No
CUST-10742,Female,0,No,Yes,71,Month-to-month,No,No internet service,Yes,No,Yes,Mailed check,54.05,3885.36,1,No
CUST-10743,Male,0,Yes,Yes,6,One year,DSL,No internet service,Yes,No,No,Electronic check,67.15,,1,No
CUST-10744,Female,0,No,Yes,7,Two year,DSL,Yes,No,Yes,Yes,Electronic check,46.34,350.63,2,Yes
CUST-10745,Male,0,No,Yes,50,Month-to-month,Fiber optic,No,No internet service,No internet service,No,Mailed check,48.72,2508.31,3,No
CUST-10746,Female,0,Yes,No,10,Month-to-month,Fiber optic,No,No,No,Yes,Bank transfer,60.51,557.69,1,Yes
CUST-10747,Male,0,No,No,70,Month-to-month,Fiber optic,No internet service,No,Yes,No,Electronic check,38.43,2646.65,4,No
CUST-10748,Male,0,No,No,39,Month-to-month,DSL,No,No internet service,Yes,No,Credit card,68.19,2696.16,2,No
CUST-10749,Male,0,No,No,41,Month-to-month,Fiber optic,No internet service,Yes,Yes,Yes,Credit card,58.94,2351.18,2,No
CUST-10750,Female,0,Yes,Yes,62,Month-to-month,Fiber optic,No,No,Yes,No,Credit card,69.69,4281.9,1,No
CUST-10751,Male,0,No,Yes,15,One year,DSL,Yes,No,No internet service,Yes,Electronic check,38.74,530.37,2,No
CUST-10752,Male,0,No,No,40,Month-to-month,Fiber optic,No internet service,No,No internet service,No,Credit card,79.03,3198.57,0,No
CUST-10753,Female,0,Yes,No,72,Month-to-month,DSL,No internet service,No internet service,No internet service,Yes,Electronic check,98.95,7089.78,1,Yes
CUST-10754,Female,1,No,No,1,Month-to-month,No,Yes,No internet service,Yes,No,Electronic check,94.73,80.5,1,Yes
CUST-10755,Male,0,No,Yes,12,Month-to-month,No,Yes,No,No,No,Bank transfer,103.08,1199.54,2,Yes
CUST-10756,Female,1,Yes,No,10,Month-to-month,DSL,No internet service,No internet service,Yes,No,Credit card,65.85,715.93,4,Yes
CUST-10757,Male,0,Yes,No,24,Month-to-month,Fiber optic,Yes,No internet service,Yes,Yes,Electronic check,57.95,1347.83,2,Yes
CUST-10758,Male,0,No,No,9,Month-to-month,Fiber optic,Yes,No,No,Yes,Mailed check,74.75,602.37,2,Yes
CUST-10759,Female,0,Yes,Yes,12,Month-to-month,No,No,No internet service,No,No,Mailed check,60.24,650.54,2,No
CUST-10760,Male,0,No,Yes,62,One year,Fiber optic,Yes,No,No internet service,Yes,Bank transfer,30.19,1906.46,1,No
CUST-10761,Female,1,Yes,No,33,Two year,Fiber optic,Yes,Yes,Yes,No,Bank transfer,81.39,2724.16,0,No
CUST-10762,Female,0,No,No,26,Month-to-month,DSL,No internet service,Yes,No internet service,Yes,Bank transfer,60.31,1630.49,1,No
CUST-10763,Female,0,No,No,30,Month-to-month,DSL,Yes,Yes,Yes,Yes,Electronic check,35.65,1006.45,1,Yes
CUST-10764,Male,0,No,No,70,Month-to-month,Fiber optic,No internet service,Yes,Yes,No,Credit card,54.83,3826.54,2,No
CUST-10765,Female,0,No,No,35,Month-to-month,Fiber optic,No,Yes,Yes,Yes,Bank transfer,60.77,2248.31,0,Yes
CUST-10766,Female,0,Yes,No,34,One year,No,Yes,Yes,Yes,Yes,Bank transfer,65.24,2203.04,1,No
CUST-10767,Male,0,Yes,No,67,One year,No,Yes,No,No,Yes,Mailed check,65.48,4358.99,3,No
CUST-10768,Male,0,No,No,2,Month-to-month,Fiber optic,No,No,Yes,No,Electronic check,92.38,183.71,2,Yes
CUST-10769,Male,1,No,No,34,Month-to-month,Fiber optic,No,No,Yes,Yes,Bank transfer,39.23,1360.32,2,No
CUST-10770,Female,0,Yes,No,54,Month-to-month,No,No internet service,No,No,No,Mailed check,61.96,3371.5,1,No
CUST-10771,Female,0,No,No,37,Month-to-month,No,Yes,Yes,Yes,Yes,Electronic check,47.42,1723.82,0,No
CUST-10772,Male,0,No,No,63,Two year,No,No,No,No internet service,Yes,Bank transfer,90.12,5648.31,2,No
CUST-10773,Female,1,Yes,No,64,Month-to-month,No,No internet service,No internet service,Yes,Yes,Mailed check,53.77,3426.46,3,No
CUST-10774,Female,1,Yes,No,24,Month-to-month,Fiber optic,Yes,Yes,No internet service,Yes,Credit card,58.12,1358.38,1,No
CUST-10775,Female,0,No,No,59,Month-to-month,Fiber optic,No internet service,Yes,No,Yes,Bank transfer,85.99,5011.67,1,Yes
CUST-10776,Male,0,No,No,17,Month-to-month,Fiber optic,No internet service,No,No internet service,Yes,Mailed check,91.5,1645.9,1,No
CUST-10777,Male,0,Yes,No,17,Month-to-month,DSL,Yes,No internet service,Yes,Yes,Electronic check,94.45,1585.3,0,No
CUST-10778,Male,1,No,No,71,Month-to-month,Fiber optic,Yes,No,Yes,No,Mailed check,32.14,2264.43,1,Yes
CUST-10779,Female,0,No,No,0,Month-to-month,Fiber optic,No internet service,No internet service,Yes,Yes,Electronic check,74.66,0.0,1,Yes
CUST-10780,Female,0,Yes,No,25,Month-to-month,Fiber optic,No internet service,Yes,Yes,Yes,Electronic check,70.4,1755.97,0,No
CUST-10781,Female,0,Yes,No,45,One year,DSL,Yes,Yes,No,Yes,Mailed check,63.98,2900.84,3,No
CUST-10782,Male,0,No,No,30,Month-to-month,Fiber optic,No internet service,No,No,Yes,Bank transfer,66.33,1966.64,1,Yes
CUST-10783,Male,0,Yes,Yes,61,Month-to-month,Fiber optic,Yes,Yes,No internet service,No,Electronic check,90.72,5590.89,2,No
CUST-10784,Male,0,Yes,No,18,Two year,Fiber optic,Yes,Yes,No internet service,No,Electronic check,85.77,1573.75,3,Yes
CUST-10785,Female,0,Yes,No,40,Month-to-month,DSL,No,Yes,No internet service,No,Electronic check,82.94,3308.06,1,No
CUST-10786,Male,1,No,No,9,Two year,Fiber optic,No internet service,Yes,No,Yes,Credit card,69.14,588.95,1,No
CUST-10787,Female,0,Yes,No,15,Two year,DSL,Yes,No internet service,No,Yes,Credit card,110.41,1710.4,1,No
CUST-10788,Female,0,No,No,12,Month-to-month,DSL,No,No internet service,No internet service,No,Mailed check,56.99,675.78,2,Yes
CUST-10789,Male,0,No,No,54,Month-to-month,Fiber optic,Yes,No,No internet service,No,Mailed check,32.68,1702.58,1,No
CUST-10790,Male,1,Yes,No,14,Two year,No,Yes,No internet service,No,Yes,Mailed check,59.7,886.85,1,No
CUST-10791,Male,0,Yes,No,48,Month-to-month,Fiber optic,No internet service,No internet service,No internet service,Yes,Bank transfer,66.15,3138.88,1,No
CUST-10792,Female,0,Yes,No,25,Month-to-month,Fiber optic,No,Yes,Yes,No,Bank transfer,91.06,2319.93,1,Yes
CUST-10793,Female,0,Yes,No,41,One year,No,No internet service,No,No internet service,No,Mailed check,54.78,2120.27,3,Yes
CUST-10794,Male,0,No,No,63,Month-to-month,Fiber optic,No internet service,No internet service,No internet service,Yes,Bank transfer,74.82,4695.23,1,No
CUST-10795,Male,0,No,No,63,Two year,No,No internet service,No,No,Yes,Electronic check,35.46,2291.98,2,No
CUST-10796,Female,0,No,No,0,One year,DSL,Yes,No,No,No,Bank transfer,86.63,0.26,1,No
CUST-10797,Male,0,No,Yes,57,Two year,Fiber optic,No internet service,No internet service,Yes,No,Credit card,66.37,3813.0,1,No
CUST-10798,Male,0,No,No,69,One year,DSL,No internet service,No,No,Yes,Electronic check,59.39,4052.81,1,No
CUST-10799,Male,0,No,Yes,48,One year,Fiber optic,No,No,Yes,Yes,Bank transfer,107.63,,0,No
CUST-10800,Male,1,No,No,13,Month-to-month,No,Yes,No internet service,No internet service,Yes,Bank transfer,86.4,1123.39,3,Yes
CUST-10801,Male,0,Yes,No,48,Two year,Fiber optic,Yes,No internet service,Yes,No,Credit card,44.2,2133.77,1,No
CUST-10802,Female,0,No,No,46,Two year,Fiber optic,No,No,Yes,No,Credit card,62.81,2991.22,4,No
CUST-10803,Female,0,Yes,No,48,Two year,DSL,Yes,No,No,Yes,Electronic check,119.73,5812.27,4,No
CUST-10804,Female,0,No,No,31,One year,No,Yes,Yes,No internet service,Yes,Electronic check,104.58,3281.58,2,Yes
CUST-10805,Female,0,Yes,No,38,One year,Fiber optic,No,Yes,No internet service,No,Electronic check,83.46,3211.71,4,Yes
CUST-10806,Female,0,No,No,47,Month-to-month,DSL,No,No internet service,No,Yes,Bank transfer,28.06,1273.36,0,No
CUST-10807,Male,0,No,No,33,Two year,No,No internet service,Yes,Yes,Yes,Bank transfer,91.64,3000.56,0,No
CUST-10808,Male,0,Yes,No,56,Month-to-month,Fiber optic,No internet service,No internet service,No internet service,Yes,Bank transfer,52.3,2852.17,4,No
CUST-10809,Female,1,No,No,51,Month-to-month,Fiber optic,Yes,Yes,No,Yes,Mailed check,91.47,4601.49,2,No
CUST-10810,Male,1,No,Yes,22,Month-to-month,DSL,Yes,No,No,No,Electronic check,50.55,1067.77,1,Yes
CUST-10811,Female,0,No,Yes,44,One year,DSL,Yes,No internet service,No internet service,Yes,Electronic check,74.78,3288.86,0,No
CUST-10812,Female,0,Yes,No,55,One year,No,Yes,No internet service,No,No,Mailed check,52.19,2809.2,1,No
CUST-10813,Male,0,No,Yes,35,Month-to-month,Fiber optic,No,No,No,No,Mailed check,57.73,2018.59,1,Yes
CUST-10814,Female,0,No,No,52,Month-to-month,No,No internet service,No internet service,No internet service,Yes,Mailed check,77.44,4019.18,1,Yes
CUST-10815,Female,0,Yes,Yes,9,Month-to-month,DSL,No internet service,No,Yes,No,Electronic check,38.62,290.87,3,Yes
CUST-10816,Male,0,Yes,No,28,Month-to-month,Fiber optic,No internet service,No internet service,No internet service,Yes,Mailed check,112.45,3224.88,0,Yes
CUST-10817,Male,0,No,Yes,51,Month-to-month,Fiber optic,No,Yes,No internet service,No,Credit card,44.46,2201.23,1,Yes
CUST-10818,Female,0,Yes,Yes,65,One year,Fiber optic,No,Yes,No,Yes,Electronic check,43.34,2872.97,1,No
CUST-10819,Female,1,Yes,No,47,Month-to-month,Fiber optic,No internet service,No,No,No,Credit card,77.5,3529.79,2,No
CUST-10820,Male,0,No,No,48,Month-to-month,Fiber optic,Yes,No internet service,Yes,Yes,Electronic check,90.84,4353.21,4,Yes
CUST-10821,Female,0,Yes,No,24,Month-to-month,Fiber optic,No,No internet service,Yes,Yes,Bank transfer,58.53,1344.84,2,Yes
CUST-10822,Male,0,Yes,No,51,Month-to-month,No,No,No,No internet service,Yes,Electronic check,43.57,2189.35,3,No
CUST-10823,Female,0,Yes,Yes,26,Two year,DSL,No,No,No,Yes,Mailed check,46.55,1300.81,2,No
CUST-10824,Female,0,Yes,No,3,Month-to-month,Fiber optic,No,No,No internet service,Yes,Credit card,44.4,115.85,3,Yes
CUST-10825,Male,1,Yes,No,18,Month-to-month,Fiber optic,No,No internet service,Yes,Yes,Credit card,71.16,1225.65,0,No
CUST-10826,Female,0,No,Yes,44,One year,DSL,Yes,Yes,Yes,Yes,Bank transfer,63.6,2822.78,2,No
CUST-10827,Female,0,No,No,70,Month-to-month,DSL,No internet service,Yes,No internet service,Yes,Bank transfer,73.52,5128.61,2,No
CUST-10828,Female,0,No,No,36,Two year,No,No internet service,No,No,No,Bank transfer,72.3,2610.34,0,No
CUST-10829,Male,0,Yes,No,62,Two year,DSL,No internet service,Yes,Yes,Yes,Credit card,81.49,5006.66,2,No
CUST-10830,Male,0,Yes,No,56,One year,DSL,No internet service,Yes,Yes,Yes,Bank transfer,56.8,3137.54,1,No
CUST-10831,Male,0,No,No,40,Two year,Fiber optic,No,No,No internet service,No,Bank transfer,50.24,1970.22,1,No
CUST-10832,Male,0,Yes,Yes,58,Month-to-month,DSL,Yes,Yes,Yes,No,Electronic check,68.13,3991.46,3,Yes
CUST-10833,Male,0,No,No,29,Month-to-month,DSL,Yes,Yes,Yes,Yes,Credit card,63.9,1841.76,0,No
CUST-10834,Female,0,Yes,No,32,Month-to-month,DSL,No internet service,No,Yes,Yes,Bank transfer,70.06,2189.51,1,Yes
CUST-10835,Female,0,No,Yes,53,Month-to-month,DSL,Yes,No internet service,No internet service,Yes,Mailed check,50.77,2698.9,1,No
CUST-10836,Female,1,No,Yes,46,Month-to-month,Fiber optic,No,No,No,Yes,Electronic check,77.84,3584.61,2,No
CUST-10837,Male,0,No,No,38,Month-to-month,No,Yes,No internet service,Yes,No,Bank transfer,41.43,1603.02,2,No
CUST-10838,Male,0,Yes,No,31,Month-to-month,DSL,Yes,Yes,No internet service,Yes,Credit card,56.19,1717.8,3,Yes
CUST-10839,Female,0,Yes,No,71,Month-to-month,Fiber optic,Yes,Yes,No internet service,No,Credit card,87.58,6214.3,1,No
CUST-10840,Male,0,No,No,4,One year,Fiber optic,Yes,Yes,No internet service,No,Credit card,42.37,190.56,0,No
CUST-10841,Female,0,Yes,No,4,Month-to-month,DSL,Yes,No internet service,Yes,No,Credit card,86.0,293.53,1,Yes
CUST-10842,Female,0,No,No,34,Month-to-month,Fiber optic,No,Yes,Yes,Yes,Bank transfer,36.82,1296.19,0,No
CUST-10843,Male,0,Yes,No,2,Month-to-month,Fiber optic,No internet service,Yes,No internet service,No,Credit card,33.3,67.42,0,No
CUST-10844,Male,0,No,No,24,One year,DSL,Yes,Yes,No internet service,No,Electronic check,35.12,787.83,3,No
CUST-10845,Male,0,Yes,Yes,41,Month-to-month,Fiber optic,No internet service,No internet service,No internet service,No,Mailed check,67.34,2705.52,1,Yes
CUST-10846,Male,1,No,Yes,29,One year,DSL,No,No,No,Yes,Mailed check,79.59,2303.14,0,Yes
CUST-10847,Male,0,No,No,14,Month-to-month,No,No internet service,No,No,Yes,Bank transfer,90.85,1244.39,1,Yes
CUST-10848,Female,0,No,Yes,20,Month-to-month,No,No,Yes,Yes,Yes,Mailed check,89.26,1822.93,3,No
CUST-10849,Female,0,Yes,No,44,Two year,No,No internet service,No internet service,Yes,Yes,Mailed check,82.25,3604.66,1,No
CUST-10850,Female,0,Yes,No,69,Month-to-month,DSL,No internet service,Yes,Yes,No,Credit card,48.36,3351.99,1,No
CUST-10851,Female,1,Yes,No,57,Month-to-month,Fiber optic,No internet service,Yes,No,No,Bank transfer,48.19,2704.4,2,No
CUST-10852,Female,0,No,No,39,Month-to-month,Fiber optic,No,No internet service,No,Yes,Bank transfer,80.76,3148.49,3,Yes
CUST-10853,Male,0,Yes,No,10,Month-to-month,DSL,No internet service,No internet service,No,Yes,Electronic check,93.43,1000.08,1,Yes
CUST-10854,Male,0,No,Yes,17,Month-to-month,No,No internet service,No,No,Yes,Bank transfer,44.38,747.05,0,No
CUST-10855,Female,0,Yes,No,32,Month-to-month,Fiber optic,Yes,No internet service,No,No,Mailed check,90.88,2880.51,4,Yes
CUST-10856,Male,0,Yes,Yes,18,Month-to-month,DSL,No internet service,No,No internet service,No,Bank transfer,26.59,435.43,1,No
CUST-10857,Male,0,No,No,50,Two year,No,Yes,No,No,Yes,Credit card,72.8,3639.06,2,No
CUST-10858,Female,1,Yes,Yes,26,Month-to-month,DSL,No,No,No internet service,Yes,Mailed check,62.92,1706.39,1,Yes
CUST-10859,Female,0,Yes,Yes,60,Month-to-month,Fiber optic,Yes,No,No internet service,No,Credit card,60.92,3587.02,1,Yes
CUST-10860,Female,0,No,Yes,19,Two year,DSL,No internet service,No internet service,No,No,Bank transfer,65.63,1244.47,3,No
CUST-10861,Female,0,No,No,36,Month-to-month,DSL,No internet service,No,No internet service,No,Mailed check,47.93,1639.79,2,No
CUST-10862,Male,0,No,Yes,52,Two year,No,No internet service,Yes,Yes,Yes,Credit card,73.92,3823.32,1,No
CUST-10863,Female,1,No,No,15,Month-to-month,Fiber optic,Yes,No,No,Yes,Electronic check,66.21,1006.29,0,No
CUST-10864,Female,0,No,No,55,One year,DSL,Yes,No,Yes,No,Bank transfer,83.71,4525.03,1,No
CUST-10865,Female,0,No,No,42,Two year,Fiber optic,No,No,Yes,Yes,Mailed check,96.81,4043.78,2,No
CUST-10866,Female,0,Yes,No,47,Month-to-month,No,Yes,No,Yes,No,Bank transfer,67.54,3188.91,5,Yes
CUST-10867,Female,0,Yes,Yes,33,Two year,No,No,No,Yes,No,Electronic check,48.63,1611.35,1,No
CUST-10868,Male,0,Yes,No,68,One year,No,Yes,No internet service,No,Yes,Bank transfer,42.24,2889.27,1,No
CUST-10869,Male,0,No,No,56,Two year,No,No,No internet service,No internet service,Yes,Electronic check,98.97,5493.59,1,No
CUST-10870,Male,0,No,No,14,Month-to-month,Fiber optic,No,No internet service,No internet service,No,Mailed check,96.41,1364.25,4,No
CUST-10871,Male,0,Yes,No,40,Month-to-month,DSL,No,No,No internet service,No,Credit card,82.75,3280.0,2,No
CUST-10872,Male,0,No,No,65,Month-to-month,No,No internet service,Yes,Yes,Yes,Bank transfer,66.2,4338.7,1,No
CUST-10873,Male,0,Yes,No,20,Two year,DSL,No internet service,Yes,No,No,Mailed check,81.3,1510.47,2,No
CUST-10874,Female,0,No,Yes,39,Month-to-month,DSL,Yes,No internet service,No,Yes,Mailed check,91.09,3538.03,1,No
CUST-10875,Female,0,No,No,55,Month-to-month,Fiber optic,No,No internet service,Yes,No,Electronic check,52.64,2900.14,0,No
CUST-10876,Female,1,No,Yes,19,Two year,DSL,No internet service,Yes,Yes,No,Electronic check,65.6,1313.87,2,Yes
CUST-10877,Female,0,No,No,37,Month-to-month,Fiber optic,No internet service,Yes,No,Yes,Bank transfer,42.88,1590.9,3,No
CUST-10878,Female,0,No,No,40,One year,No,No,No internet service,No internet service,No,Mailed check,62.42,2506.21,2,No
CUST-10879,Female,0,Yes,Yes,12,Month-to-month,Fiber optic,Yes,Yes,No,No,Electronic check,95.89,1169.45,5,Yes
CUST-10880,Male,1,Yes,Yes,12,One year,Fiber optic,No,Yes,No,No,Mailed check,86.57,1101.49,2,Yes
CUST-10881,Female,0,No,No,41,Month-to-month,Fiber optic,No internet service,No internet service,No internet service,Yes,Mailed check,67.7,2756.61,2,Yes
CUST-10882,Male,0,Yes,No,13,Month-to-month,Fiber optic,Yes,Yes,No,No,Credit card,18.0,163.84,2,Yes
CUST-10883,Male,0,Yes,No,69,Month-to-month,DSL,No,Yes,No internet service,No,Electronic check,51.88,3499.99,1,No
CUST-10884,Female,0,Yes,No,38,Month-to-month,DSL,No,No internet service,No internet service,Yes,Mailed check,67.05,2581.11,0,No
CUST-10885,Female,0,No,No,51,Month-to-month,Fiber optic,Yes,Yes,Yes,Yes,Electronic check,60.68,3105.84,4,No
CUST-10886,Male,1,No,No,28,Month-to-month,Fiber optic,No,No internet service,No,No,Electronic check,65.66,1825.66,1,Yes
CUST-10887,Male,0,No,Yes,21,One year,Fiber optic,No internet service,No,No,No,Bank transfer,69.85,1437.55,3,No
CUST-10888,Male,0,No,No,35,Month-to-month,DSL,No,No,Yes,Yes,Electronic check,54.33,1910.59,1,No
CUST-10889,Male,0,No,No,51,Month-to-month,DSL,No internet service,No internet service,Yes,No,Bank transfer,64.85,3317.84,2,No
CUST-10890,Male,0,No,No,29,Month-to-month,Fiber optic,No,Yes,No,Yes,Credit card,62.01,1822.28,1,No
CUST-10891,Female,0,No,No,20,Month-to-month,Fiber optic,No internet service,Yes,No,No,Mailed check,50.94,963.37,2,Yes
CUST-10892,Female,0,Yes,Yes,10,One year,Fiber optic,No,Yes,No,Yes,Electronic check,101.93,931.08,2,Yes
CUST-10893,Female,0,No,Yes,39,Month-to-month,No,No internet service,No,No internet service,Yes,Credit card,55.47,2117.65,1,No
CUST-10894,Female,0,Yes,Yes,49,Two year,Fiber optic,Yes,No internet service,No internet service,No,Credit card,19.92,908.52,2,No
CUST-10895,Female,1,No,Yes,38,One year,DSL,No,Yes,Yes,No,Credit card,100.67,3755.31,2,No
CUST-10896,Female,0,No,No,18,Two year,Fiber optic,Yes,No,Yes,Yes,Credit card,48.07,943.75,1,Yes
CUST-10897,Male,0,No,Yes,18,One year,DSL,Yes,No,No,No,Credit card,83.0,1380.65,0,No
CUST-10898,Male,0,No,No,27,Month-to-month,DSL,Yes,Yes,No,No,Bank transfer,51.38,1410.75,0,No
CUST-10899,Female,0,No,No,25,Two year,Fiber optic,Yes,No,No internet service,No,Credit card,76.39,1955.1,1,No
CUST-10900,Male,0,No,No,14,One year,DSL,Yes,Yes,No internet service,Yes,Mailed check,64.04,945.93,0,Yes
CUST-10901,Male,0,Yes,No,68,One year,DSL,No internet service,Yes,No internet service,Yes,Credit card,85.01,5794.54,0,No
CUST-10902,Male,0,Yes,No,24,Month-to-month,No,No,No,Yes,No,Electronic check,60.73,1523.52,3,Yes
CUST-10903,Female,1,No,No,18,Month-to-month,Fiber optic,No internet service,No internet service,No,No,Credit card,51.89,1023.19,4,No
CUST-10904,Male,0,No,No,44,One year,No,No internet service,No,Yes,Yes,Mailed check,70.14,3071.05,4,Yes
CUST-10905,Female,0,Yes,No,58,Month-to-month,No,No internet service,No,No,Yes,Mailed check,57.35,3348.67,2,Yes
CUST-10906,Male,0,No,No,33,One year,DSL,No,No internet service,Yes,Yes,Bank transfer,26.42,935.65,2,Yes
CUST-10907,Male,0,No,No,48,Month-to-month,Fiber optic,No internet service,No internet service,No internet service,Yes,Electronic check,52.97,2499.46,2,No
CUST-10908,Male,0,No,No,6,Month-to-month,Fiber optic,No,No internet service,No,No,Credit card,120.0,707.75,0,No
CUST-10909,Male,1,Yes,No,38,Month-to-month,Fiber optic,No,No internet service,No internet service,Yes,Bank transfer,28.57,1054.37,0,No
CUST-10910,Female,0,No,No,4,Month-to-month,DSL,No internet service,No internet service,Yes,No,Electronic check,69.82,302.33,1,No
CUST-10911,Male,1,Yes,No,10,Month-to-month,DSL,Yes,No internet service,No internet service,No,Credit card,60.14,506.5,0,No
CUST-10912,Male,0,Yes,No,43,Two year,DSL,Yes,No internet service,No,Yes,Electronic check,101.73,4446.22,0,No
CUST-10913,Female,0,No,No,14,One year,Fiber optic,Yes,No internet service,Yes,No,Credit card,42.78,625.61,0,No
CUST-10914,Female,0,No,No,2,Two year,DSL,No internet service,No,No,Yes,Credit card,67.03,163.56,2,No
CUST-10915,Male,0,Yes,No,13,One year,Fiber optic,No,Yes,Yes,Yes,Bank transfer,78.72,905.19,2,No
CUST-10916,Female,0,Yes,No,56,One year,No,Yes,No,Yes,Yes,Bank transfer,61.41,3386.95,1,No
CUST-10917,Female,0,Yes,No,42,Month-to-month,Fiber optic,No internet service,No internet service,Yes,Yes,Credit card,49.65,2159.82,0,No
CUST-10918,Male,0,No,Yes,27,Two year,Fiber optic,Yes,No internet service,No internet service,Yes,Credit card,64.56,1734.25,0,No
CUST-10919,Female,1,No,No,71,Two year,DSL,Yes,No,No internet service,No,Bank transfer,58.81,4089.31,2,No
CUST-10920,Female,0,Yes,No,28,One year,No,No,Yes,No,Yes,Electronic check,58.75,1656.08,0,No
CUST-10921,Female,0,Yes,No,64,Month-to-month,Fiber optic,No internet service,Yes,No internet service,Yes,Bank transfer,83.61,,1,Yes
CUST-10922,Male,0,No,No,25,One year,Fiber optic,No internet service,No,Yes,No,Electronic check,73.06,1853.07,1,Yes
CUST-10923,Male,0,Yes,No,1,Month-to-month,No,No internet service,No,Yes,No,Electronic check,76.04,68.52,1,Yes
CUST-10924,Male,1,Yes,No,8,Month-to-month,DSL,No internet service,No,Yes,Yes,Electronic check,71.61,629.66,0,Yes
CUST-10925,Female,0,Yes,Yes,19,One year,Fiber optic,Yes,Yes,No internet service,Yes,Mailed check,84.2,1564.7,1,No
CUST-10926,Female,0,No,Yes,13,Two year,DSL,No,Yes,No internet service,Yes,Credit card,91.09,1211.17,2,No
CUST-10927,Male,0,Yes,No,11,Month-to-month,DSL,No internet service,No,No internet service,Yes,Electronic check,59.27,658.72,0,Yes
CUST-10928,Male,0,Yes,No,27,Month-to-month,Fiber optic,No internet service,No,No internet service,Yes,Electronic check,81.39,2190.88,2,Yes
CUST-10929,Female,0,Yes,No,71,Two year,Fiber optic,No,No internet service,Yes,No,Electronic check,39.08,2755.73,0,No
CUST-10930,Female,0,Yes,Yes,14,Month-to-month,DSL,Yes,Yes,No,Yes,Electronic check,19.94,261.98,1,No
CUST-10931,Female,0,Yes,No,17,Month-to-month,Fiber optic,No internet service,No,No,Yes,Bank transfer,101.53,1727.62,0,Yes
CUST-10932,Male,0,Yes,No,72,One year,No,No,No internet service,No internet service,No,Credit card,58.33,4185.12,2,No
CUST-10933,Female,0,Yes,No,14,Two year,No,No,Yes,No internet service,Yes,Electronic check,70.05,1017.35,0,Yes
CUST-10934,Male,0,Yes,No,60,Month-to-month,DSL,No internet service,Yes,No,Yes,Credit card,40.5,2403.2,0,No
CUST-10935,Female,1,Yes,No,45,Month-to-month,Fiber optic,No,Yes,Yes,No,Credit card,39.57,1859.06,2,Yes
CUST-10936,Male,0,No,No,67,Month-to-month,DSL,No,No,No internet service,Yes,Electronic check,50.74,3370.55,2,No
CUST-10937,Male,0,Yes,No,40,Month-to-month,Fiber optic,Yes,No internet service,No internet service,Yes,Mailed check,77.86,3160.4,3,No
CUST-10938,Male,0,No,Yes,43,One year,Fiber optic,Yes,No,No internet service,Yes,Credit card,54.67,2398.97,0,No
CUST-10939,Female,0,No,Yes,16,Two year,Fiber optic,No,No,Yes,Yes,Bank transfer,58.28,940.77,0,No
CUST-10940,Female,1,No,No,41,Month-to-month,DSL,No internet service,No internet service,Yes,No,Electronic check,50.11,2058.35,2,Yes
CUST-10941,Male,0,No,No,48,Month-to-month,Fiber optic,No internet service,No,No internet service,Yes,Electronic check,88.32,4202.91,2,Yes
CUST-10942,Female,0,No,No,72,Month-to-month,DSL,No,No,No internet service,Yes,Mailed check,82.37,5904.79,1,No
CUST-10943,Male,0,Yes,No,7,Month-to-month,DSL,No internet service,No internet service,No internet service,Yes,Credit card,55.32,398.23,1,No
CUST-10944,Male,0,Yes,No,11,Month-to-month,Fiber optic,Yes,Yes,No,Yes,Credit card,78.68,863.22,0,Yes
CUST-10945,Male,0,Yes,No,1,Month-to-month,DSL,No internet service,No internet service,No internet service,No,Mailed check,60.1,119.25,1,No
CUST-10946,Female,0,No,No,57,One year,Fiber optic,No,Yes,Yes,No,Bank transfer,58.25,3297.52,0,No
CUST-10947,Male,0,No,No,6,Month-to-month,Fiber optic,Yes,No,No internet service,Yes,Bank transfer,64.01,364.36,2,Yes
CUST-10948,Female,0,No,No,66,One year,Fiber optic,Yes,Yes,No,Yes,Mailed check,77.86,5055.52,2,Yes
CUST-10949,Male,0,No,No,26,Month-to-month,Fiber optic,No internet service,No,Yes,No,Bank transfer,47.16,1258.34,3,Yes
CUST-10950,Male,0,Yes,No,21,Two year,Fiber optic,No,No,No internet service,Yes,Mailed check,75.05,1603.71,3,Yes
CUST-10951,Male,0,Yes,No,71,Two year,No,Yes,Yes,No,Yes,Bank transfer,114.96,8211.01,1,No
CUST-10952,Female,0,Yes,Yes,52,Month-to-month,DSL,No internet service,No internet service,Yes,No,Bank transfer,68.66,3621.99,3,Yes
CUST-10953,Male,0,Yes,No,39,Month-to-month,Fiber optic,Yes,No internet service,No internet service,Yes,Bank transfer,65.71,2602.14,0,No
CUST-10954,Female,0,No,No,64,One year,Fiber optic,No,Yes,No internet service,Yes,Credit card,63.32,4094.04,2,No
CUST-10955,Female,0,Yes,No,55,Month-to-month,DSL,No internet service,No,Yes,Yes,Bank transfer,74.56,4131.3,0,No
CUST-10956,Male,0,No,Yes,46,Month-to-month,DSL,Yes,No internet service,No internet service,Yes,Bank transfer,32.79,1546.54,3,No
CUST-10957,Female,0,No,No,23,Month-to-month,DSL,No internet service,No internet service,No internet service,Yes,Credit card,99.02,2185.36,1,Yes
CUST-10958,Female,0,Yes,No,71,Two year,Fiber optic,No internet service,Yes,Yes,Yes,Bank transfer,84.62,5953.03,2,No
CUST-10959,Male,0,No,No,52,Month-to-month,Fiber optic,No internet service,Yes,No,No,Mailed check,52.11,2646.56,2,No
CUST-10960,Male,1,Yes,No,69,Month-to-month,Fiber optic,No internet service,No,No internet service,Yes,Bank transfer,65.63,4591.98,4,No
CUST-10961,Male,0,No,Yes,70,Month-to-month,Fiber optic,No internet service,No,Yes,No,Credit card,53.85,3730.35,0,Yes
CUST-10962,Female,0,No,No,40,One year,Fiber optic,Yes,Yes,No internet service,Yes,Credit card,70.98,2808.06,0,No
CUST-10963,Male,0,Yes,No,26,Month-to-month,DSL,Yes,No,No,Yes,Mailed check,66.23,1722.31,1,No
CUST-10964,Female,0,No,Yes,69,Two year,Fiber optic,Yes,No,No internet service,Yes,Mailed check,69.57,4738.15,3,No
CUST-10965,Female,0,Yes,No,72,One year,Fiber optic,Yes,No,No internet service,Yes,Mailed check,44.43,3217.99,3,No
CUST-10966,Female,0,No,No,8,Month-to-month,DSL,No,No,No,No,Electronic check,55.37,336.44,1,Yes
CUST-10967,Male,0,Yes,Yes,46,Month-to-month,DSL,Yes,No internet service,No,Yes,Mailed check,87.92,3985.45,1,No
CUST-10968,Female,0,Yes,No,43,Two year,DSL,No,No internet service,No,Yes,Electronic check,54.32,2345.7,3,No
CUST-10969,Male,0,Yes,No,54,One year,No,No,No internet service,No,Yes,Mailed check,18.0,909.92,1,No
CUST-10970,Male,0,Yes,No,71,Month-to-month,DSL,No,Yes,No internet service,Yes,Electronic check,61.99,4466.25,2,No
CUST-10971,Male,1,Yes,No,18,Month-to-month,DSL,No,No,No,Yes,Mailed check,113.23,2040.45,0,Yes
CUST-10972,Male,0,No,Yes,71,Month-to-month,DSL,Yes,Yes,No,Yes,Bank transfer,81.98,5877.18,5,Yes
CUST-10973,Male,0,No,No,46,Month-to-month,DSL,Yes,No internet service,No internet service,Yes,Credit card,53.32,2470.62,1,No
CUST-10974,Male,0,No,No,6,Month-to-month,Fiber optic,No internet service,No,No internet service,No,Credit card,63.99,383.34,3,No
CUST-10975,Male,0,Yes,Yes,37,Month-to-month,Fiber optic,No,Yes,No,No,Bank transfer,78.6,2858.37,2,Yes
CUST-10976,Male,0,Yes,No,9,Month-to-month,Fiber optic,No,No internet service,No,Yes,Bank transfer,29.87,315.29,1,No
CUST-10977,Female,0,No,Yes,69,Two year,No,No,No,No,Yes,Credit card,47.88,3325.78,1,Yes
CUST-10978,Male,0,Yes,No,55,Two year,DSL,No,Yes,No,Yes,Bank transfer,72.97,4117.58,2,No
CUST-10979,Female,1,Yes,No,66,Two year,Fiber optic,No internet service,Yes,No,Yes,Electronic check,96.89,,1,No
CUST-10980,Female,0,Yes,No,43,One year,Fiber optic,No,No internet service,Yes,Yes,Credit card,56.21,2397.16,2,No
CUST-10981,Female,0,Yes,No,28,One year,Fiber optic,No,Yes,No,Yes,Bank transfer,96.34,2711.99,2,Yes
CUST-10982,Female,0,Yes,Yes,31,Month-to-month,No,No internet service,No,No,No,Bank transfer,49.91,1568.32,2,Yes
CUST-10983,Female,0,No,No,69,One year,DSL,Yes,No internet service,Yes,No,Electronic check,18.0,1300.15,0,No
CUST-10984,Female,0,Yes,No,11,Month-to-month,Fiber optic,No internet service,Yes,No internet service,Yes,Mailed check,79.88,944.77,1,Yes
CUST-10985,Female,0,No,No,64,Month-to-month,Fiber optic,No,Yes,No internet service,Yes,Mailed check,75.81,4843.74,1,No
CUST-10986,Female,0,Yes,No,30,Two year,DSL,Yes,Yes,Yes,Yes,Credit card,79.72,2330.82,2,No
CUST-10987,Male,0,Yes,Yes,43,Two year,No,No internet service,No internet service,Yes,Yes,Mailed check,78.94,3301.73,1,No
CUST-10988,Male,0,No,Yes,48,Month-to-month,DSL,No internet service,No,No,Yes,Mailed check,68.84,3247.34,1,Yes
CUST-10989,Female,0,No,Yes,5,One year,DSL,Yes,Yes,No internet service,Yes,Bank transfer,59.82,269.51,2,Yes
CUST-10990,Male,1,Yes,Yes,10,Month-to-month,Fiber optic,No internet service,Yes,No,Yes,Electronic check,60.59,681.12,3,No
CUST-10991,Female,0,Yes,Yes,11,Month-to-month,Fiber optic,Yes,No internet service,No internet service,Yes,Bank transfer,55.79,689.67,1,No
CUST-10992,Male,0,No,No,56,Month-to-month,No,Yes,Yes,Yes,No,Electronic check,56.99,3239.45,2,No
CUST-10993,Male,1,Yes,No,5,Month-to-month,No,No internet service,Yes,No,Yes,Electronic check,28.78,205.42,1,Yes
CUST-10994,Female,1,No,No,44,One year,DSL,No internet service,No,No internet service,No,Mailed check,40.71,1755.87,1,No
CUST-10995,Female,0,Yes,No,7,Month-to-month,Fiber optic,No internet service,No,No internet service,Yes,Electronic check,61.73,356.34,2,Yes
CUST-10996,Female,0,No,No,56,Month-to-month,No,No,No,Yes,Yes,Electronic check,20.18,1079.75,0,No
CUST-10997,Male,0,Yes,No,71,Two year,DSL,Yes,No internet service,No internet service,Yes,Mailed check,24.84,1661.9,1,No
CUST-10998,Female,0,No,No,30,Month-to-month,Fiber optic,No,Yes,Yes,Yes,Bank transfer,58.31,1693.6,0,Yes
CUST-10999,Female,0,No,No,15,Month-to-month,No,No,No,Yes,Yes,Electronic check,62.43,911.15,3,Yes
CUST-11000,Female,0,Yes,No,32,Month-to-month,DSL,Yes,Yes,No internet service,Yes,Mailed check,58.73,1887.7,0,No
CUST-11001,Female,0,Yes,No,50,Month-to-month,No,No,No,No internet service,Yes,Bank transfer,18.0,906.77,0,No
CUST-11002,Female,1,No,No,53,Month-to-month,Fiber optic,Yes,Yes,Yes,Yes,Credit card,96.05,5056.17,1,No
CUST-11003,Female,0,No,No,46,One year,No,Yes,No internet service,No internet service,Yes,Bank transfer,36.28,1697.33,0,No
CUST-11004,Male,0,Yes,No,42,Two year,Fiber optic,Yes,No internet service,No internet service,No,Bank transfer,48.64,2009.36,2,No
CUST-11005,Female,0,No,No,46,Month-to-month,Fiber optic,Yes,No internet service,Yes,No,Credit card,39.76,1829.46,1,No
CUST-11006,Female,1,No,No,15,Month-to-month,Fiber optic,Yes,Yes,Yes,No,Electronic check,90.98,1309.2,2,No
CUST-11007,Female,1,Yes,Yes,15,Month-to-month,DSL,No internet service,Yes,Yes,No,Credit card,73.43,1155.88,1,Yes
CUST-11008,Female,0,No,Yes,67,Two year,Fiber optic,No internet service,No internet service,No internet service,Yes,Mailed check,55.54,3722.22,1,No
CUST-11009,Female,0,Yes,No,42,Month-to-month,No,No,No,No,No,Mailed check,54.13,2307.4,1,No
CUST-11010,Male,0,No,Yes,62,Month-to-month,No,No,Yes,No,Yes,Bank transfer,68.59,4191.77,0,No
CUST-11011,Female,0,Yes,No,45,Two year,No,Yes,No,No,Yes,Credit card,40.07,1811.87,0,No
CUST-11012,Male,0,No,Yes,33,One year,Fiber optic,No internet service,No internet service,No,No,Credit card,72.61,2424.75,2,No
CUST-11013,Male,0,No,No,41,Month-to-month,Fiber optic,No internet service,No internet service,No,Yes,Credit card,54.03,2113.04,3,No
CUST-11014,Female,0,No,Yes,50,Month-to-month,Fiber optic,No internet service,Yes,Yes,Yes,Mailed check,75.39,3827.9,2,Yes
CUST-11015,Female,0,No,No,13,Month-to-month,Fiber optic,No,Yes,No,Yes,Electronic check,74.71,908.76,1,No
CUST-11016,Male,0,No,No,33,Two year,Fiber optic,Yes,No internet service,Yes,Yes,Electronic check,53.13,1763.84,1,No
CUST-11017,Male,0,No,Yes,52,Month-to-month,DSL,No,No,No internet service,Yes,Credit card,23.95,1334.79,0,No
CUST-11018,Male,0,No,Yes,6,Month-to-month,DSL,No,No internet service,Yes,No,Electronic check,60.06,408.11,1,Yes
CUST-11019,Male,0,Yes,No,5,One year,Fiber optic,Yes,No internet service,Yes,Yes,Mailed check,36.01,105.55,0,Yes
CUST-11020,Male,0,Yes,No,11,Month-to-month,DSL,Yes,No,No,Yes,Mailed check,66.57,723.37,0,Yes
CUST-11021,Male,0,Yes,No,43,Month-to-month,DSL,Yes,No,No,Yes,Bank transfer,59.87,2636.08,3,No
CUST-11022,Female,0,No,No,17,Two year,DSL,No internet service,No,No,No,Mailed check,53.24,864.24,1,Yes
CUST-11023,Female,0,No,No,31,Month-to-month,No,Yes,No,No internet service,No,Bank transfer,39.09,1193.8,2,No
CUST-11024,Female,1,Yes,Yes,9,Two year,No,No internet service,Yes,No internet service,No,Bank transfer,88.74,779.27,1,No
CUST-11025,Male,0,Yes,No,18,Two year,Fiber optic,No internet service,No internet service,No,Yes,Credit card,55.93,1035.24,2,No
CUST-11026,Male,1,No,No,1,Month-to-month,No,Yes,No,No internet service,Yes,Electronic check,112.07,35.22,1,Yes
CUST-11027,Male,1,No,Yes,58,One year,No,No,Yes,No,Yes,Credit card,65.7,3841.91,0,No
CUST-11028,Female,0,No,No,34,One year,DSL,Yes,No,Yes,No,Bank transfer,72.03,2417.88,1,No
CUST-11029,Male,0,Yes,No,12,One year,DSL,No internet service,No,Yes,Yes,Credit card,65.78,788.79,2,No
CUST-11030,Male,0,Yes,Yes,38,One year,DSL,No,No internet service,Yes,No,Mailed check,71.83,2718.3,0,Yes
CUST-11031,Male,0,Yes,Yes,68,Month-to-month,DSL,Yes,No internet service,Yes,Yes,Mailed check,86.85,5935.79,1,No
CUST-11032,Female,0,No,Yes,60,Month-to-month,Fiber optic,No internet service,No,No internet service,No,Bank transfer,87.08,5223.75,0,No
CUST-11033,Male,0,No,Yes,64,One year,DSL,No internet service,No internet service,No,Yes,Credit card,29.67,1970.9,1,No
CUST-11034,Male,1,No,Yes,29,Month-to-month,No,No internet service,Yes,No,Yes,Electronic check,82.11,2430.66,2,Yes
CUST-11035,Female,0,Yes,No,26,Month-to-month,Fiber optic,No,No internet service,No,Yes,Bank transfer,74.94,1908.67,0,Yes
CUST-11036,Female,0,Yes,Yes,23,Month-to-month,Fiber optic,No internet service,No,Yes,Yes,Electronic check,65.72,1579.82,0,No
CUST-11037,Male,0,No,No,22,Month-to-month,No,No,No,No internet service,No,Credit card,99.25,2199.47,0,Yes
CUST-11038,Male,0,No,No,67,One year,No,No,No,Yes,Yes,Mailed check,100.06,6712.51,1,No
CUST-11039,Female,0,Yes,No,10,Two year,Fiber optic,No,Yes,No,No,Credit card,83.09,873.31,0,No
CUST-11040,Female,0,No,No,62,Two year,Fiber optic,Yes,No internet service,No internet service,Yes,Electronic check,54.13,3304.0,1,No
CUST-11041,Female,0,No,Yes,66,Month-to-month,No,No,No,No internet service,Yes,Electronic check,41.15,2646.93,2,No
CUST-11042,Male,0,Yes,Yes,61,Month-to-month,Fiber optic,No internet service,No internet service,No,Yes,Credit card,80.09,4886.74,1,No
CUST-11043,Male,0,No,Yes,45,Two year,No,Yes,Yes,No internet service,Yes,Mailed check,92.19,4118.23,1,No
CUST-11044,Female,0,No,No,62,Month-to-month,DSL,No,Yes,Yes,No,Electronic check,24.43,1618.35,2,No
CUST-11045,Male,0,No,No,2,One year,Fiber optic,Yes,No internet service,Yes,Yes,Credit card,86.73,,2,No
CUST-11046,Male,1,Yes,No,59,One year,Fiber optic,No,No internet service,No,Yes,Mailed check,59.9,3536.11,0,No
CUST-11047,Female,0,No,No,37,Month-to-month,DSL,No internet service,Yes,Yes,Yes,Credit card,28.82,1075.94,1,Yes
CUST-11048,Female,0,Yes,No,69,Month-to-month,DSL,No internet service,Yes,Yes,No,Mailed check,74.39,5194.47,1,No
CUST-11049,Male,0,No,Yes,6,One year,DSL,Yes,No,No internet service,No,Credit card,83.19,449.41,3,Yes
CUST-11050,Female,0,Yes,No,67,Month-to-month,DSL,No internet service,Yes,No internet service,No,Bank transfer,57.97,3803.39,2,No
CUST-11051,Male,0,No,Yes,41,Two year,DSL,Yes,No,Yes,Yes,Mailed check,43.85,1867.57,2,Yes
CUST-11052,Female,0,No,No,7,One year,Fiber optic,Yes,Yes,Yes,Yes,Mailed check,99.24,698.71,1,Yes
CUST-11053,Female,1,Yes,No,37,Month-to-month,No,No internet service,Yes,No,Yes,Mailed check,51.63,1950.8,5,No
CUST-11054,Male,0,Yes,Yes,2,One year,Fiber optic,Yes,Yes,Yes,No,Bank transfer,88.19,219.21,2,No
CUST-11055,Female,0,Yes,No,6,Month-to-month,Fiber optic,Yes,Yes,Yes,Yes,Bank transfer,34.74,259.94,2,Yes
CUST-11056,Male,0,No,No,38,Month-to-month,DSL,Yes,Yes,No internet service,No,Electronic check,73.32,2767.27,2,No
CUST-11057,Female,0,No,Yes,59,Two year,No,No,No,No internet service,No,Mailed check,72.75,4259.8,3,Yes
CUST-11058,Male,0,No,No,7,One year,DSL,No,Yes,No internet service,No,Mailed check,82.47,477.48,0,No
CUST-11059,Male,0,Yes,No,19,One year,DSL,No internet service,Yes,Yes,No,Credit card,94.86,1752.59,2,No
CUST-11060,Female,0,Yes,Yes,28,Two year,Fiber optic,No internet service,Yes,No internet service,Yes,Mailed check,48.73,1367.55,1,Yes
CUST-11061,Female,0,Yes,Yes,39,Month-to-month,No,No internet service,No internet service,Yes,Yes,Bank transfer,75.42,2906.31,2,No
CUST-11062,Male,0,No,Yes,0,Month-to-month,No,No,Yes,No internet service,Yes,Electronic check,37.67,0.0,4,Yes
CUST-11063,Female,0,No,Yes,46,Month-to-month,Fiber optic,Yes,No internet service,No,Yes,Mailed check,37.44,1724.76,0,No
CUST-11064,Female,0,Yes,No,36,Month-to-month,Fiber optic,No internet service,Yes,Yes,No,Mailed check,53.43,1990.63,3,No
CUST-11065,Male,0,Yes,No,70,Month-to-month,Fiber optic,No,Yes,No internet service,Yes,Mailed check,73.19,5120.5,2,No
CUST-11066,Female,0,No,No,21,Month-to-month,Fiber optic,Yes,No,No,No,Credit card,98.54,2012.7,1,Yes
CUST-11067,Female,0,No,No,36,One year,DSL,No,No internet service,Yes,No,Credit card,102.18,3742.1,0,No
CUST-11068,Male,0,Yes,No,5,Month-to-month,DSL,No,Yes,No internet service,Yes,Mailed check,57.9,250.79,1,No
CUST-11069,Male,1,No,No,66,One year,No,No,Yes,No internet service,Yes,Bank transfer,71.11,4767.23,0,No
CUST-11070,Female,0,Yes,No,60,Two year,No,No,No internet service,No,Yes,Credit card,83.86,5018.44,2,No
CUST-11071,Male,0,Yes,Yes,25,Two year,DSL,No internet service,Yes,No,Yes,Electronic check,80.31,2012.91,0,No
CUST-11072,Female,0,Yes,No,33,Month-to-month,DSL,Yes,Yes,Yes,No,Mailed check,61.61,2111.17,1,No
CUST-11073,Female,0,No,No,62,Two year,DSL,No internet service,Yes,No,No,Bank transfer,66.52,4056.67,1,No
CUST-11074,Male,0,No,No,21,Two year,Fiber optic,Yes,No internet service,No internet service,No,Electronic check,62.8,1266.29,1,Yes
CUST-11075,Male,0,Yes,No,17,Month-to-month,DSL,Yes,No internet service,No,Yes,Mailed check,60.83,1017.78,0,No
CUST-11076,Female,0,No,Yes,17,Month-to-month,Fiber optic,No internet service,No internet service,No internet service,No,Electronic check,58.17,981.89,2,No
CUST-11077,Male,1,No,No,51,Month-to-month,DSL,Yes,No,Yes,No,Mailed check,62.61,3325.21,0,Yes
CUST-11078,Male,0,No,Yes,15,One year,DSL,No internet service,Yes,Yes,No,Electronic check,56.88,808.8,1,Yes
CUST-11079,Female,1,No,No,6,One year,DSL,No internet service,Yes,Yes,No,Bank transfer,42.29,188.53,1,No
CUST-11080,Female,0,Yes,No,12,Month-to-month,Fiber optic,No,No internet service,Yes,No,Credit card,82.25,940.21,2,No
CUST-11081,Female,0,Yes,No,71,One year,DSL,No,No internet service,No internet service,Yes,Mailed check,75.33,5360.04,2,No
CUST-11082,Female,0,Yes,No,63,Month-to-month,Fiber optic,No internet service,Yes,No,No,Electronic check,102.53,6483.99,1,No
CUST-11083,Female,0,Yes,Yes,69,Month-to-month,Fiber optic,No internet service,No internet service,Yes,Yes,Mailed check,72.39,4959.56,2,No
CUST-11084,Male,0,Yes,No,20,Two year,Fiber optic,No,No internet service,No,Yes,Electronic check,56.66,1134.25,3,Yes
CUST-11085,Female,0,Yes,No,32,Two year,DSL,Yes,No internet service,No internet service,Yes,Mailed check,52.47,1776.3,2,No
CUST-11086,Female,0,No,No,35,One year,Fiber optic,No,No internet service,No internet service,Yes,Bank transfer,65.95,2310.01,1,No
CUST-11087,Female,0,Yes,Yes,38,Month-to-month,DSL,Yes,No,Yes,Yes,Mailed check,76.06,2906.33,3,No
CUST-11088,Female,0,Yes,Yes,1,Month-to-month,Fiber optic,Yes,Yes,No internet service,Yes,Bank transfer,60.11,154.56,1,No
CUST-11089,Male,0,Yes,No,43,Month-to-month,Fiber optic,No internet service,No internet service,No,No,Bank transfer,35.59,,1,No
CUST-11090,Female,0,Yes,No,2,Month-to-month,No,No,Yes,No internet service,No,Electronic check,50.22,62.27,1,No
CUST-11091,Male,1,No,No,20,Month-to-month,No,No internet service,No,No,No,Bank transfer,65.36,1283.72,1,No
CUST-11092,Female,0,No,No,21,Two year,Fiber optic,No internet service,No internet service,No internet service,No,Bank transfer,79.81,1649.61,0,No
CUST-11093,Male,0,Yes,No,49,One year,No,Yes,Yes,No internet service,Yes,Electronic check,35.28,1637.67,1,No
CUST-11094,Male,0,No,No,65,Month-to-month,DSL,No internet service,No internet service,No internet service,No,Mailed check,70.3,4576.4,1,No
CUST-11095,Male,1,No,Yes,50,Month-to-month,Fiber optic,No internet service,No internet service,Yes,Yes,Mailed check,69.42,3481.85,0,No
CUST-11096,Female,0,No,No,31,Month-to-month,DSL,Yes,No,No internet service,Yes,Mailed check,55.97,1725.78,5,Yes
CUST-11097,Female,0,Yes,No,38,Month-to-month,DSL,No,Yes,Yes,No,Credit card,53.26,2036.25,0,No
CUST-11098,Male,1,No,Yes,37,One year,Fiber optic,No internet service,Yes,No internet service,No,Bank transfer,50.27,1872.9,3,No
CUST-11099,Male,1,No,Yes,10,Month-to-month,Fiber optic,Yes,No internet service,No,Yes,Credit card,67.82,612.39,5,Yes
CUST-11100,Male,0,No,No,69,Two year,Fiber optic,Yes,Yes,Yes,No,Bank transfer,87.54,6054.69,2,No
CUST-11101,Male,0,Yes,Yes,67,Month-to-month,No,No,No internet service,Yes,Yes,Electronic check,88.96,5988.25,3,No
CUST-11102,Female,0,No,No,17,Month-to-month,Fiber optic,No internet service,Yes,No internet service,No,Bank transfer,42.52,642.98,0,No
CUST-11103,Male,0,Yes,Yes,8,Two year,No,Yes,No,No,No,Electronic check,61.26,563.24,4,Yes
CUST-11104,Male,0,Yes,Yes,12,Month-to-month,No,No internet service,No,Yes,Yes,Mailed check,21.13,191.77,2,Yes
CUST-11105,Male,0,No,Yes,45,Month-to-month,No,No internet service,Yes,No internet service,No,Credit card,67.18,2966.19,0,No
CUST-11106,Male,0,No,No,2,One year,DSL,Yes,No internet service,No internet service,Yes,Credit card,76.95,164.0,1,Yes
CUST-11107,Female,0,Yes,No,7,Month-to-month,Fiber optic,Yes,No internet service,Yes,Yes,Electronic check,96.42,701.67,1,No
CUST-11108,Female,0,No,No,47,Month-to-month,Fiber optic,No,Yes,Yes,No,Credit card,29.27,1414.57,2,No
CUST-11109,Male,0,No,Yes,10,Month-to-month,No,No,No internet service,No internet service,No,Credit card,43.24,460.45,0,Yes
CUST-11110,Female,1,No,No,5,Month-to-month,DSL,Yes,No internet service,No,Yes,Credit card,67.88,313.41,0,No
CUST-11111,Male,0,Yes,No,1,Month-to-month,DSL,Yes,No internet service,Yes,No,Credit card,32.63,38.06,4,Yes
CUST-11112,Male,0,Yes,No,51,Month-to-month,DSL,No,No,No,Yes,Electronic check,68.44,3474.61,0,No
CUST-11113,Male,0,No,No,26,One year,DSL,No internet service,No,No internet service,Yes,Electronic check,77.46,2022.67,1,No
CUST-11114,Male,0,No,No,20,Two year,No,No,No,No,No,Bank transfer,39.37,790.82,0,No
CUST-11115,Male,0,No,No,46,Month-to-month,DSL,No internet service,Yes,No internet service,Yes,Electronic check,67.65,3086.65,1,No
CUST-11116,Female,0,No,No,12,Month-to-month,Fiber optic,No internet service,Yes,Yes,Yes,Mailed check,40.76,471.76,1,Yes
CUST-11117,Female,1,No,No,38,Month-to-month,Fiber optic,No,Yes,No internet service,No,Credit card,92.51,3422.77,0,No
CUST-11118,Female,0,No,Yes,35,Month-to-month,Fiber optic,No internet service,Yes,No,No,Credit card,69.13,2461.06,0,Yes
CUST-11119,Male,1,Yes,No,49,Month-to-month,DSL,No,No internet service,No internet service,Yes,Mailed check,52.2,2572.68,1,No
CUST-11120,Male,1,No,No,45,One year,Fiber optic,No internet service,No,No,Yes,Bank transfer,40.24,1695.47,1,No
CUST-11121,Male,1,Yes,Yes,49,Month-to-month,Fiber optic,No internet service,No,No internet service,No,Bank transfer,72.78,3605.88,2,Yes
CUST-11122,Male,0,No,No,15,Month-to-month,No,No internet service,No internet service,Yes,No,Mailed check,92.16,1379.75,4,No
CUST-11123,Male,1,Yes,No,10,One year,Fiber optic,Yes,No internet service,Yes,Yes,Electronic check,49.57,448.86,5,Yes
CUST-11124,Female,0,No,Yes,38,Two year,No,Yes,No internet service,No internet service,Yes,Mailed check,56.21,2084.71,3,No
CUST-11125,Female,0,Yes,No,4,Month-to-month,DSL,No internet service,Yes,Yes,Yes,Bank transfer,49.96,165.43,1,No
CUST-11126,Female,0,Yes,No,33,Month-to-month,Fiber optic,No internet service,Yes,No internet service,Yes,Credit card,96.11,3125.05,1,Yes
CUST-11127,Female,0,Yes,No,45,Two year,Fiber optic,No,Yes,Yes,Yes,Credit card,26.83,1167.49,1,No
CUST-11128,Female,0,Yes,No,59,Month-to-month,Fiber optic,Yes,Yes,No internet service,No,Electronic check,90.71,5436.92,0,No
CUST-11129,Female,0,No,No,47,One year,Fiber optic,No internet service,No,No,No,Bank transfer,57.46,2719.18,3,No
CUST-11130,Male,0,Yes,No,72,One year,DSL,No,No internet service,No,No,Bank transfer,63.57,4678.84,2,No
CUST-11131,Female,0,No,No,40,Month-to-month,DSL,Yes,No,No,Yes,Electronic check,58.19,2338.89,1,No
CUST-11132,Female,1,No,Yes,32,Month-to-month,No,No,No internet service,No,Yes,Credit card,69.79,2262.24,2,No
CUST-11133,Female,0,No,No,17,Month-to-month,No,Yes,No,No,Yes,Bank transfer,50.4,812.76,2,Yes
CUST-11134,Female,0,Yes,No,49,Month-to-month,DSL,Yes,No internet service,No,Yes,Bank transfer,86.17,4213.93,1,No
CUST-11135,Male,0,Yes,No,59,Month-to-month,Fiber optic,Yes,Yes,No internet service,Yes,Bank transfer,86.98,5127.74,4,Yes
CUST-11136,Female,0,Yes,Yes,23,One year,Fiber optic,No internet service,Yes,No internet service,No,Mailed check,45.33,1073.59,0,No
CUST-11137,Male,0,Yes,Yes,5,One year,Fiber optic,Yes,No internet service,No,Yes,Electronic check,78.35,389.28,3,No
CUST-11138,Female,0,Yes,No,0,Two year,DSL,No,No,No,No,Mailed check,57.87,17.57,2,No
CUST-11139,Female,0,No,Yes,46,Two year,No,Yes,No,Yes,Yes,Credit card,66.03,3053.16,2,Yes
CUST-11140,Female,0,Yes,No,48,One year,Fiber optic,No,No internet service,No internet service,Yes,Bank transfer,95.5,4568.86,0,No
CUST-11141,Male,0,Yes,No,8,Month-to-month,Fiber optic,No internet service,No internet service,Yes,No,Bank transfer,51.52,391.88,0,No
CUST-11142,Female,0,Yes,No,1,Month-to-month,Fiber optic,No internet service,Yes,No,No,Electronic check,83.53,50.08,0,No
CUST-11143,Female,1,Yes,Yes,47,One year,Fiber optic,Yes,No,No internet service,Yes,Electronic check,74.14,3538.7,1,No
CUST-11144,Male,0,Yes,No,29,One year,DSL,No,No,No internet service,No,Bank transfer,61.12,1757.36,1,No
CUST-11145,Male,1,Yes,No,30,Month-to-month,No,Yes,No,No,Yes,Credit card,72.35,2186.94,1,Yes
CUST-11146,Female,0,No,No,19,One year,DSL,No,No internet service,No,No,Mailed check,69.97,1321.6,0,Yes
CUST-11147,Female,0,No,No,52,Month-to-month,No,Yes,No internet service,Yes,Yes,Mailed check,41.83,2228.29,2,No
CUST-11148,Female,0,No,No,54,Month-to-month,No,No,Yes,No,Yes,Credit card,52.87,2755.58,0,No
CUST-11149,Female,1,No,No,3,Two year,Fiber optic,No,No,Yes,No,Electronic check,44.09,147.42,5,No
CUST-11150,Male,1,No,No,6,Month-to-month,Fiber optic,No internet service,No,No internet service,No,Bank transfer,59.47,294.07,2,No
CUST-11151,Female,0,Yes,No,40,Month-to-month,DSL,No,No,No internet service,No,Electronic check,91.9,3695.54,1,Yes
CUST-11152,Male,0,Yes,No,44,One year,Fiber optic,No internet service,Yes,Yes,Yes,Mailed check,76.62,3363.95,5,No
CUST-11153,Female,0,Yes,No,10,One year,Fiber optic,Yes,No,Yes,No,Mailed check,36.35,289.58,1,Yes
CUST-11154,Male,0,Yes,No,11,Month-to-month,DSL,No internet service,No internet service,No,Yes,Bank transfer,59.53,671.71,5,Yes
CUST-11155,Female,1,Yes,No,49,One year,DSL,No internet service,Yes,No,Yes,Mailed check,69.67,3425.04,1,No
CUST-11156,Male,0,Yes,No,33,Month-to-month,No,No internet service,No,No,Yes,Mailed check,79.88,2624.48,2,No
CUST-11157,Female,0,Yes,No,8,One year,DSL,No internet service,No internet service,Yes,Yes,Mailed check,51.98,410.61,2,No
CUST-11158,Male,0,No,Yes,44,Month-to-month,DSL,Yes,No,No internet service,Yes,Electronic check,40.25,1779.08,1,No
CUST-11159,Male,0,No,Yes,5,Two year,DSL,Yes,No,Yes,No,Credit card,63.87,378.26,2,No
CUST-11160,Female,1,No,No,16,One year,Fiber optic,Yes,Yes,No,Yes,Bank transfer,76.38,1206.36,2,No
CUST-11161,Male,0,Yes,No,52,Month-to-month,Fiber optic,No internet service,Yes,No internet service,Yes,Bank transfer,69.7,3675.05,3,No
CUST-11162,Female,0,Yes,No,16,Month-to-month,Fiber optic,No,No,No internet service,Yes,Bank transfer,47.31,755.09,1,Yes
CUST-11163,Female,0,No,No,4,Month-to-month,Fiber optic,No,No internet service,No,No,Electronic check,100.09,465.15,1,Yes
CUST-11164,Female,0,Yes,No,70,One year,DSL,No,Yes,Yes,Yes,Bank transfer,63.02,4399.64,1,No
CUST-11165,Male,0,Yes,No,16,One year,Fiber optic,No,Yes,No internet service,Yes,Bank transfer,68.87,1068.6,4,Yes
CUST-11166,Male,1,Yes,No,37,One year,DSL,No,No internet service,Yes,No,Mailed check,51.76,1860.24,1,No
CUST-11167,Male,0,Yes,Yes,60,Two year,No,No internet service,No internet service,Yes,No,Bank transfer,87.13,5226.11,1,No
CUST-11168,Female,0,No,No,72,Month-to-month,DSL,Yes,Yes,Yes,No,Mailed check,76.44,5464.02,0,Yes
CUST-11169,Female,0,No,Yes,59,One year,DSL,No internet service,No,No internet service,Yes,Bank transfer,71.29,4276.33,1,No
CUST-11170,Female,0,Yes,No,24,Month-to-month,Fiber optic,No,No,No,No,Mailed check,41.97,963.72,0,Yes
CUST-11171,Female,0,Yes,No,62,One year,DSL,No,Yes,No,No,Credit card,86.88,5352.06,1,No
CUST-11172,Male,0,No,No,0,Month-to-month,Fiber optic,No internet service,Yes,No internet service,No,Electronic check,80.14,29.05,0,Yes
CUST-11173,Male,0,No,No,23,One year,Fiber optic,No,Yes,No internet service,Yes,Mailed check,85.3,2021.19,6,Yes
CUST-11174,Male,0,No,No,14,Month-to-month,No,Yes,No,No internet service,Yes,Bank transfer,65.74,956.91,0,No
CUST-11175,Male,0,Yes,Yes,38,Month-to-month,DSL,Yes,Yes,Yes,Yes,Electronic check,63.5,2465.93,4,Yes
CUST-11176,Male,0,No,Yes,65,Month-to-month,Fiber optic,No internet service,No,No,No,Bank transfer,61.36,3984.39,0,Yes
CUST-11177,Male,0,No,No,56,Two year,Fiber optic,No,Yes,No,Yes,Electronic check,110.58,6189.17,1,No
CUST-11178,Male,0,No,No,72,Month-to-month,DSL,No,Yes,No internet service,Yes,Bank transfer,54.15,3999.39,4,No
CUST-11179,Male,0,Yes,No,9,Month-to-month,Fiber optic,No internet service,Yes,No,Yes,Mailed check,41.28,456.03,2,No
CUST-11180,Female,0,No,Yes,54,Month-to-month,No,Yes,No,Yes,No,Electronic check,57.53,3142.33,2,No
CUST-11181,Female,1,Yes,No,52,Month-to-month,Fiber optic,Yes,Yes,No internet service,Yes,Mailed check,54.34,2881.01,1,Yes
CUST-11182,Female,0,Yes,No,33,Two year,No,No,Yes,No,No,Mailed check,90.2,3019.53,1,No
CUST-11183,Male,0,No,No,7,Two year,Fiber optic,No internet service,Yes,No internet service,Yes,Electronic check,37.88,204.86,1,No
CUST-11184,Male,0,No,Yes,7,Two year,Fiber optic,Yes,No internet service,No,No,Bank transfer,53.77,374.41,1,Yes
CUST-11185,Male,0,Yes,No,66,Two year,No,No internet service,No,No,Yes,Bank transfer,68.81,4616.3,2,No
CUST-11186,Male,0,Yes,Yes,21,Month-to-month,DSL,No internet service,No internet service,Yes,Yes,Bank transfer,90.37,1933.79,0,Yes
CUST-11187,Female,0,Yes,No,46,Month-to-month,Fiber optic,Yes,Yes,Yes,Yes,Credit card,79.26,3642.78,0,No
CUST-11188,Female,0,Yes,Yes,69,One year,Fiber optic,Yes,No,Yes,Yes,Bank transfer,97.38,6794.66,0,No
CUST-11189,Male,0,No,No,36,One year,No,No internet service,Yes,Yes,No,Credit card,71.92,2607.59,2,No
CUST-11190,Male,1,Yes,No,15,Month-to-month,No,Yes,Yes,No,No,Bank transfer,60.93,951.73,2,No
CUST-11191,Male,0,No,Yes,35,One year,DSL,No internet service,Yes,Yes,Yes,Bank transfer,82.11,2892.58,1,No
CUST-11192,Male,1,Yes,No,16,Month-to-month,Fiber optic,No internet service,Yes,Yes,Yes,Credit card,37.66,629.62,0,Yes
CUST-11193,Female,1,No,No,13,Month-to-month,DSL,Yes,Yes,No internet service,Yes,Bank transfer,30.8,431.03,0,Yes
CUST-11194,Female,1,No,No,59,Month-to-month,Fiber optic,Yes,Yes,No internet service,Yes,Bank transfer,84.53,5052.25,2,Yes
CUST-11195,Female,0,No,No,25,Two year,Fiber optic,No,Yes,Yes,No,Bank transfer,69.21,1801.75,2,Yes
CUST-11196,Female,0,No,Yes,49,One year,DSL,No,No internet service,No internet service,No,Credit card,84.28,4107.17,3,Yes
CUST-11197,Female,0,No,No,53,Month-to-month,No,No internet service,Yes,Yes,Yes,Mailed check,47.95,2559.13,2,No
CUST-11198,Female,0,No,No,40,Two year,Fiber optic,No,No,Yes,Yes,Electronic check,90.7,3691.55,4,No
CUST-11199,Female,1,No,No,39,Two year,Fiber optic,No internet service,No,No,No,Mailed check,78.41,3051.41,2,Yes
CUST-11200,Female,0,Yes,No,13,Month-to-month,No,Yes,No,Yes,No,Electronic check,64.38,771.5,1,Yes
CUST-11201,Male,0,No,No,38,One year,Fiber optic,Yes,No internet service,Yes,No,Mailed check,69.15,2582.27,2,No
CUST-11202,Female,0,No,Yes,54,Month-to-month,Fiber optic,Yes,No,No internet service,Yes,Credit card,71.94,3842.78,3,No
CUST-11203,Female,0,Yes,No,14,Month-to-month,DSL,No,Yes,No internet service,Yes,Electronic check,47.87,647.27,0,No
CUST-11204,Female,0,No,No,16,Month-to-month,DSL,Yes,Yes,Yes,Yes,Credit card,57.3,879.49,2,No
CUST-11205,Female,0,Yes,No,50,Month-to-month,DSL,No internet service,Yes,Yes,No,Bank transfer,71.62,3632.46,3,Yes
CUST-11206,Female,1,No,No,71,Month-to-month,DSL,No internet service,No internet service,No internet service,Yes,Mailed check,56.5,3997.66,4,No
CUST-11207,Female,0,No,Yes,28,Month-to-month,DSL,No internet service,No,No internet service,No,Mailed check,35.61,1060.14,0,No
CUST-11208,Male,0,No,Yes,60,Month-to-month,Fiber optic,No internet service,Yes,Yes,Yes,Credit card,70.9,,1,No
CUST-11209,Female,0,No,No,13,One year,Fiber optic,Yes,No,No internet service,No,Electronic check,81.72,1044.69,1,Yes
CUST-11210,Female,1,Yes,No,41,One year,DSL,No internet service,No,Yes,Yes,Bank transfer,86.37,3546.38,3,No
CUST-11211,Female,0,Yes,No,68,Month-to-month,Fiber optic,No,Yes,No,No,Mailed check,75.65,5184.73,1,No
CUST-11212,Male,0,No,No,32,Month-to-month,No,No internet service,No internet service,No internet service,Yes,Bank transfer,81.37,2661.02,2,Yes
CUST-11213,Female,0,Yes,No,36,Month-to-month,DSL,No internet service,No internet service,No,No,Credit card,84.75,3024.08,1,Yes
CUST-11214,Male,1,No,No,11,Two year,Fiber optic,No,No,No,Yes,Credit card,66.59,782.16,1,No
CUST-11215,Male,0,Yes,Yes,38,Two year,DSL,Yes,No internet service,No internet service,No,Mailed check,22.62,,1,No
CUST-11216,Female,0,No,No,42,Month-to-month,Fiber optic,No internet service,Yes,No,No,Bank transfer,88.2,3747.97,1,No
CUST-11217,Female,1,No,No,71,One year,Fiber optic,No,No internet service,No internet service,Yes,Mailed check,47.13,3279.18,1,No
CUST-11218,Female,0,No,Yes,14,One year,DSL,No,No,No internet service,Yes,Bank transfer,42.38,615.65,1,No
CUST-11219,Male,0,No,Yes,26,Two year,DSL,No,No internet service,Yes,Yes,Electronic check,42.93,1172.64,1,No
CUST-11220,Female,0,Yes,Yes,47,Month-to-month,No,No internet service,No internet service,No internet service,Yes,Credit card,114.69,5434.79,2,No
CUST-11221,Female,0,Yes,Yes,68,Month-to-month,DSL,No,No,No internet service,No,Electronic check,73.81,4937.12,1,No
CUST-11222,Female,0,Yes,No,17,One year,Fiber optic,Yes,Yes,No internet service,Yes,Electronic check,44.17,728.53,1,Yes
CUST-11223,Female,0,No,Yes,50,Month-to-month,Fiber optic,No internet service,No internet service,No,Yes,Credit card,51.33,,1,No
CUST-11224,Male,0,No,No,64,Month-to-month,DSL,No,No,No,Yes,Mailed check,64.99,4193.77,3,No
CUST-11225,Female,0,No,Yes,46,Month-to-month,Fiber optic,Yes,No,No,Yes,Electronic check,75.85,3502.9,1,Yes
CUST-11226,Male,0,Yes,Yes,31,Month-to-month,Fiber optic,No,No internet service,No internet service,Yes,Bank transfer,70.59,2078.21,1,No
CUST-11227,Female,0,No,No,17,One year,DSL,No internet service,No internet service,No,No,Mailed check,46.43,849.21,0,No
CUST-11228,Male,0,Yes,Yes,21,One year,No,No internet service,Yes,Yes,Yes,Credit card,71.34,1566.95,1,No
CUST-11229,Male,1,Yes,No,3,Month-to-month,Fiber optic,Yes,No,No internet service,No,Credit card,52.78,166.53,1,No
CUST-11230,Female,0,Yes,No,11,Two year,Fiber optic,No,No internet service,Yes,No,Bank transfer,85.94,956.77,0,No
CUST-11231,Female,0,No,Yes,31,Month-to-month,DSL,No internet service,Yes,No,Yes,Mailed check,66.13,2075.18,0,Yes
CUST-11232,Female,0,Yes,Yes,10,Two year,DSL,No,No,Yes,No,Mailed check,49.81,571.12,0,No
CUST-11233,Female,0,No,No,0,Month-to-month,Fiber optic,No,Yes,No,No,Bank transfer,78.78,12.53,1,Yes
CUST-11234,Female,0,No,No,50,Two year,Fiber optic,Yes,Yes,No,Yes,Credit card,72.66,3623.44,0,No
CUST-11235,Male,0,No,No,5,Two year,DSL,Yes,No,Yes,Yes,Bank transfer,55.5,296.58,0,No
CUST-11236,Male,0,No,No,10,Two year,Fiber optic,No internet service,No internet service,No internet service,No,Electronic check,79.6,795.44,3,No
CUST-11237,Male,0,Yes,No,43,Two year,Fiber optic,No internet service,No,No,Yes,Electronic check,77.58,3335.95,2,No
CUST-11238,Male,0,Yes,No,67,Month-to-month,DSL,No,Yes,No,Yes,Bank transfer,89.04,5877.39,1,No
CUST-11239,Male,0,No,No,52,One year,Fiber optic,No internet service,No internet service,Yes,Yes,Mailed check,79.2,4144.54,0,No
CUST-11240,Female,0,No,No,2,One year,Fiber optic,No internet service,Yes,No internet service,Yes,Mailed check,60.72,,2,Yes
CUST-11241,Female,1,No,Yes,12,Month-to-month,Fiber optic,No,Yes,No internet service,No,Mailed check,31.19,425.3,1,Yes
CUST-11242,Female,0,No,No,54,Two year,Fiber optic,No,No,No,Yes,Bank transfer,68.73,3758.97,3,No
CUST-11243,Male,0,Yes,No,53,Month-to-month,Fiber optic,Yes,No internet service,No,Yes,Electronic check,71.84,3804.87,1,Yes
CUST-11244,Female,0,Yes,No,28,Month-to-month,No,Yes,Yes,No,No,Electronic check,66.02,1855.84,1,Yes
CUST-11245,Female,0,Yes,No,69,Two year,No,No,Yes,No internet service,Yes,Electronic check,18.0,,1,No
CUST-11246,Female,0,Yes,No,64,Month-to-month,Fiber optic,No,No internet service,Yes,Yes,Bank transfer,78.58,5072.49,1,Yes
CUST-11247,Male,0,No,Yes,54,Month-to-month,Fiber optic,No internet service,No,No internet service,Yes,Bank transfer,46.76,2599.36,0,No
CUST-11248,Male,0,No,No,54,Month-to-month,No,Yes,No internet service,No internet service,No,Credit card,78.71,4216.7,4,Yes
CUST-11249,Female,0,No,No,57,One year,No,Yes,No,No internet service,No,Electronic check,99.01,5609.62,4,No
CUST-11250,Male,0,No,No,10,Two year,DSL,Yes,Yes,No internet service,Yes,Electronic check,59.94,582.77,3,No
CUST-11251,Male,0,Yes,No,51,Month-to-month,DSL,No internet service,Yes,No internet service,No,Electronic check,73.77,3715.12,0,No
CUST-11252,Male,0,No,No,68,One year,Fiber optic,No internet service,No,Yes,No,Bank transfer,65.66,4398.81,1,Yes
CUST-11253,Female,0,Yes,No,16,One year,No,Yes,No,Yes,No,Bank transfer,75.51,1231.59,0,No
CUST-11254,Female,1,Yes,No,1,One year,No,No internet service,No internet service,Yes,No,Electronic check,67.07,87.1,2,No
CUST-11255,Male,0,Yes,Yes,26,One year,No,No internet service,Yes,No,No,Mailed check,54.66,1433.47,2,No
CUST-11256,Male,1,No,No,19,Two year,DSL,No,Yes,No,No,Electronic check,46.9,908.79,2,Yes
CUST-11257,Female,0,No,No,69,Month-to-month,No,No,Yes,Yes,Yes,Bank transfer,96.81,6606.7,1,No
CUST-11258,Female,0,No,No,32,Month-to-month,DSL,No,No,No,Yes,Bank transfer,73.77,2336.64,1,No
CUST-11259,Female,0,No,Yes,48,One year,Fiber optic,Yes,No internet service,Yes,Yes,Electronic check,81.61,3902.61,2,Yes
CUST-11260,Male,0,Yes,No,71,Month-to-month,Fiber optic,Yes,No internet service,No,Yes,Electronic check,72.98,5184.01,2,Yes
CUST-11261,Female,1,Yes,No,57,Month-to-month,Fiber optic,No internet service,Yes,No,No,Bank transfer,84.52,4744.65,3,No
CUST-11262,Male,0,No,No,54,Month-to-month,Fiber optic,Yes,No,No internet service,No,Credit card,47.08,2495.93,1,No
CUST-11263,Female,0,Yes,Yes,70,Month-to-month,DSL,Yes,No internet service,No internet service,No,Credit card,66.66,4644.38,1,No
CUST-11264,Male,0,No,No,50,Two year,DSL,No internet service,Yes,No,No,Bank transfer,75.11,,2,No
CUST-11265,Male,1,Yes,Yes,16,Month-to-month,No,No internet service,No internet service,No internet service,No,Bank transfer,90.85,1466.69,1,Yes
CUST-11266,Male,0,Yes,No,53,One year,DSL,No internet service,Yes,Yes,No,Credit card,118.46,6329.46,1,No
CUST-11267,Male,0,Yes,No,23,One year,Fiber optic,Yes,Yes,Yes,Yes,Credit card,73.15,1676.33,2,Yes
CUST-11268,Female,1,Yes,No,24,Month-to-month,DSL,No internet service,Yes,No internet service,Yes,Credit card,51.78,1242.77,0,No
CUST-11269,Male,1,No,No,47,Month-to-month,DSL,Yes,No internet service,No internet service,Yes,Mailed check,41.09,1956.18,2,No
CUST-11270,Male,0,No,No,23,Month-to-month,DSL,Yes,No internet service,Yes,Yes,Mailed check,46.9,1069.84,2,Yes
CUST-11271,Male,0,No,No,1,Month-to-month,Fiber optic,No internet service,No internet service,Yes,Yes,Electronic check,49.52,18.28,2,Yes
CUST-11272,Female,1,No,Yes,72,Month-to-month,Fiber optic,Yes,No internet service,Yes,Yes,Electronic check,18.0,1221.51,2,No
CUST-11273,Female,0,Yes,Yes,41,One year,DSL,No,No internet service,Yes,Yes,Mailed check,51.49,2081.19,0,No
CUST-11274,Female,0,Yes,No,48,Month-to-month,No,Yes,No,No,Yes,Credit card,79.33,3849.65,1,No
CUST-11275,Female,0,Yes,No,59,Month-to-month,DSL,Yes,No internet service,Yes,No,Mailed check,66.51,3987.12,5,No
CUST-11276,Female,0,No,No,46,Month-to-month,Fiber optic,No internet service,Yes,No internet service,Yes,Bank transfer,59.83,2713.52,4,Yes
CUST-11277,Female,0,Yes,No,44,Month-to-month,DSL,No,No,No,No,Credit card,32.56,1345.95,0,No
CUST-11278,Male,0,Yes,No,57,Month-to-month,No,No internet service,No internet service,No internet service,Yes,Mailed check,86.01,4948.9,1,No
CUST-11279,Female,0,No,No,21,Two year,DSL,Yes,No internet service,No,No,Mailed check,75.24,1583.5,2,No
CUST-11280,Female,0,No,No,60,Month-to-month,Fiber optic,No internet service,No,No internet service,No,Bank transfer,64.74,3817.05,1,No
CUST-11281,Female,0,No,Yes,52,Month-to-month,Fiber optic,No internet service,Yes,Yes,No,Mailed check,20.95,933.86,0,No
CUST-11282,Male,0,Yes,Yes,13,One year,Fiber optic,No internet service,No internet service,No,Yes,Mailed check,55.18,669.17,0,No
CUST-11283,Female,0,No,Yes,10,One year,No,Yes,Yes,Yes,No,Credit card,73.67,713.55,0,Yes
CUST-11284,Male,0,No,No,64,One year,DSL,Yes,No internet service,No internet service,Yes,Mailed check,64.43,4065.94,1,No
CUST-11285,Male,0,Yes,No,65,Month-to-month,Fiber optic,No,No internet service,No,Yes,Mailed check,68.84,,2,No
CUST-11286,Female,0,No,No,72,One year,No,Yes,No internet service,Yes,No,Credit card,78.71,5626.49,2,No
CUST-11287,Male,0,No,Yes,7,Month-to-month,No,Yes,Yes,No internet service,Yes,Bank transfer,68.09,477.25,2,No
CUST-11288,Male,1,Yes,No,65,One year,Fiber optic,No internet service,Yes,No internet service,Yes,Credit card,77.99,5188.02,3,No
CUST-11289,Female,0,Yes,Yes,63,Month-to-month,Fiber optic,No internet service,No,Yes,No,Mailed check,48.13,3038.06,1,No
CUST-11290,Male,0,Yes,No,56,One year,Fiber optic,No internet service,No,No internet service,Yes,Credit card,40.54,2264.46,3,No
CUST-11291,Female,0,No,Yes,36,One year,Fiber optic,No internet service,No,No internet service,No,Credit card,74.55,2679.15,0,No
CUST-11292,Male,0,Yes,No,37,One year,No,Yes,Yes,No,Yes,Electronic check,78.65,2943.5,2,Yes
CUST-11293,Male,1,No,Yes,31,Month-to-month,No,No internet service,No,No,Yes,Electronic check,75.38,2364.03,1,Yes
CUST-11294,Female,1,No,No,2,One year,Fiber optic,Yes,No internet service,No internet service,Yes,Bank transfer,67.63,85.08,0,Yes
CUST-11295,Female,0,Yes,No,36,One year,Fiber optic,No,No internet service,No,Yes,Bank transfer,58.52,2086.16,3,No
CUST-11296,Male,0,No,No,17,Month-to-month,Fiber optic,Yes,No,No,No,Electronic check,69.22,1143.37,1,No
CUST-11297,Female,0,No,Yes,14,Month-to-month,DSL,Yes,Yes,Yes,No,Bank transfer,72.59,1002.13,3,Yes
CUST-11298,Female,0,No,No,4,Month-to-month,No,No internet service,Yes,No internet service,Yes,Electronic check,73.79,386.49,2,Yes
CUST-11299,Male,0,Yes,No,33,Month-to-month,Fiber optic,Yes,Yes,No internet service,Yes,Credit card,117.14,3896.49,4,Yes
CUST-11300,Female,1,Yes,No,3,One year,DSL,No internet service,Yes,Yes,No,Bank transfer,46.58,135.75,2,No
CUST-11301,Male,0,No,No,62,Month-to-month,Fiber optic,No internet service,No internet service,No,Yes,Credit card,120.0,7502.23,4,Yes
CUST-11302,Female,0,Yes,No,64,One year,DSL,No,No,Yes,Yes,Electronic check,39.86,2560.46,3,No
CUST-11303,Female,0,Yes,No,58,One year,DSL,Yes,No internet service,No,Yes,Credit card,72.71,4135.28,1,No
CUST-11304,Female,0,No,No,21,One year,Fiber optic,No,Yes,Yes,No,Mailed check,41.1,946.3,3,No
CUST-11305,Female,0,Yes,No,11,One year,Fiber optic,No,No internet service,No internet service,Yes,Electronic check,71.12,774.5,2,No
CUST-11306,Male,0,No,Yes,36,One year,Fiber optic,No,Yes,No internet service,Yes,Mailed check,84.64,2934.24,0,No
CUST-11307,Male,0,Yes,No,49,Month-to-month,DSL,No,Yes,No internet service,No,Mailed check,65.65,3136.87,2,No
CUST-11308,Male,0,Yes,Yes,1,Month-to-month,Fiber optic,No,No internet service,No internet service,No,Bank transfer,84.46,140.84,5,Yes
CUST-11309,Female,0,Yes,No,62,Two year,DSL,No internet service,No internet service,No internet service,No,Credit card,56.53,3425.69,1,No
CUST-11310,Female,0,Yes,No,32,Two year,No,Yes,No,Yes,No,Mailed check,24.0,835.46,0,No
CUST-11311,Male,1,Yes,Yes,59,Month-to-month,DSL,No,No,No internet service,No,Bank transfer,77.53,4578.32,1,No
CUST-11312,Female,0,Yes,No,5,Two year,No,Yes,No internet service,No internet service,No,Electronic check,65.61,363.74,2,Yes
CUST-11313,Female,0,Yes,No,31,Two year,DSL,No,No internet service,Yes,No,Credit card,55.41,1704.87,1,No
CUST-11314,Female,0,No,No,33,Month-to-month,DSL,Yes,Yes,Yes,Yes,Mailed check,56.79,,0,No
CUST-11315,Male,0,No,Yes,3,One year,Fiber optic,No internet service,Yes,No internet service,Yes,Credit card,73.13,235.22,1,Yes
CUST-11316,Female,0,Yes,No,51,One year,Fiber optic,No,Yes,No,No,Mailed check,48.71,2482.28,3,Yes
CUST-11317,Female,0,Yes,No,67,Month-to-month,No,No internet service,No,Yes,No,Mailed check,72.5,4804.23,1,No
CUST-11318,Male,0,Yes,No,39,Month-to-month,Fiber optic,Yes,Yes,No,Yes,Credit card,88.77,3479.96,1,Yes
CUST-11319,Male,1,Yes,No,28,Month-to-month,Fiber optic,No,No,No internet service,No,Electronic check,106.2,2882.75,0,Yes
CUST-11320,Male,0,No,Yes,46,One year,DSL,No internet service,Yes,No,No,Bank transfer,93.09,4328.72,0,No
CUST-11321,Male,0,No,Yes,26,Month-to-month,Fiber optic,No internet service,No,No,Yes,Mailed check,68.23,1783.83,0,No
CUST-11322,Female,0,Yes,No,26,One year,Fiber optic,Yes,No internet service,No,No,Mailed check,70.15,1847.11,0,No
CUST-11323,Female,1,No,No,55,One year,No,No,Yes,Yes,Yes,Bank transfer,57.0,3004.15,0,No
CUST-11324,Female,1,No,No,43,One year,Fiber optic,Yes,Yes,Yes,No,Credit card,55.69,2338.38,3,No
CUST-11325,Male,0,Yes,No,19,Month-to-month,Fiber optic,No,No,No,No,Mailed check,82.44,1541.07,0,Yes
CUST-11326,Female,0,No,No,29,Month-to-month,No,Yes,Yes,Yes,No,Bank transfer,58.85,1740.33,1,Yes
CUST-11327,Male,0,Yes,No,60,Month-to-month,DSL,Yes,No,No internet service,No,Electronic check,72.32,4292.06,2,No
CUST-11328,Female,0,No,Yes,38,Month-to-month,Fiber optic,No internet service,No internet service,No,No,Electronic check,45.75,1865.9,4,Yes
CUST-11329,Male,0,No,No,5,Month-to-month,No,No internet service,No,No,Yes,Bank transfer,92.41,448.88,1,Yes
CUST-11330,Male,0,Yes,Yes,62,Month-to-month,Fiber optic,No internet service,Yes,No,No,Bank transfer,58.55,3579.3,2,No
CUST-11331,Female,0,No,No,54,Month-to-month,Fiber optic,No internet service,No,No internet service,Yes,Electronic check,86.76,4675.7,2,Yes
CUST-11332,Male,0,No,No,19,One year,No,No,No internet service,No,Yes,Credit card,50.92,919.93,0,No
CUST-11333,Female,0,Yes,No,70,Month-to-month,DSL,Yes,Yes,Yes,Yes,Mailed check,49.87,3431.68,1,No
CUST-11334,Female,0,Yes,No,69,Month-to-month,No,No internet service,No internet service,No,Yes,Mailed check,91.56,6368.19,0,Yes
CUST-11335,Female,0,No,No,72,Two year,Fiber optic,Yes,No internet service,Yes,Yes,Mailed check,52.48,3804.22,1,No
CUST-11336,Female,0,Yes,No,27,Month-to-month,Fiber optic,Yes,Yes,No,Yes,Mailed check,33.64,934.09,1,No
CUST-11337,Male,0,Yes,No,67,Two year,DSL,No internet service,No,No,Yes,Bank transfer,44.2,3025.24,0,No
CUST-11338,Female,0,No,Yes,58,One year,Fiber optic,No,Yes,No,Yes,Electronic check,82.13,4787.87,3,Yes
CUST-11339,Male,0,Yes,No,63,Month-to-month,DSL,Yes,No,No,Yes,Electronic check,80.21,4999.86,3,No
CUST-11340,Female,0,No,No,39,Two year,DSL,No,No internet service,No,Yes,Credit card,49.75,1975.68,1,No
CUST-11341,Male,0,No,Yes,20,Two year,Fiber optic,No internet service,No internet service,No internet service,No,Bank transfer,52.37,991.07,2,Yes
CUST-11342,Male,0,No,No,16,One year,DSL,No,Yes,No internet service,Yes,Mailed check,78.46,1231.46,3,No
CUST-11343,Female,0,No,Yes,70,Month-to-month,Fiber optic,No internet service,No,No internet service,No,Credit card,91.32,6390.11,0,No
CUST-11344,Male,0,No,No,36,Month-to-month,DSL,No,Yes,Yes,Yes,Credit card,63.62,2282.96,2,No
CUST-11345,Female,0,No,No,67,Month-to-month,DSL,No,Yes,No,No,Bank transfer,76.08,5007.8,3,No
CUST-11346,Female,0,No,No,40,One year,DSL,Yes,No internet service,Yes,No,Bank transfer,82.47,3250.42,2,No
CUST-11347,Female,0,Yes,No,39,Month-to-month,Fiber optic,Yes,No,No,No,Credit card,108.06,4213.21,0,Yes
CUST-11348,Female,0,No,Yes,5,Month-to-month,DSL,No internet service,No,No internet service,No,Credit card,41.89,178.92,2,Yes
CUST-11349,Female,0,Yes,Yes,29,Month-to-month,DSL,No,No internet service,No,No,Mailed check,51.63,1553.58,1,No
CUST-11350,Male,0,No,Yes,40,Month-to-month,Fiber optic,No internet service,No internet service,No internet service,Yes,Bank transfer,54.87,2259.67,1,No
CUST-11351,Male,0,Yes,Yes,7,Month-to-month,Fiber optic,No,Yes,No internet service,Yes,Electronic check,81.55,514.83,0,Yes
CUST-11352,Male,0,Yes,No,11,Month-to-month,Fiber optic,No,Yes,No internet service,Yes,Bank transfer,59.96,662.55,1,Yes
CUST-11353,Female,0,Yes,No,43,Two year,DSL,No,No,No internet service,No,Electronic check,71.24,3142.46,3,No
CUST-11354,Male,0,No,No,18,Month-to-month,No,No,No internet service,No internet service,No,Electronic check,67.44,1207.21,0,No
CUST-11355,Male,1,Yes,No,51,Month-to-month,Fiber optic,No internet service,Yes,No internet service,Yes,Bank transfer,65.03,3296.18,1,Yes
CUST-11356,Male,0,Yes,No,33,Month-to-month,Fiber optic,No internet service,No,Yes,No,Mailed check,67.15,2258.96,2,No
CUST-11357,Male,0,No,Yes,29,Month-to-month,DSL,No internet service,No internet service,Yes,Yes,Electronic check,85.6,2468.69,1,Yes
CUST-11358,Male,0,No,Yes,8,One year,DSL,No internet service,No internet service,No,No,Credit card,45.59,428.26,2,No
CUST-11359,Male,0,No,No,29,Month-to-month,Fiber optic,Yes,No,No internet service,No,Credit card,62.03,1769.13,0,No
CUST-11360,Male,0,Yes,No,39,Two year,DSL,No internet service,No internet service,No,Yes,Electronic check,40.69,1563.18,2,No
CUST-11361,Male,0,No,No,41,Two year,Fiber optic,No internet service,No internet service,Yes,No,Bank transfer,69.53,2890.24,1,No
CUST-11362,Male,0,No,No,19,Two year,DSL,No,No internet service,No internet service,Yes,Mailed check,61.09,1165.74,3,No
CUST-11363,Male,0,Yes,No,2,Two year,DSL,Yes,No internet service,No internet service,No,Credit card,86.38,178.18,2,Yes
CUST-11364,Female,0,No,Yes,68,Month-to-month,DSL,Yes,No internet service,No,No,Bank transfer,64.9,4317.73,1,No
CUST-11365,Male,0,Yes,Yes,69,One year,DSL,No internet service,Yes,No internet service,Yes,Mailed check,56.12,3854.61,2,No
CUST-11366,Male,0,Yes,Yes,66,Month-to-month,Fiber optic,No internet service,Yes,No internet service,Yes,Credit card,60.07,4007.82,2,No
CUST-11367,Male,0,No,No,21,One year,DSL,Yes,No,No internet service,Yes,Bank transfer,99.47,2049.68,0,Yes
CUST-11368,Female,1,Yes,No,43,Month-to-month,Fiber optic,No,No internet service,Yes,Yes,Electronic check,33.6,1479.83,4,No
CUST-11369,Female,0,Yes,No,10,Month-to-month,DSL,No,No internet service,Yes,No,Mailed check,52.45,537.9,1,No
CUST-11370,Female,0,Yes,Yes,66,Month-to-month,Fiber optic,Yes,No internet service,No,Yes,Credit card,65.72,4327.53,3,No
CUST-11371,Male,0,No,No,0,One year,No,No,Yes,No internet service,Yes,Bank transfer,52.27,67.89,0,Yes
CUST-11372,Male,0,Yes,No,34,One year,No,No internet service,No internet service,No internet service,Yes,Electronic check,74.81,2526.55,1,No
CUST-11373,Male,0,Yes,No,62,Month-to-month,Fiber optic,Yes,Yes,Yes,Yes,Credit card,63.87,3946.43,1,No
CUST-11374,Female,0,No,No,52,Month-to-month,Fiber optic,No internet service,Yes,No internet service,Yes,Mailed check,70.12,3635.68,0,No
CUST-11375,Female,0,No,Yes,63,Month-to-month,Fiber optic,No internet service,No internet service,No,No,Electronic check,67.36,4247.71,1,No
CUST-11376,Female,0,Yes,Yes,36,Two year,No,No,No internet service,No internet service,Yes,Credit card,62.94,2304.19,2,Yes
CUST-11377,Female,0,No,No,6,Month-to-month,Fiber optic,Yes,No,No internet service,No,Credit card,39.18,161.45,3,No
CUST-11378,Female,0,Yes,No,0,Month-to-month,DSL,Yes,Yes,Yes,Yes,Bank transfer,68.52,43.4,0,No
CUST-11379,Female,0,No,No,11,One year,Fiber optic,Yes,Yes,No,No,Bank transfer,29.73,330.43,0,No
CUST-11380,Female,0,No,No,4,One year,DSL,No,No internet service,Yes,Yes,Electronic check,51.56,233.94,4,Yes
CUST-11381,Male,0,No,No,32,Two year,Fiber optic,No,Yes,No,Yes,Bank transfer,74.78,2512.55,2,No
CUST-11382,Male,0,Yes,No,3,One year,DSL,Yes,No,No internet service,Yes,Credit card,88.79,240.79,1,No
CUST-11383,Female,0,No,Yes,13,Two year,DSL,No,Yes,No internet service,No,Electronic check,111.99,1394.64,3,No
CUST-11384,Male,0,No,Yes,30,Month-to-month,Fiber optic,No internet service,Yes,No internet service,No,Credit card,56.43,1702.59,3,Yes
CUST-11385,Male,0,Yes,No,53,Month-to-month,Fiber optic,Yes,No internet service,No,Yes,Electronic check,47.7,2545.71,3,Yes
CUST-11386,Female,0,Yes,No,49,Two year,Fiber optic,No internet service,No internet service,Yes,Yes,Mailed check,75.45,3740.63,0,No
CUST-11387,Male,1,No,Yes,4,Month-to-month,No,Yes,No,No,No,Electronic check,102.4,382.68,1,Yes
CUST-11388,Female,0,Yes,Yes,65,Two year,No,No,No,No,Yes,Mailed check,95.65,6175.74,3,No
CUST-11389,Female,0,No,Yes,40,Month-to-month,Fiber optic,Yes,No,No,No,Bank transfer,44.3,1695.35,1,No
CUST-11390,Male,0,Yes,Yes,25,Month-to-month,No,Yes,No,Yes,Yes,Credit card,62.19,1486.38,0,No
CUST-11391,Female,1,No,Yes,27,Month-to-month,Fiber optic,No internet service,No internet service,No internet service,No,Electronic check,82.01,2193.47,2,Yes
CUST-11392,Female,0,No,Yes,61,One year,DSL,No,No internet service,No,Yes,Credit card,83.39,5080.96,2,No
CUST-11393,Female,0,Yes,No,33,Two year,No,No,Yes,No,Yes,Credit card,76.84,2638.98,1,Yes
CUST-11394,Male,1,Yes,No,17,Month-to-month,Fiber optic,No,Yes,Yes,No,Electronic check,56.03,867.88,0,Yes
CUST-11395,Female,0,Yes,No,31,Month-to-month,No,Yes,No internet service,Yes,Yes,Credit card,76.66,2393.23,1,Yes
CUST-11396,Female,1,No,No,4,Month-to-month,DSL,No internet service,No,No,No,Credit card,83.59,298.06,3,No
CUST-11397,Female,0,No,No,11,Month-to-month,DSL,No,No,No,No,Electronic check,46.36,521.1,4,Yes
CUST-11398,Male,0,Yes,No,22,Month-to-month,DSL,Yes,No internet service,No internet service,Yes,Electronic check,91.6,1987.54,2,Yes
CUST-11399,Male,0,No,No,16,Two year,Fiber optic,No internet service,No,No internet service,Yes,Bank transfer,84.84,1409.21,3,No
CUST-11400,Female,0,No,No,25,Month-to-month,No,Yes,No,No,Yes,Mailed check,50.16,1305.46,0,Yes
CUST-11401,Male,1,Yes,Yes,4,Month-to-month,Fiber optic,No internet service,No,Yes,Yes,Mailed check,83.5,328.34,0,Yes
CUST-11402,Male,0,No,No,44,Month-to-month,DSL,Yes,Yes,Yes,No,Mailed check,81.26,3647.4,4,No
CUST-11403,Male,1,Yes,No,8,Month-to-month,Fiber optic,Yes,No internet service,Yes,No,Mailed check,82.02,694.17,2,Yes
CUST-11404,Male,0,No,No,15,Month-to-month,DSL,Yes,No internet service,Yes,Yes,Credit card,96.52,1517.43,2,No
CUST-11405,Male,0,Yes,Yes,71,One year,Fiber optic,No,No internet service,No internet service,No,Electronic check,64.79,4597.93,1,No
CUST-11406,Male,1,Yes,No,0,One year,Fiber optic,No,No,Yes,No,Electronic check,71.63,47.59,2,Yes
CUST-11407,Female,0,Yes,No,20,Two year,DSL,Yes,Yes,No internet service,No,Credit card,18.0,321.59,2,No
CUST-11408,Male,1,Yes,No,36,Month-to-month,Fiber optic,Yes,No,No,Yes,Credit card,87.32,,0,Yes
CUST-11409,Male,0,Yes,Yes,22,One year,Fiber optic,Yes,Yes,No,Yes,Credit card,85.39,1987.57,0,No
CUST-11410,Male,0,No,No,23,Two year,DSL,No,No internet service,No internet service,Yes,Credit card,92.12,2064.47,0,No
CUST-11411,Female,0,Yes,No,9,Two year,Fiber optic,No internet service,No,No internet service,No,Electronic check,46.27,394.62,1,No
CUST-11412,Male,0,No,Yes,30,Two year,Fiber optic,Yes,Yes,Yes,No,Credit card,84.24,2432.3,2,No
CUST-11413,Female,0,Yes,No,55,Month-to-month,Fiber optic,No internet service,No,No internet service,No,Mailed check,85.37,4653.06,1,Yes
CUST-11414,Female,0,Yes,No,42,Two year,DSL,No,No internet service,Yes,Yes,Mailed check,51.98,2133.45,1,No
CUST-11415,Female,0,No,No,67,Two year,DSL,Yes,Yes,No,No,Mailed check,86.12,5736.53,0,No
CUST-11416,Female,0,Yes,Yes,51,Two year,Fiber optic,Yes,No,No,No,Credit card,74.26,3802.25,4,No
CUST-11417,Male,1,Yes,No,57,One year,DSL,No internet service,No internet service,Yes,Yes,Bank transfer,31.04,1796.33,1,No
CUST-11418,Female,0,No,No,31,Two year,No,No internet service,No internet service,No,Yes,Electronic check,76.69,2327.05,3,No
CUST-11419,Male,0,Yes,Yes,44,Month-to-month,Fiber optic,No internet service,No internet service,No,Yes,Electronic check,49.66,2145.56,2,Yes
CUST-11420,Female,1,No,Yes,42,One year,Fiber optic,No,No,No internet service,No,Bank transfer,31.48,1376.34,1,No
CUST-11421,Female,0,Yes,Yes,59,One year,Fiber optic,No internet service,No,No internet service,Yes,Credit card,72.33,4352.73,2,No
CUST-11422,Female,0,No,Yes,36,One year,Fiber optic,No internet service,No,No,Yes,Bank transfer,63.69,2355.64,1,Yes
CUST-11423,Female,0,Yes,No,29,One year,DSL,No internet service,No,No internet service,Yes,Credit card,93.08,2617.0,0,Yes
CUST-11424,Male,0,Yes,No,5,Month-to-month,DSL,No,Yes,No internet service,No,Electronic check,68.63,402.62,4,No
CUST-11425,Female,0,No,Yes,62,Month-to-month,Fiber optic,No,Yes,Yes,No,Mailed check,80.57,5088.02,0,No
CUST-11426,Female,0,No,No,31,Month-to-month,Fiber optic,No internet service,No internet service,No internet service,No,Bank transfer,75.18,2245.78,2,No
CUST-11427,Female,0,No,Yes,58,One year,No,No internet service,No,No internet service,No,Credit card,85.42,5008.5,1,No
CUST-11428,Male,0,Yes,No,49,One year,Fiber optic,No,No,Yes,No,Mailed check,47.27,2327.49,2,No
CUST-11429,Female,0,Yes,No,0,Two year,Fiber optic,Yes,No,No internet service,No,Bank transfer,68.97,0.0,2,Yes
CUST-11430,Male,0,No,No,47,One year,DSL,No,No,Yes,Yes,Electronic check,62.19,2928.24,2,No
CUST-11431,Male,0,Yes,No,35,One year,DSL,No,No internet service,No,No,Bank transfer,78.07,2754.61,1,No
CUST-11432,Male,0,Yes,No,17,Month-to-month,No,No internet service,No,No internet service,No,Credit card,70.12,1249.92,3,No
CUST-11433,Female,1,Yes,Yes,19,One year,DSL,Yes,No,No internet service,No,Credit card,52.72,1056.98,1,No
CUST-11434,Male,0,No,Yes,46,Two year,No,Yes,No,No internet service,Yes,Mailed check,58.24,2603.69,1,No
CUST-11435,Male,0,Yes,No,6,One year,DSL,No internet service,Yes,No internet service,Yes,Mailed check,97.97,555.39,1,No
CUST-11436,Male,0,Yes,Yes,44,Two year,Fiber optic,No internet service,Yes,Yes,Yes,Credit card,31.11,1373.52,0,No
CUST-11437,Female,0,Yes,No,61,Two year,DSL,Yes,Yes,No internet service,Yes,Bank transfer,79.19,4909.2,1,No
CUST-11438,Male,0,Yes,Yes,6,Month-to-month,Fiber optic,Yes,Yes,No,Yes,Mailed check,89.83,402.61,3,Yes
CUST-11439,Female,0,Yes,No,0,One year,DSL,No,Yes,No internet service,Yes,Mailed check,76.58,0.0,1,No
CUST-11440,Female,1,Yes,No,4,Month-to-month,Fiber optic,No internet service,Yes,No,Yes,Bank transfer,104.42,341.29,1,Yes
CUST-11441,Female,0,Yes,No,53,Month-to-month,No,No internet service,No internet service,Yes,No,Bank transfer,83.77,4371.34,0,No
CUST-11442,Female,0,Yes,No,61,Month-to-month,Fiber optic,No,No,No,No,Bank transfer,72.68,4482.77,2,No
CUST-11443,Male,0,No,Yes,72,Month-to-month,DSL,Yes,No internet service,No internet service,No,Electronic check,55.67,3981.65,0,No
CUST-11444,Male,0,No,Yes,2,Month-to-month,Fiber optic,No,No,No internet service,Yes,Electronic check,73.05,29.42,2,No
CUST-11445,Male,0,Yes,No,35,One year,Fiber optic,Yes,No internet service,No,Yes,Electronic check,78.63,2744.13,1,Yes
CUST-11446,Female,0,Yes,No,3,Month-to-month,DSL,No,No internet service,Yes,Yes,Electronic check,65.07,297.0,2,Yes
CUST-11447,Female,0,Yes,No,27,Month-to-month,Fiber optic,Yes,No internet service,No internet service,No,Mailed check,50.14,1263.45,2,Yes
CUST-11448,Female,1,Yes,No,22,Month-to-month,No,Yes,Yes,No internet service,Yes,Mailed check,40.92,926.89,2,No
CUST-11449,Male,1,Yes,No,44,Month-to-month,Fiber optic,No internet service,Yes,No internet service,No,Mailed check,68.71,3101.63,1,Yes
CUST-11450,Male,0,No,Yes,66,Two year,Fiber optic,No internet service,Yes,No internet service,Yes,Credit card,35.39,2333.27,2,No
CUST-11451,Male,0,Yes,No,58,Month-to-month,Fiber optic,Yes,No internet service,No internet service,Yes,Electronic check,55.57,3319.46,2,No
CUST-11452,Male,0,No,No,4,Month-to-month,Fiber optic,No,No,No,Yes,Credit card,18.0,39.01,2,Yes
CUST-11453,Male,1,Yes,No,17,Two year,DSL,No,No internet service,No internet service,Yes,Electronic check,81.66,1460.52,2,No
CUST-11454,Female,0,Yes,No,20,Two year,Fiber optic,Yes,No internet service,No,Yes,Bank transfer,88.08,1822.1,2,Yes
CUST-11455,Male,0,Yes,No,18,One year,Fiber optic,No,Yes,No internet service,No,Credit card,66.58,1196.81,3,Yes
CUST-11456,Female,0,Yes,No,25,One year,DSL,No,No,Yes,Yes,Credit card,101.63,2466.39,0,No
CUST-11457,Male,0,Yes,No,44,Month-to-month,DSL,No internet service,No,Yes,Yes,Bank transfer,91.95,3995.71,0,Yes
CUST-11458,Male,0,Yes,Yes,53,One year,No,No,Yes,Yes,Yes,Electronic check,74.6,3836.59,1,No
CUST-11459,Female,1,Yes,No,68,Month-to-month,DSL,No internet service,No,No,No,Mailed check,62.74,4296.03,4,No
CUST-11460,Female,0,No,No,51,Month-to-month,DSL,No,Yes,No internet service,No,Mailed check,58.01,2982.23,1,Yes
CUST-11461,Male,1,No,No,21,Month-to-month,DSL,Yes,No internet service,Yes,No,Credit card,76.25,1605.21,0,Yes
CUST-11462,Male,0,Yes,Yes,13,One year,DSL,No,Yes,No internet service,Yes,Mailed check,62.18,802.2,2,No
CUST-11463,Male,0,No,No,27,Month-to-month,No,No internet service,Yes,No internet service,No,Credit card,75.96,2118.8,0,No
CUST-11464,Female,0,Yes,No,58,Month-to-month,Fiber optic,Yes,Yes,No internet service,Yes,Credit card,77.45,4506.99,3,No
CUST-11465,Male,0,Yes,Yes,72,Month-to-month,Fiber optic,No internet service,No internet service,No,No,Electronic check,60.41,4321.79,1,No
CUST-11466,Female,0,Yes,Yes,28,One year,Fiber optic,No,No internet service,Yes,No,Credit card,86.92,2441.12,2,No
CUST-11467,Male,0,Yes,Yes,12,Month-to-month,Fiber optic,No internet service,No internet service,No,Yes,Bank transfer,60.43,827.54,1,No
CUST-11468,Female,0,No,No,0,Month-to-month,Fiber optic,No internet service,No internet service,Yes,Yes,Bank transfer,65.43,31.11,1,Yes
CUST-11469,Male,0,No,No,5,Month-to-month,No,No,No internet service,Yes,Yes,Mailed check,45.45,207.75,4,Yes
CUST-11470,Female,0,No,Yes,46,One year,Fiber optic,No,No,No internet service,Yes,Mailed check,59.59,2738.92,2,No
CUST-11471,Female,0,No,No,43,Month-to-month,Fiber optic,Yes,Yes,No,Yes,Bank transfer,108.16,4674.05,0,No
CUST-11472,Male,0,No,No,46,Two year,Fiber optic,No internet service,No,No internet service,Yes,Electronic check,46.99,2140.49,0,No
CUST-11473,Male,1,Yes,No,1,Month-to-month,No,No internet service,Yes,No,Yes,Bank transfer,73.75,48.27,0,Yes
CUST-11474,Female,0,Yes,No,31,Month-to-month,DSL,Yes,Yes,No,No,Bank transfer,55.91,1732.64,1,Yes
CUST-11475,Male,0,Yes,No,13,Month-to-month,Fiber optic,No,No internet service,No internet service,Yes,Electronic check,20.72,345.31,3,No
CUST-11476,Male,0,No,No,24,Month-to-month,Fiber optic,No,Yes,No,No,Electronic check,76.18,1867.87,1,Yes
CUST-11477,Male,0,Yes,Yes,45,Month-to-month,Fiber optic,Yes,Yes,No internet service,Yes,Bank transfer,53.88,2404.12,2,Yes
CUST-11478,Male,0,No,No,20,Month-to-month,No,Yes,No,Yes,Yes,Bank transfer,71.38,1471.05,0,Yes
CUST-11479,Male,1,No,No,48,Two year,Fiber optic,Yes,Yes,No,Yes,Mailed check,84.79,4070.35,3,No
CUST-11480,Male,0,Yes,No,21,Month-to-month,DSL,Yes,No internet service,No internet service,No,Credit card,69.69,1480.72,0,No
CUST-11481,Male,0,Yes,No,37,Month-to-month,Fiber optic,Yes,No internet service,No internet service,Yes,Bank transfer,71.57,2660.77,2,Yes
CUST-11482,Male,0,No,No,33,Month-to-month,No,Yes,No,No internet service,No,Bank transfer,47.64,1466.61,2,No
CUST-11483,Male,0,Yes,No,28,Month-to-month,Fiber optic,No,Yes,Yes,No,Electronic check,79.14,2063.55,2,No
CUST-11484,Male,0,Yes,Yes,9,Month-to-month,No,No,No internet service,No,No,Bank transfer,61.21,562.22,1,No
CUST-11485,Female,0,Yes,No,42,Month-to-month,No,Yes,No,Yes,Yes,Credit card,25.03,1008.62,4,No
CUST-11486,Male,0,No,Yes,72,Month-to-month,No,Yes,Yes,No internet service,Yes,Electronic check,81.54,5788.92,1,No
CUST-11487,Male,0,Yes,Yes,46,Month-to-month,DSL,No,No internet service,No,Yes,Bank transfer,87.66,3991.26,0,No
CUST-11488,Male,0,No,Yes,54,Two year,Fiber optic,No internet service,No internet service,Yes,No,Electronic check,94.62,5155.71,1,No
CUST-11489,Female,0,Yes,Yes,58,One year,No,No internet service,No,No internet service,No,Electronic check,108.42,6306.25,0,No
CUST-11490,Male,0,No,No,2,Two year,No,No internet service,No,No internet service,No,Electronic check,80.47,199.53,1,Yes
CUST-11491,Male,0,No,No,57,Month-to-month,DSL,Yes,No internet service,Yes,Yes,Credit card,75.28,4313.61,1,No
CUST-11492,Male,0,Yes,No,17,Two year,DSL,No internet service,Yes,Yes,No,Credit card,86.83,1430.17,2,Yes
CUST-11493,Male,0,No,Yes,48,Month-to-month,DSL,Yes,No,Yes,No,Electronic check,47.26,2307.31,0,No
CUST-11494,Male,0,Yes,No,71,Month-to-month,Fiber optic,Yes,No,Yes,No,Bank transfer,31.56,2270.05,2,No
CUST-11495,Male,0,Yes,No,65,Two year,No,Yes,No,No,No,Bank transfer,55.46,3599.03,1,Yes
CUST-11496,Female,0,No,No,30,Month-to-month,Fiber optic,Yes,Yes,No internet service,Yes,Bank transfer,90.54,2719.14,2,Yes
CUST-11497,Female,0,Yes,No,61,Month-to-month,DSL,No,Yes,Yes,No,Bank transfer,51.78,3198.2,3,No
CUST-11498,Male,1,No,No,45,Two year,DSL,Yes,Yes,No,No,Credit card,74.31,3306.48,2,Yes
CUST-11499,Female,0,No,Yes,9,One year,No,No internet service,No,No,Yes,Electronic check,76.47,742.62,0,No
CUST-11500,Female,0,Yes,No,17,Month-to-month,DSL,No internet service,No internet service,No internet service,Yes,Electronic check,69.89,1216.38,2,Yes
CUST-11501,Male,0,Yes,No,69,Month-to-month,DSL,No,No,No,Yes,Electronic check,39.45,2722.16,1,No
CUST-11502,Male,0,No,Yes,66,Month-to-month,DSL,Yes,Yes,No internet service,Yes,Credit card,71.85,4818.66,0,No
CUST-11503,Male,0,Yes,No,65,Two year,No,No internet service,No internet service,No internet service,No,Electronic check,56.57,3612.33,1,No
CUST-11504,Female,0,Yes,No,28,Month-to-month,Fiber optic,Yes,No,Yes,Yes,Electronic check,99.06,2750.67,2,Yes
CUST-11505,Male,0,Yes,No,23,Month-to-month,DSL,No internet service,No internet service,Yes,No,Bank transfer,87.74,1983.91,3,No
CUST-11506,Female,0,Yes,No,58,Month-to-month,DSL,No internet service,Yes,Yes,Yes,Mailed check,57.27,3339.56,0,No
CUST-11507,Male,0,No,No,1,Two year,No,Yes,Yes,Yes,No,Bank transfer,100.31,159.43,1,No
CUST-11508,Female,0,Yes,No,65,One year,Fiber optic,Yes,No internet service,No,No,Mailed check,71.87,4622.4,1,No
CUST-11509,Female,0,No,No,44,Month-to-month,Fiber optic,No internet service,Yes,Yes,No,Electronic check,31.57,1554.35,4,Yes
CUST-11510,Male,0,No,No,46,Two year,DSL,No internet service,Yes,No,Yes,Bank transfer,63.43,2884.64,2,No
CUST-11511,Male,1,No,No,32,Month-to-month,DSL,No,No,Yes,No,Electronic check,97.71,3144.75,3,Yes
CUST-11512,Female,0,No,Yes,71,Two year,No,Yes,Yes,No,Yes,Mailed check,48.6,3450.73,1,No
CUST-11513,Male,0,No,No,54,Month-to-month,Fiber optic,No,No,No internet service,No,Credit card,63.64,3438.87,1,Yes
CUST-11514,Male,0,Yes,No,3,Month-to-month,Fiber optic,No,No,No,Yes,Electronic check,37.8,73.78,1,Yes
CUST-11515,Female,0,Yes,No,38,Month-to-month,No,Yes,Yes,No,Yes,Electronic check,40.98,1610.62,2,Yes
CUST-11516,Male,1,No,No,62,Two year,Fiber optic,No internet service,No,No,No,Credit card,48.32,2953.14,0,No
CUST-11517,Male,0,Yes,No,5,Two year,No,No,Yes,Yes,Yes,Mailed check,40.45,113.8,1,Yes
CUST-11518,Male,0,No,No,53,One year,DSL,Yes,Yes,No,Yes,Mailed check,52.63,2733.29,0,No
CUST-11519,Male,0,Yes,Yes,17,Month-to-month,DSL,No internet service,Yes,No internet service,Yes,Bank transfer,99.77,1768.36,3,No
CUST-11520,Female,0,No,Yes,36,Month-to-month,No,No,Yes,Yes,Yes,Electronic check,64.28,2376.6,3,Yes
CUST-11521,Female,0,No,No,64,Month-to-month,No,No,No,No internet service,No,Electronic check,80.71,5065.08,0,No
CUST-11522,Male,0,Yes,No,35,Month-to-month,Fiber optic,No,No,Yes,No,Credit card,86.83,3079.74,2,No
CUST-11523,Male,0,No,Yes,2,Month-to-month,Fiber optic,Yes,Yes,Yes,Yes,Credit card,42.83,0.0,0,No
CUST-11524,Female,0,Yes,Yes,1,One year,No,Yes,No,Yes,No,Credit card,48.37,47.01,1,Yes
CUST-11525,Male,0,Yes,Yes,53,One year,Fiber optic,Yes,No internet service,Yes,No,Electronic check,80.32,4196.57,1,No
CUST-11526,Male,0,No,No,67,Two year,DSL,Yes,Yes,Yes,No,Bank transfer,52.31,3549.31,4,No
CUST-11527,Male,1,No,No,21,Month-to-month,Fiber optic,No,Yes,No internet service,Yes,Credit card,78.99,1686.52,1,No
CUST-11528,Male,0,No,No,68,Month-to-month,Fiber optic,No,No internet service,No internet service,Yes,Credit card,98.55,6750.38,1,No
CUST-11529,Female,0,Yes,Yes,33,Month-to-month,Fiber optic,No internet service,No,No internet service,Yes,Mailed check,35.89,1169.61,3,No
CUST-11530,Male,0,Yes,Yes,4,Month-to-month,No,No internet service,Yes,Yes,No,Mailed check,57.86,221.87,2,No
CUST-11531,Male,0,Yes,Yes,38,One year,Fiber optic,No,No,No internet service,No,Electronic check,61.03,2244.18,1,No
CUST-11532,Female,0,No,No,71,One year,DSL,Yes,No,No internet service,No,Electronic check,54.47,3815.85,1,Yes
CUST-11533,Male,0,Yes,Yes,18,Month-to-month,DSL,Yes,Yes,Yes,Yes,Mailed check,52.84,998.55,2,No
CUST-11534,Female,1,No,No,70,Month-to-month,No,Yes,Yes,No,No,Electronic check,55.16,3879.56,0,No
CUST-11535,Male,0,No,No,47,Two year,DSL,Yes,No internet service,No internet service,Yes,Credit card,64.69,3045.65,1,Yes
CUST-11536,Male,0,Yes,No,28,Month-to-month,No,Yes,No internet service,Yes,No,Electronic check,68.3,1975.51,0,Yes
CUST-11537,Male,0,No,No,50,Month-to-month,DSL,No internet service,No internet service,Yes,Yes,Bank transfer,84.07,4138.49,2,No
CUST-11538,Female,0,Yes,Yes,29,One year,Fiber optic,No,Yes,No,No,Bank transfer,64.5,1906.51,2,No
CUST-11539,Female,0,Yes,Yes,6,One year,No,No internet service,No internet service,No,No,Electronic check,87.36,465.2,2,Yes
CUST-11540,Male,0,Yes,No,63,Month-to-month,Fiber optic,Yes,No,No,Yes,Mailed check,53.16,3422.97,2,No
CUST-11541,Male,1,No,No,27,Two year,No,Yes,No,No internet service,No,Credit card,40.97,1133.41,2,No
CUST-11542,Male,0,No,No,41,Two year,DSL,Yes,No internet service,No,No,Electronic check,58.9,2463.13,2,No
CUST-11543,Female,0,No,No,54,Month-to-month,Fiber optic,No,No,No internet service,Yes,Electronic check,74.25,3974.42,0,No
CUST-11544,Male,0,No,No,6,Month-to-month,Fiber optic,No,Yes,Yes,Yes,Electronic check,82.21,602.36,0,Yes
CUST-11545,Female,1,No,No,52,One year,No,No,Yes,Yes,No,Electronic check,94.2,4998.33,1,No
CUST-11546,Female,0,No,No,26,One year,DSL,No internet service,No internet service,Yes,Yes,Credit card,70.8,1862.32,4,No
CUST-11547,Female,0,No,Yes,39,Month-to-month,DSL,No,No,Yes,Yes,Electronic check,80.06,3181.1,1,Yes
CUST-11548,Male,1,Yes,Yes,33,Month-to-month,Fiber optic,No internet service,No,Yes,No,Mailed check,92.38,3033.45,1,No
CUST-11549,Male,0,Yes,Yes,56,One year,No,Yes,No,No internet service,Yes,Credit card,49.42,2704.1,0,No
CUST-11550,Male,1,No,No,13,Month-to-month,No,No,Yes,Yes,No,Credit card,60.8,830.19,3,Yes
CUST-11551,Female,0,No,No,7,Month-to-month,No,No,No,Yes,No,Electronic check,120.0,794.03,2,Yes
CUST-11552,Female,0,No,Yes,29,Month-to-month,Fiber optic,No,No internet service,Yes,Yes,Mailed check,82.13,2447.28,2,No
CUST-11553,Female,0,No,Yes,8,Month-to-month,Fiber optic,No internet service,Yes,Yes,No,Electronic check,75.21,654.07,3,Yes
CUST-11554,Male,0,No,No,17,Two year,No,No,No internet service,Yes,Yes,Electronic check,82.87,1420.55,5,No
CUST-11555,Male,0,No,No,47,One year,No,No,Yes,Yes,Yes,Credit card,38.29,1808.59,2,No
CUST-11556,Female,0,No,Yes,59,Month-to-month,No,No internet service,Yes,No,No,Mailed check,52.06,3121.0,1,No
CUST-11557,Female,0,Yes,No,50,Two year,No,No,Yes,Yes,No,Bank transfer,44.75,2251.23,3,No
CUST-11558,Female,0,No,No,23,Month-to-month,No,No,No,Yes,Yes,Electronic check,73.37,1667.29,1,Yes
CUST-11559,Female,0,No,No,59,Month-to-month,DSL,Yes,Yes,No internet service,No,Mailed check,57.62,3323.85,0,No
CUST-11560,Male,0,No,No,29,Month-to-month,DSL,Yes,No,Yes,No,Mailed check,66.91,1988.33,2,Yes
CUST-11561,Male,0,No,Yes,13,One year,No,Yes,No,Yes,Yes,Bank transfer,58.78,782.46,1,No
CUST-11562,Male,0,Yes,Yes,55,One year,Fiber optic,No,No,Yes,Yes,Credit card,32.47,1923.63,2,No
CUST-11563,Female,1,Yes,No,37,Two year,DSL,No internet service,No internet service,No,Yes,Electronic check,82.7,3055.1,1,Yes
CUST-11564,Female,0,No,Yes,27,Month-to-month,Fiber optic,Yes,No,No internet service,No,Bank transfer,29.76,818.62,3,Yes
CUST-11565,Male,0,No,No,48,Month-to-month,Fiber optic,No internet service,Yes,No internet service,Yes,Mailed check,50.45,2437.88,3,Yes
CUST-11566,Female,0,Yes,Yes,52,Month-to-month,No,No internet service,No internet service,No internet service,Yes,Credit card,38.69,2044.42,3,No
CUST-11567,Female,0,Yes,No,16,Two year,No,Yes,Yes,Yes,Yes,Mailed check,47.41,710.22,1,Yes
CUST-11568,Female,0,No,No,8,Month-to-month,DSL,Yes,No internet service,No,No,Mailed check,69.04,,2,Yes
CUST-11569,Female,0,Yes,No,37,One year,Fiber optic,No internet service,Yes,No,Yes,Bank transfer,89.7,3360.28,3,Yes
CUST-11570,Male,0,No,No,3,One year,DSL,No,No internet service,No internet service,Yes,Mailed check,33.78,84.7,2,No
CUST-11571,Male,1,Yes,No,46,Month-to-month,No,Yes,Yes,No,Yes,Credit card,53.86,2517.07,2,No
CUST-11572,Female,0,Yes,Yes,32,Month-to-month,DSL,No internet service,No,No internet service,Yes,Electronic check,30.02,965.48,0,No
CUST-11573,Female,0,No,No,15,Month-to-month,Fiber optic,No,No internet service,No internet service,Yes,Mailed check,52.89,813.44,0,No
CUST-11574,Male,1,No,Yes,43,One year,Fiber optic,No,No,No internet service,No,Electronic check,66.44,2914.48,1,No
CUST-11575,Male,1,No,No,27,Two year,Fiber optic,No internet service,Yes,No internet service,No,Electronic check,80.34,2157.81,0,Yes
CUST-11576,Female,0,No,No,28,Month-to-month,Fiber optic,Yes,Yes,No internet service,Yes,Electronic check,22.63,561.05,2,Yes
CUST-11577,Female,0,Yes,Yes,15,Two year,Fiber optic,No,No internet service,No internet service,No,Mailed check,76.01,1126.83,2,No
CUST-11578,Male,0,No,Yes,49,Month-to-month,Fiber optic,Yes,No,No,Yes,Electronic check,45.55,2190.67,0,No
CUST-11579,Female,0,No,No,65,Month-to-month,DSL,No,No internet service,No,No,Credit card,40.68,2537.91,1,No
CUST-11580,Male,0,No,Yes,45,Two year,Fiber optic,No internet service,Yes,No,Yes,Bank transfer,66.35,2980.42,1,No
CUST-11581,Male,0,Yes,No,17,Two year,Fiber optic,No,No,No internet service,No,Credit card,77.54,1328.13,1,No
CUST-11582,Female,0,No,Yes,60,Month-to-month,DSL,No internet service,No,Yes,No,Credit card,62.99,3830.44,0,No
CUST-11583,Male,0,Yes,No,8,One year,Fiber optic,Yes,No internet service,No,No,Credit card,43.14,288.15,4,No
CUST-11584,Female,0,No,No,21,Two year,DSL,No,No internet service,No,Yes,Mailed check,62.98,1327.01,0,No
CUST-11585,Male,0,No,No,2,One year,No,No internet service,No,No,Yes,Credit card,50.5,157.4,2,No
CUST-11586,Female,0,Yes,Yes,61,One year,DSL,Yes,Yes,No,No,Mailed check,77.08,4673.15,2,No
CUST-11587,Male,0,No,No,3,Month-to-month,Fiber optic,Yes,No internet service,Yes,Yes,Credit card,86.51,286.34,2,Yes
CUST-11588,Female,0,No,No,39,Month-to-month,DSL,No internet service,Yes,No internet service,Yes,Electronic check,85.23,3403.86,0,No
CUST-11589,Male,1,No,No,13,One year,Fiber optic,Yes,Yes,Yes,Yes,Credit card,64.61,746.81,1,No
CUST-11590,Female,1,No,No,15,Month-to-month,DSL,Yes,No internet service,Yes,Yes,Mailed check,87.45,1325.38,4,Yes
CUST-11591,Male,1,No,No,44,Month-to-month,Fiber optic,No internet service,No internet service,Yes,Yes,Bank transfer,44.58,2019.66,2,No
CUST-11592,Male,1,Yes,No,58,Month-to-month,DSL,Yes,No internet service,No,Yes,Mailed check,100.66,5820.74,1,Yes
CUST-11593,Male,1,No,No,1,Month-to-month,Fiber optic,No,Yes,Yes,No,Electronic check,44.47,113.81,3,No
CUST-11594,Female,0,No,No,11,Month-to-month,Fiber optic,Yes,No internet service,No internet service,Yes,Mailed check,24.4,300.11,0,Yes
CUST-11595,Male,0,Yes,No,20,Month-to-month,No,No,No,No internet service,Yes,Bank transfer,92.31,1934.67,3,No
CUST-11596,Female,0,Yes,Yes,68,Month-to-month,Fiber optic,Yes,Yes,No,Yes,Electronic check,50.8,3483.52,0,No
CUST-11597,Female,0,Yes,No,4,Month-to-month,Fiber optic,Yes,No internet service,No internet service,No,Electronic check,67.33,361.95,1,Yes
CUST-11598,Female,0,No,No,13,Two year,No,No internet service,No internet service,Yes,Yes,Credit card,44.38,591.94,1,No
CUST-11599,Female,0,Yes,No,29,One year,DSL,Yes,No,Yes,No,Electronic check,112.27,3187.44,1,Yes
CUST-11600,Male,1,No,No,23,Month-to-month,Fiber optic,Yes,Yes,No,No,Bank transfer,101.44,2301.57,2,Yes
CUST-11601,Female,0,No,No,3,Month-to-month,Fiber optic,Yes,Yes,No internet service,No,Mailed check,95.93,338.71,0,Yes
CUST-11602,Female,1,Yes,No,39,Month-to-month,Fiber optic,No internet service,No,No,Yes,Mailed check,66.77,2653.96,5,Yes
CUST-11603,Male,0,No,No,44,One year,DSL,No,Yes,No internet service,No,Mailed check,84.61,3707.31,1,No
CUST-11604,Male,0,No,No,12,One year,Fiber optic,Yes,Yes,No,Yes,Mailed check,63.94,857.5,2,Yes
CUST-11605,Female,0,No,No,50,One year,Fiber optic,No,Yes,No,Yes,Bank transfer,87.44,4354.3,3,No
CUST-11606,Male,0,No,No,4,One year,Fiber optic,No,No internet service,No internet service,Yes,Credit card,56.79,250.26,2,Yes
CUST-11607,Female,0,Yes,Yes,53,Month-to-month,DSL,No,No,No internet service,No,Mailed check,96.69,5146.28,3,No
CUST-11608,Male,0,Yes,No,18,Month-to-month,Fiber optic,Yes,No,No,Yes,Electronic check,55.78,937.52,3,Yes
CUST-11609,Male,1,Yes,No,16,Month-to-month,No,No internet service,No,No internet service,Yes,Electronic check,58.05,923.28,4,Yes
CUST-11610,Female,0,Yes,No,14,Month-to-month,DSL,No internet service,Yes,No,No,Bank transfer,55.67,898.4,2,No
CUST-11611,Male,0,No,No,63,Month-to-month,Fiber optic,No internet service,No,No,Yes,Credit card,68.85,4291.44,1,No
CUST-11612,Female,0,Yes,No,36,One year,No,No internet service,No internet service,Yes,Yes,Electronic check,57.24,2091.9,0,Yes
CUST-11613,Female,0,No,No,50,Month-to-month,No,Yes,No internet service,Yes,No,Bank transfer,74.75,3679.78,0,No
CUST-11614,Male,0,No,No,14,One year,DSL,No,Yes,No internet service,No,Electronic check,55.38,728.69,5,No
CUST-11615,Male,0,Yes,No,4,Month-to-month,Fiber optic,No internet service,Yes,Yes,No,Electronic check,80.82,252.57,2,Yes
CUST-11616,Female,0,No,Yes,2,Month-to-month,DSL,No,No internet service,No,Yes,Credit card,95.37,237.79,0,No
CUST-11617,Female,0,Yes,No,32,One year,No,No internet service,No internet service,No internet service,Yes,Mailed check,66.55,2086.03,0,No
CUST-11618,Male,0,No,No,23,Month-to-month,Fiber optic,No,No internet service,No,Yes,Mailed check,109.37,2578.88,1,Yes
CUST-11619,Female,0,Yes,No,56,Month-to-month,Fiber optic,No internet service,No,Yes,No,Electronic check,87.55,4876.23,3,Yes
CUST-11620,Male,0,Yes,No,57,Month-to-month,DSL,Yes,No,No internet service,Yes,Credit card,107.76,6148.72,2,Yes
CUST-11621,Male,0,Yes,No,22,One year,Fiber optic,No internet service,No internet service,Yes,Yes,Credit card,63.78,1423.73,0,Yes
CUST-11622,Female,0,No,Yes,31,Month-to-month,DSL,No internet service,No internet service,No internet service,Yes,Credit card,31.77,904.03,4,Yes
CUST-11623,Male,0,Yes,Yes,27,Two year,Fiber optic,Yes,No internet service,Yes,Yes,Electronic check,50.88,1383.94,1,No
CUST-11624,Female,0,No,No,49,Two year,Fiber optic,No internet service,Yes,No,Yes,Electronic check,52.92,2610.57,1,No
CUST-11625,Female,0,Yes,Yes,45,Two year,Fiber optic,Yes,No internet service,No,Yes,Credit card,45.94,2124.3,4,No
CUST-11626,Female,0,Yes,No,47,Month-to-month,No,No internet service,Yes,No,Yes,Bank transfer,21.08,942.78,0,No
CUST-11627,Female,0,No,No,4,One year,DSL,No internet service,Yes,No,Yes,Mailed check,85.49,301.11,1,No
CUST-11628,Male,0,No,Yes,24,Month-to-month,DSL,Yes,No,No,Yes,Electronic check,27.8,700.18,2,No
CUST-11629,Male,1,Yes,No,70,Two year,Fiber optic,No,No,No internet service,Yes,Credit card,83.58,5921.22,1,No
CUST-11630,Female,0,Yes,No,24,Month-to-month,Fiber optic,No,No,No internet service,Yes,Credit card,108.71,2579.41,1,No
CUST-11631,Female,1,Yes,No,12,Month-to-month,DSL,No internet service,No internet service,No,No,Electronic check,49.43,531.4,2,Yes
CUST-11632,Male,0,No,No,14,Month-to-month,Fiber optic,Yes,No internet service,No internet service,Yes,Mailed check,72.75,1002.66,1,Yes
CUST-11633,Female,0,Yes,No,1,Two year,Fiber optic,No internet service,No internet service,No internet service,Yes,Mailed check,57.03,,1,No
CUST-11634,Male,0,Yes,Yes,56,Two year,Fiber optic,Yes,Yes,No,Yes,Mailed check,81.54,4586.13,0,No
CUST-11635,Female,0,No,Yes,0,Month-to-month,Fiber optic,Yes,Yes,No,Yes,Mailed check,41.11,0.0,1,Yes
CUST-11636,Male,1,Yes,No,43,Month-to-month,DSL,No internet service,Yes,Yes,Yes,Mailed check,62.36,2730.13,3,No
CUST-11637,Female,0,Yes,No,29,One year,DSL,No,No,No,Yes,Mailed check,87.42,2545.81,2,Yes
CUST-11638,Male,0,No,No,6,Two year,Fiber optic,No internet service,No internet service,Yes,Yes,Credit card,64.02,434.32,4,No
CUST-11639,Male,0,Yes,No,64,One year,Fiber optic,No internet service,No internet service,Yes,No,Credit card,32.43,1954.35,3,No
CUST-11640,Female,0,Yes,Yes,54,Month-to-month,Fiber optic,No internet service,Yes,No internet service,No,Electronic check,89.83,4762.91,1,No
CUST-11641,Male,0,Yes,No,59,One year,No,Yes,Yes,Yes,Yes,Bank transfer,39.08,2370.35,0,No
CUST-11642,Male,1,No,No,68,Two year,DSL,Yes,No,No,Yes,Bank transfer,66.57,4490.78,3,No
CUST-11643,Female,0,No,No,66,Month-to-month,Fiber optic,No internet service,No,No internet service,No,Mailed check,76.65,4985.58,2,No
CUST-11644,Male,0,No,No,51,Month-to-month,Fiber optic,No internet service,Yes,No,Yes,Electronic check,67.4,3427.27,4,Yes
CUST-11645,Male,0,No,Yes,38,Month-to-month,DSL,No internet service,No internet service,No internet service,No,Credit card,115.75,4410.62,2,Yes
CUST-11646,Male,0,Yes,Yes,50,Month-to-month,No,No internet service,Yes,No internet service,No,Mailed check,79.68,,1,No
CUST-11647,Female,0,Yes,No,32,One year,No,Yes,No,No,Yes,Electronic check,60.95,1973.8,0,No
CUST-11648,Female,1,Yes,No,13,Month-to-month,DSL,No internet service,No internet service,No internet service,Yes,Credit card,77.05,1018.28,3,Yes
CUST-11649,Female,0,Yes,No,28,Month-to-month,No,Yes,Yes,No internet service,Yes,Credit card,69.2,1951.61,2,No
CUST-11650,Male,0,No,No,34,Month-to-month,DSL,No internet service,No internet service,No,No,Mailed check,65.89,2307.68,2,No
CUST-11651,Male,0,Yes,Yes,3,Two year,No,No,No,No internet service,Yes,Mailed check,69.88,208.93,1,Yes
CUST-11652,Male,0,No,No,61,Two year,No,Yes,No internet service,Yes,No,Mailed check,56.32,3433.34,1,No
CUST-11653,Female,0,No,Yes,66,Month-to-month,DSL,No internet service,No,Yes,Yes,Electronic check,69.26,4611.3,1,No
CUST-11654,Male,0,Yes,Yes,30,One year,Fiber optic,No internet service,No internet service,No,No,Electronic check,54.89,1674.33,2,No
CUST-11655,Male,0,No,No,36,Month-to-month,Fiber optic,No,No,No,No,Mailed check,27.08,929.74,2,No
CUST-11656,Female,0,No,No,61,Two year,DSL,No internet service,Yes,No,Yes,Mailed check,87.8,5351.19,0,No
CUST-11657,Female,0,Yes,No,33,One year,Fiber optic,Yes,No internet service,No internet service,Yes,Electronic check,53.69,1793.68,0,Yes
CUST-11658,Female,1,Yes,Yes,50,Month-to-month,Fiber optic,Yes,No internet service,No,Yes,Electronic check,67.83,3362.16,0,No
CUST-11659,Male,0,Yes,No,37,Two year,DSL,Yes,No,No internet service,No,Credit card,49.79,1815.27,1,No
CUST-11660,Female,1,No,No,19,Month-to-month,DSL,Yes,No internet service,No internet service,No,Credit card,50.4,888.03,1,No
CUST-11661,Female,1,No,No,57,One year,DSL,No,No internet service,Yes,Yes,Mailed check,44.22,2376.4,1,No
CUST-11662,Male,0,Yes,No,14,Month-to-month,Fiber optic,No,No,No,No,Bank transfer,83.97,1156.88,3,Yes
CUST-11663,Female,0,No,No,16,One year,Fiber optic,Yes,No internet service,Yes,Yes,Electronic check,88.79,1427.0,1,Yes
CUST-11664,Female,0,Yes,Yes,50,Month-to-month,Fiber optic,No,No,No,Yes,Credit card,65.52,3221.23,1,Yes
CUST-11665,Male,0,Yes,No,51,Month-to-month,DSL,Yes,No internet service,No,No,Credit card,54.27,2836.66,2,Yes
CUST-11666,Female,0,Yes,No,69,Month-to-month,DSL,No,No,Yes,Yes,Electronic check,31.14,2096.32,2,No
CUST-11667,Female,0,Yes,No,51,Two year,Fiber optic,No internet service,No,Yes,No,Electronic check,80.91,4172.04,0,Yes
CUST-11668,Female,0,Yes,No,1,Month-to-month,DSL,No,Yes,No,Yes,Mailed check,51.47,72.4,1,Yes
CUST-11669,Female,0,Yes,No,62,One year,Fiber optic,Yes,Yes,Yes,Yes,Electronic check,42.65,2753.12,1,No
CUST-11670,Female,1,Yes,No,30,Month-to-month,Fiber optic,Yes,No,Yes,Yes,Mailed check,65.59,1994.69,0,No
CUST-11671,Female,0,No,Yes,0,Two year,Fiber optic,No internet service,No internet service,No,Yes,Bank transfer,58.32,0.0,2,Yes
CUST-11672,Male,0,Yes,No,42,Month-to-month,Fiber optic,Yes,Yes,No internet service,Yes,Bank transfer,34.64,1507.6,1,No
CUST-11673,Female,1,No,No,12,One year,No,No internet service,Yes,No,No,Electronic check,37.39,533.56,0,No
CUST-11674,Female,0,No,No,30,Two year,DSL,Yes,Yes,No internet service,Yes,Mailed check,71.73,2063.29,0,No
CUST-11675,Female,0,No,No,34,Month-to-month,No,No,No,Yes,Yes,Credit card,51.89,1796.22,2,Yes
CUST-11676,Male,1,Yes,Yes,5,Month-to-month,DSL,No,No,No internet service,Yes,Credit card,75.21,419.07,1,Yes
CUST-11677,Male,0,No,No,62,Two year,DSL,No,Yes,No,Yes,Bank transfer,67.93,4201.02,1,No
CUST-11678,Female,0,Yes,No,37,Month-to-month,Fiber optic,No internet service,No internet service,No internet service,Yes,Bank transfer,85.95,3059.05,1,No
CUST-11679,Female,0,Yes,No,70,Month-to-month,DSL,Yes,No,Yes,No,Electronic check,48.36,3370.4,2,No
CUST-11680,Female,1,No,No,33,Month-to-month,Fiber optic,No,Yes,No,No,Credit card,69.65,2269.4,2,Yes
CUST-11681,Male,0,Yes,No,43,Two year,No,No,No internet service,No,Yes,Mailed check,77.77,3420.6,2,No
CUST-11682,Male,0,No,No,59,Two year,Fiber optic,Yes,No internet service,No internet service,Yes,Bank transfer,52.48,3091.89,2,No
CUST-11683,Female,0,Yes,No,15,One year,Fiber optic,No,No,No internet service,Yes,Mailed check,87.54,1292.48,2,No
CUST-11684,Male,0,No,Yes,66,One year,No,No internet service,No internet service,No internet service,Yes,Electronic check,31.67,2060.89,2,No
CUST-11685,Female,0,No,No,13,Month-to-month,Fiber optic,Yes,No,No internet service,No,Bank transfer,48.34,644.71,1,No
CUST-11686,Male,0,No,No,72,Month-to-month,DSL,Yes,Yes,No internet service,Yes,Bank transfer,30.93,2229.8,1,No
CUST-11687,Male,1,No,No,46,Month-to-month,No,No,Yes,Yes,No,Bank transfer,50.28,2273.38,3,No
CUST-11688,Female,0,No,No,37,Month-to-month,DSL,Yes,Yes,Yes,Yes,Credit card,61.91,2303.87,4,Yes
CUST-11689,Male,0,Yes,No,15,Month-to-month,DSL,Yes,Yes,No internet service,No,Credit card,81.63,1196.59,1,Yes
CUST-11690,Female,0,Yes,Yes,41,One year,DSL,No internet service,No,No,No,Mailed check,61.89,2407.88,2,No
CUST-11691,Female,0,Yes,No,40,Month-to-month,DSL,Yes,No,No internet service,No,Mailed check,53.09,2157.0,2,No
CUST-11692,Female,0,No,No,71,Month-to-month,DSL,Yes,No,No internet service,No,Electronic check,34.02,2444.08,1,No
CUST-11693,Male,0,No,Yes,60,Month-to-month,DSL,No,No internet service,No,Yes,Credit card,40.72,2453.19,1,No
CUST-11694,Male,0,No,Yes,35,Month-to-month,Fiber optic,No,Yes,Yes,No,Electronic check,71.2,2469.88,0,Yes
CUST-11695,Female,0,No,No,28,Month-to-month,Fiber optic,No,No internet service,No internet service,Yes,Electronic check,82.63,2310.04,2,Yes
CUST-11696,Male,0,Yes,No,28,Month-to-month,No,No,Yes,Yes,Yes,Bank transfer,56.62,1626.32,0,No
CUST-11697,Male,0,No,No,27,Month-to-month,DSL,Yes,No internet service,Yes,Yes,Credit card,89.22,2377.35,1,Yes
CUST-11698,Male,0,No,Yes,0,Month-to-month,DSL,No internet service,Yes,Yes,Yes,Mailed check,46.0,42.98,4,No
CUST-11699,Female,1,Yes,No,2,One year,Fiber optic,Yes,Yes,Yes,No,Electronic check,57.19,40.64,3,No
CUST-11700,Male,0,Yes,Yes,54,Two year,DSL,No,Yes,No,Yes,Electronic check,58.88,3187.93,5,Yes
CUST-11701,Male,1,No,No,18,One year,Fiber optic,Yes,Yes,No internet service,Yes,Credit card,95.59,1721.91,2,Yes
CUST-11702,Female,1,Yes,No,30,One year,Fiber optic,No,No internet service,No internet service,Yes,Bank transfer,67.67,2080.23,1,No
CUST-11703,Male,0,No,No,50,Two year,Fiber optic,No,No,No,No,Mailed check,29.03,1405.55,0,No
CUST-11704,Female,1,No,No,44,Month-to-month,DSL,No,Yes,Yes,No,Credit card,84.03,3656.83,2,Yes
CUST-11705,Female,0,No,No,26,One year,Fiber optic,No,No,No,No,Electronic check,101.92,2580.2,1,Yes
CUST-11706,Female,0,No,Yes,54,Month-to-month,Fiber optic,Yes,No,No internet service,Yes,Bank transfer,60.01,3212.2,2,No
CUST-11707,Female,0,No,No,11,Month-to-month,No,Yes,No internet service,Yes,Yes,Mailed check,47.06,530.43,0,No
CUST-11708,Male,0,No,No,34,Month-to-month,DSL,No internet service,No internet service,Yes,Yes,Electronic check,82.29,2707.97,1,Yes
CUST-11709,Male,0,No,No,7,Month-to-month,Fiber optic,No,No internet service,Yes,Yes,Credit card,104.29,707.88,1,Yes
CUST-11710,Male,0,Yes,No,38,Two year,Fiber optic,No,Yes,No internet service,No,Credit card,81.97,3145.4,0,No
CUST-11711,Male,0,No,No,6,Month-to-month,DSL,No internet service,No,Yes,No,Credit card,32.54,190.1,0,No
CUST-11712,Female,0,No,No,68,One year,Fiber optic,No internet service,No,No internet service,Yes,Electronic check,80.09,5449.88,2,Yes
CUST-11713,Female,0,No,Yes,48,Two year,Fiber optic,No,No,Yes,Yes,Bank transfer,73.08,3432.54,1,No
CUST-11714,Female,0,Yes,Yes,17,Month-to-month,DSL,No internet service,No internet service,No,No,Mailed check,45.91,775.47,3,Yes
CUST-11715,Female,0,Yes,Yes,44,Month-to-month,Fiber optic,No,No internet service,No internet service,Yes,Mailed check,90.78,3995.75,3,Yes
CUST-11716,Female,0,No,No,25,Month-to-month,Fiber optic,Yes,No internet service,Yes,No,Electronic check,73.77,1836.06,1,No
CUST-11717,Male,0,Yes,No,37,Month-to-month,Fiber optic,No,Yes,Yes,Yes,Bank transfer,91.3,3385.74,3,Yes
CUST-11718,Male,0,Yes,No,12,Two year,DSL,No internet service,No,No internet service,Yes,Credit card,43.77,509.78,3,No
CUST-11719,Female,0,No,No,36,One year,Fiber optic,No internet service,No internet service,No internet service,Yes,Electronic check,72.98,2604.48,3,No
CUST-11720,Male,0,Yes,Yes,7,One year,DSL,No,Yes,No internet service,Yes,Bank transfer,47.1,277.71,1,Yes
CUST-11721,Female,0,No,No,11,Month-to-month,Fiber optic,No internet service,No internet service,Yes,No,Bank transfer,69.95,818.17,3,Yes
CUST-11722,Female,0,Yes,Yes,42,One year,Fiber optic,Yes,Yes,No internet service,Yes,Bank transfer,94.54,3909.35,0,No
CUST-11723,Female,0,Yes,No,36,One year,Fiber optic,Yes,Yes,Yes,Yes,Mailed check,36.47,1320.82,2,No
CUST-11724,Female,0,No,No,21,Month-to-month,Fiber optic,No,Yes,No,No,Electronic check,37.62,880.68,0,Yes
CUST-11725,Female,0,Yes,No,4,Month-to-month,DSL,Yes,No internet service,No internet service,Yes,Credit card,84.11,391.51,5,Yes
CUST-11726,Female,0,No,Yes,30,Month-to-month,DSL,No internet service,No internet service,No internet service,Yes,Bank transfer,64.72,1967.07,0,Yes
CUST-11727,Female,0,No,Yes,67,Month-to-month,Fiber optic,Yes,No internet service,Yes,No,Bank transfer,88.43,,2,Yes
CUST-11728,Male,0,Yes,No,51,Two year,DSL,No,Yes,No,Yes,Bank transfer,48.85,2484.96,2,No
CUST-11729,Male,0,No,Yes,4,One year,Fiber optic,No internet service,No internet service,Yes,No,Mailed check,66.02,219.01,2,Yes
CUST-11730,Female,0,Yes,No,68,Month-to-month,Fiber optic,Yes,Yes,No,Yes,Mailed check,78.76,5342.99,1,No
CUST-11731,Female,0,No,No,30,Two year,No,Yes,Yes,No internet service,No,Bank transfer,69.2,2104.74,2,No
CUST-11732,Female,0,Yes,No,42,Month-to-month,DSL,No,Yes,Yes,Yes,Credit card,29.23,1247.15,2,No
CUST-11733,Female,0,Yes,Yes,0,Month-to-month,Fiber optic,No internet service,Yes,Yes,Yes,Mailed check,120.0,39.44,0,No
CUST-11734,Female,0,Yes,No,22,Two year,DSL,Yes,No,Yes,No,Electronic check,69.25,1584.48,2,No
CUST-11735,Female,0,No,No,57,Two year,No,Yes,No internet service,Yes,Yes,Electronic check,38.19,2168.91,3,No
CUST-11736,Female,1,Yes,No,24,One year,Fiber optic,No internet service,Yes,No,Yes,Bank transfer,71.28,1720.31,0,No
CUST-11737,Male,0,No,No,12,Month-to-month,Fiber optic,No,Yes,No internet service,Yes,Electronic check,73.58,788.01,2,No
CUST-11738,Male,0,Yes,Yes,6,Two year,Fiber optic,No internet service,No,Yes,Yes,Credit card,84.88,622.09,1,No
CUST-11739,Male,0,Yes,No,67,One year,DSL,Yes,Yes,No,Yes,Mailed check,83.54,5576.49,0,No
CUST-11740,Male,1,No,No,59,One year,Fiber optic,Yes,No internet service,No internet service,Yes,Mailed check,60.72,,1,No
CUST-11741,Female,0,Yes,No,3,Month-to-month,No,No,No,No,Yes,Electronic check,30.56,70.95,3,Yes
CUST-11742,Male,1,Yes,No,67,Month-to-month,DSL,Yes,No,Yes,No,Mailed check,74.23,4951.52,1,No
CUST-11743,Male,0,No,No,59,Two year,No,No,Yes,Yes,No,Bank transfer,32.15,1885.0,0,No
CUST-11744,Male,0,No,No,26,Two year,No,No internet service,No internet service,Yes,No,Credit card,89.3,2259.54,2,No
CUST-11745,Female,0,Yes,No,47,One year,No,No internet service,No internet service,Yes,Yes,Bank transfer,50.34,2241.97,0,No
CUST-11746,Female,0,No,No,18,Month-to-month,No,No internet service,No internet service,Yes,Yes,Bank transfer,77.7,1456.58,1,Yes
CUST-11747,Male,0,No,No,18,One year,DSL,No,No,No,Yes,Mailed check,51.88,961.13,3,No
CUST-11748,Female,1,Yes,Yes,52,Month-to-month,Fiber optic,No internet service,Yes,No,Yes,Mailed check,55.16,2822.53,5,Yes
CUST-11749,Female,0,No,No,14,Month-to-month,DSL,No,Yes,No internet service,Yes,Credit card,48.98,708.32,0,No
CUST-11750,Female,1,No,No,25,Month-to-month,Fiber optic,No,Yes,No internet service,No,Bank transfer,79.32,2024.2,0,Yes
CUST-11751,Female,0,No,Yes,26,Month-to-month,DSL,No internet service,No,Yes,No,Credit card,52.57,1332.17,1,No
CUST-11752,Female,0,Yes,No,10,One year,No,No internet service,Yes,No,Yes,Bank transfer,80.37,824.29,1,No
CUST-11753,Male,0,Yes,No,60,Month-to-month,DSL,No internet service,Yes,No internet service,Yes,Electronic check,53.1,3236.34,2,No
CUST-11754,Female,0,No,No,49,Month-to-month,DSL,Yes,Yes,Yes,Yes,Mailed check,60.37,2886.21,2,Yes
CUST-11755,Male,0,No,No,62,Two year,DSL,No internet service,Yes,No internet service,Yes,Mailed check,65.71,4100.69,1,No
CUST-11756,Male,0,Yes,Yes,38,One year,Fiber optic,No internet service,Yes,Yes,Yes,Mailed check,68.08,2605.26,3,No
CUST-11757,Female,0,Yes,Yes,12,Month-to-month,DSL,No internet service,No,No,No,Credit card,46.52,652.26,2,Yes
CUST-11758,Female,0,No,No,20,Month-to-month,DSL,Yes,No internet service,No internet service,Yes,Mailed check,79.08,1609.45,4,No
CUST-11759,Female,0,No,No,25,One year,DSL,No,No,No,Yes,Electronic check,59.57,1468.71,4,No
CUST-11760,Male,0,Yes,No,68,Month-to-month,DSL,No internet service,Yes,No,No,Bank transfer,75.88,5145.08,1,No
CUST-11761,Male,0,Yes,No,17,Month-to-month,No,No internet service,No,No,No,Mailed check,64.68,1200.73,0,Yes
CUST-11762,Male,0,No,Yes,50,Month-to-month,Fiber optic,Yes,Yes,No,No,Electronic check,76.73,3818.76,1,Yes
CUST-11763,Female,0,No,Yes,8,Month-to-month,DSL,No,No,No internet service,Yes,Credit card,56.77,483.47,1,Yes
CUST-11764,Female,0,No,No,69,One year,DSL,No internet service,Yes,No internet service,Yes,Credit card,49.21,3383.57,3,No
CUST-11765,Female,0,No,Yes,47,Month-to-month,DSL,No internet service,No,Yes,No,Credit card,73.54,3510.44,3,No
CUST-11766,Female,0,No,No,31,Month-to-month,Fiber optic,Yes,No internet service,No,No,Mailed check,55.13,1765.56,1,No
CUST-11767,Male,0,Yes,No,25,Month-to-month,DSL,No internet service,No,No internet service,No,Credit card,94.18,2353.37,1,No
CUST-11768,Male,1,Yes,No,25,Month-to-month,DSL,No internet service,No internet service,No,Yes,Mailed check,66.35,1638.41,1,No
CUST-11769,Male,0,Yes,No,16,Month-to-month,DSL,Yes,No,No,No,Credit card,37.53,578.95,2,Yes
CUST-11770,Male,1,Yes,Yes,43,Two year,DSL,Yes,No internet service,No internet service,Yes,Credit card,53.29,2205.11,4,No
CUST-11771,Male,0,No,Yes,63,Month-to-month,Fiber optic,Yes,No internet service,No internet service,Yes,Electronic check,45.01,2840.66,1,Yes
CUST-11772,Male,0,No,Yes,17,Month-to-month,DSL,Yes,No,Yes,Yes,Mailed check,86.46,1473.84,2,No
CUST-11773,Male,0,Yes,No,54,Month-to-month,Fiber optic,No internet service,No,No internet service,Yes,Bank transfer,80.47,4304.57,0,Yes
CUST-11774,Female,0,Yes,No,41,One year,Fiber optic,No,No,No internet service,Yes,Electronic check,63.78,2523.24,2,No
CUST-11775,Male,0,Yes,No,56,Month-to-month,No,No internet service,Yes,Yes,Yes,Credit card,70.8,3975.11,3,No
CUST-11776,Male,0,Yes,Yes,56,Two year,DSL,Yes,Yes,No internet service,No,Bank transfer,63.25,3558.63,1,No
CUST-11777,Male,0,Yes,No,2,One year,Fiber optic,No,No internet service,No,No,Electronic check,82.21,184.15,1,Yes
CUST-11778,Male,0,Yes,Yes,1,Month-to-month,No,No internet service,No,Yes,Yes,Credit card,75.4,25.9,0,No
CUST-11779,Female,0,No,No,66,One year,No,No internet service,No internet service,No,No,Electronic check,79.0,5233.84,1,No
CUST-11780,Male,0,Yes,No,11,Month-to-month,No,Yes,No,No,Yes,Mailed check,61.16,663.83,1,Yes
CUST-11781,Male,0,No,Yes,41,Two year,DSL,No,Yes,No,Yes,Electronic check,52.37,2190.39,1,No
CUST-11782,Male,0,Yes,No,54,Two year,No,No,No,Yes,No,Electronic check,78.3,4179.46,0,No
CUST-11783,Female,0,Yes,Yes,36,Month-to-month,No,No,No,No internet service,Yes,Bank transfer,96.03,3514.59,3,Yes
CUST-11784,Female,0,No,No,0,One year,DSL,No,No,No,Yes,Electronic check,87.12,75.5,1,No
CUST-11785,Male,0,No,No,0,Month-to-month,DSL,No,No internet service,Yes,No,Bank transfer,96.63,5.8,3,Yes
CUST-11786,Male,0,Yes,No,48,Month-to-month,No,No internet service,No,No,Yes,Electronic check,68.24,3295.7,1,No
CUST-11787,Male,0,Yes,No,65,One year,DSL,Yes,Yes,No,Yes,Credit card,45.6,3003.19,2,No
CUST-11788,Male,0,Yes,No,25,Two year,Fiber optic,Yes,Yes,Yes,No,Credit card,47.38,1133.21,1,Yes
CUST-11789,Female,0,Yes,Yes,39,Month-to-month,Fiber optic,No,No internet service,No internet service,No,Mailed check,92.59,3586.7,1,Yes
CUST-11790,Female,0,No,No,68,One year,Fiber optic,No,No,No,Yes,Mailed check,27.76,1896.89,2,No
CUST-11791,Female,0,Yes,No,60,One year,DSL,No internet service,No,No internet service,No,Bank transfer,95.1,5807.34,1,No
CUST-11792,Male,0,Yes,Yes,39,Month-to-month,Fiber optic,No internet service,Yes,No internet service,Yes,Bank transfer,49.25,1860.94,1,No
CUST-11793,Male,0,Yes,No,47,One year,Fiber optic,Yes,No internet service,Yes,Yes,Electronic check,103.47,4944.98,1,No
CUST-11794,Male,0,Yes,No,70,One year,No,No,No,Yes,Yes,Credit card,63.59,,1,No
CUST-11795,Male,1,Yes,No,58,One year,DSL,No internet service,No internet service,No internet service,Yes,Credit card,79.45,,1,Yes
CUST-11796,Female,0,Yes,Yes,30,Two year,DSL,No internet service,No internet service,No,No,Mailed check,112.7,3441.9,1,No
CUST-11797,Male,0,No,No,50,Month-to-month,DSL,No internet service,No internet service,Yes,No,Bank transfer,58.4,3021.07,0,No
CUST-11798,Male,0,Yes,No,24,Month-to-month,DSL,No,Yes,Yes,Yes,Electronic check,58.06,1414.58,3,Yes
CUST-11799,Female,0,Yes,Yes,67,Month-to-month,No,Yes,No,No,Yes,Bank transfer,51.1,3481.94,2,Yes
CUST-11800,Male,1,No,Yes,6,Month-to-month,DSL,Yes,No,No,Yes,Bank transfer,44.96,223.74,1,No
CUST-11801,Male,0,No,No,16,Month-to-month,DSL,No internet service,No internet service,Yes,No,Mailed check,58.4,907.93,1,Yes
CUST-11802,Male,0,Yes,No,25,Two year,No,No,No internet service,Yes,Yes,Mailed check,53.9,1279.88,4,No
CUST-11803,Male,1,Yes,No,14,Month-to-month,DSL,No internet service,Yes,No,No,Electronic check,39.99,534.08,1,No
CUST-11804,Male,0,No,Yes,43,One year,DSL,Yes,No internet service,No,Yes,Credit card,60.79,2642.23,1,No
CUST-11805,Male,0,Yes,No,52,Month-to-month,Fiber optic,No,Yes,Yes,Yes,Electronic check,74.0,3858.61,2,No
CUST-11806,Male,0,No,No,65,Month-to-month,Fiber optic,No internet service,No internet service,Yes,No,Bank transfer,47.08,3146.56,1,No
CUST-11807,Male,0,Yes,No,36,Two year,No,Yes,No internet service,Yes,No,Credit card,61.75,2325.74,1,No
CUST-11808,Male,0,Yes,No,45,One year,Fiber optic,Yes,Yes,No,Yes,Electronic check,93.13,4184.02,3,Yes
CUST-11809,Female,0,No,Yes,43,Month-to-month,DSL,Yes,No,Yes,Yes,Electronic check,36.61,1540.25,1,Yes
CUST-11810,Male,1,Yes,Yes,0,Two year,Fiber optic,Yes,No,Yes,No,Credit card,103.63,58.0,1,No
CUST-11811,Female,1,No,No,51,Month-to-month,No,No,No internet service,No internet service,No,Credit card,51.52,2690.73,2,No
CUST-11812,Female,0,No,No,1,Month-to-month,Fiber optic,Yes,No internet service,No internet service,No,Electronic check,69.02,91.08,3,Yes
CUST-11813,Male,0,Yes,Yes,39,Month-to-month,Fiber optic,Yes,Yes,No,No,Mailed check,90.58,3567.9,3,No
CUST-11814,Female,0,Yes,No,72,One year,Fiber optic,No,No internet service,Yes,No,Bank transfer,96.69,6989.14,2,No
CUST-11815,Male,0,Yes,No,57,Month-to-month,Fiber optic,Yes,Yes,No internet service,Yes,Bank transfer,74.4,4191.36,3,No
CUST-11816,Male,0,No,No,36,Two year,Fiber optic,No,No,No internet service,Yes,Bank transfer,51.11,1779.03,1,No
CUST-11817,Male,0,Yes,No,23,Month-to-month,DSL,No internet service,Yes,No internet service,Yes,Mailed check,49.34,1132.27,0,No
CUST-11818,Male,0,No,No,61,Month-to-month,Fiber optic,No internet service,Yes,Yes,No,Bank transfer,53.5,3253.45,1,No
CUST-11819,Male,0,No,No,62,Two year,DSL,No internet service,No,No,Yes,Electronic check,102.79,6386.83,0,No
CUST-11820,Male,0,No,No,26,Month-to-month,Fiber optic,No internet service,Yes,No internet service,Yes,Credit card,57.34,1484.28,2,No
CUST-11821,Female,0,Yes,No,7,Month-to-month,Fiber optic,No internet service,Yes,Yes,No,Bank transfer,71.47,415.13,1,No
CUST-11822,Male,0,Yes,No,42,Month-to-month,DSL,Yes,No internet service,Yes,Yes,Mailed check,44.12,1747.43,2,No
CUST-11823,Female,0,No,Yes,46,Month-to-month,DSL,No internet service,No,Yes,No,Mailed check,41.87,1962.89,2,No
CUST-11824,Female,0,No,No,68,Month-to-month,No,No,No,No,Yes,Mailed check,65.53,4422.9,1,No
CUST-11825,Female,1,Yes,Yes,64,Month-to-month,DSL,Yes,No internet service,No,No,Mailed check,58.51,3733.03,1,No
CUST-11826,Male,0,No,No,16,One year,DSL,No,Yes,Yes,Yes,Electronic check,59.97,931.62,3,No
CUST-11827,Female,1,Yes,Yes,18,Month-to-month,DSL,Yes,No internet service,No internet service,Yes,Bank transfer,35.42,591.91,3,Yes
CUST-11828,Female,0,No,No,72,Month-to-month,Fiber optic,No,Yes,No,Yes,Electronic check,63.53,4527.17,2,Yes
CUST-11829,Female,0,No,Yes,23,One year,DSL,No,No internet service,Yes,Yes,Mailed check,95.99,2258.76,2,Yes
CUST-11830,Male,1,Yes,No,33,Month-to-month,No,Yes,Yes,No internet service,No,Credit card,47.94,1570.06,3,No
CUST-11831,Female,0,Yes,No,22,One year,Fiber optic,No,Yes,No internet service,No,Bank transfer,82.95,1856.64,1,No
CUST-11832,Female,0,Yes,Yes,28,One year,DSL,Yes,Yes,Yes,Yes,Credit card,18.0,542.45,3,Yes
CUST-11833,Male,0,Yes,No,41,Month-to-month,Fiber optic,Yes,No,No internet service,Yes,Bank transfer,48.95,2022.78,3,No
CUST-11834,Male,0,Yes,No,21,Month-to-month,DSL,Yes,No internet service,Yes,No,Credit card,26.79,602.69,1,No
CUST-11835,Male,0,No,No,30,Month-to-month,DSL,No internet service,No internet service,No internet service,Yes,Electronic check,89.72,2692.32,0,Yes
CUST-11836,Female,0,Yes,Yes,25,Month-to-month,Fiber optic,No,No internet service,No,No,Bank transfer,82.58,2132.69,1,No
CUST-11837,Male,1,Yes,No,7,Month-to-month,DSL,Yes,Yes,Yes,Yes,Mailed check,44.31,351.34,2,Yes
CUST-11838,Male,0,Yes,No,57,One year,No,No internet service,No internet service,Yes,Yes,Electronic check,70.79,4082.85,1,No
CUST-11839,Female,0,Yes,No,65,One year,Fiber optic,No,No,No internet service,Yes,Electronic check,89.03,5740.02,3,No
CUST-11840,Male,0,No,No,35,Month-to-month,DSL,Yes,Yes,No,Yes,Electronic check,92.14,3238.06,1,Yes
CUST-11841,Male,0,Yes,Yes,14,Two year,No,No,No internet service,No,No,Electronic check,56.88,,2,No
CUST-11842,Female,0,No,Yes,46,Month-to-month,Fiber optic,Yes,No internet service,No internet service,No,Mailed check,20.82,1027.77,1,No
CUST-11843,Female,0,Yes,No,38,Two year,DSL,No,Yes,No,No,Electronic check,47.03,1755.97,0,No
CUST-11844,Female,0,No,Yes,40,Two year,Fiber optic,No internet service,No,Yes,No,Credit card,80.32,3188.56,2,No
CUST-11845,Female,0,No,Yes,43,Month-to-month,No,Yes,No internet service,No internet service,No,Bank transfer,106.98,4531.77,5,No
CUST-11846,Male,0,Yes,No,52,Month-to-month,Fiber optic,No internet service,No internet service,No,No,Credit card,63.91,3321.51,2,No
CUST-11847,Female,0,Yes,Yes,2,Month-to-month,Fiber optic,Yes,Yes,Yes,No,Electronic check,52.86,92.31,0,Yes
CUST-11848,Female,0,No,Yes,7,Two year,Fiber optic,No,No internet service,No internet service,No,Electronic check,112.99,882.06,0,Yes
CUST-11849,Male,0,No,No,6,Month-to-month,DSL,No internet service,Yes,No internet service,Yes,Credit card,73.11,481.62,2,Yes
CUST-11850,Male,0,Yes,No,11,Two year,DSL,Yes,No,Yes,Yes,Mailed check,40.44,419.11,2,No
CUST-11851,Male,0,No,No,70,Month-to-month,Fiber optic,No internet service,Yes,No,Yes,Credit card,62.62,4300.09,1,No
CUST-11852,Male,0,No,No,53,Month-to-month,No,Yes,No internet service,No internet service,Yes,Electronic check,85.0,4390.82,1,Yes
CUST-11853,Male,0,No,No,48,One year,Fiber optic,No,No internet service,No internet service,Yes,Electronic check,63.59,3001.01,1,No
CUST-11854,Male,0,Yes,Yes,51,Month-to-month,DSL,Yes,Yes,Yes,Yes,Mailed check,80.89,4058.83,1,No
CUST-11855,Female,0,No,No,2,Month-to-month,Fiber optic,Yes,No,No internet service,Yes,Bank transfer,32.9,83.23,4,Yes
CUST-11856,Male,0,No,Yes,15,Two year,DSL,No,Yes,Yes,Yes,Electronic check,36.32,537.55,0,No
CUST-11857,Female,0,No,Yes,57,Month-to-month,DSL,No,No internet service,No,No,Electronic check,50.3,2867.97,1,No
CUST-11858,Female,0,Yes,No,33,Two year,Fiber optic,No internet service,Yes,No,No,Electronic check,59.36,1911.43,1,No
CUST-11859,Female,0,No,No,37,Two year,DSL,Yes,No,Yes,Yes,Electronic check,71.68,2659.76,3,Yes
CUST-11860,Female,0,Yes,No,54,Month-to-month,No,No,Yes,No internet service,No,Credit card,77.74,4126.94,2,Yes
CUST-11861,Male,0,Yes,Yes,5,Month-to-month,Fiber optic,Yes,No internet service,Yes,No,Credit card,114.32,567.19,1,Yes
CUST-11862,Female,0,Yes,Yes,58,Month-to-month,Fiber optic,No internet service,Yes,No internet service,No,Electronic check,50.23,2954.85,1,No
CUST-11863,Male,0,Yes,No,49,One year,No,Yes,No,No internet service,Yes,Mailed check,58.72,2859.01,1,Yes
CUST-11864,Female,0,No,No,29,Two year,Fiber optic,No internet service,Yes,No,Yes,Mailed check,50.79,1495.09,2,No
CUST-11865,Male,0,No,No,36,Two year,No,Yes,No,No,Yes,Electronic check,86.59,3018.4,1,No
CUST-11866,Male,0,Yes,Yes,5,Two year,No,No,No internet service,Yes,No,Bank transfer,87.68,335.55,2,No
CUST-11867,Female,0,Yes,Yes,14,Month-to-month,Fiber optic,Yes,No internet service,No internet service,No,Credit card,56.05,801.06,2,No
CUST-11868,Male,0,Yes,No,17,Month-to-month,DSL,No internet service,Yes,No internet service,No,Bank transfer,106.31,1859.62,2,No
CUST-11869,Female,0,No,No,64,Month-to-month,DSL,Yes,No internet service,No,No,Credit card,50.82,3240.57,0,No
CUST-11870,Male,1,Yes,Yes,8,Two year,No,No internet service,Yes,Yes,No,Bank transfer,85.6,792.06,2,Yes
CUST-11871,Male,0,Yes,Yes,21,Month-to-month,DSL,No internet service,No internet service,No,Yes,Bank transfer,94.09,1903.72,0,No
CUST-11872,Female,1,No,Yes,9,Month-to-month,No,No,No internet service,No internet service,No,Credit card,37.77,305.93,2,Yes
CUST-11873,Female,0,No,Yes,20,Month-to-month,DSL,No,Yes,No internet service,No,Bank transfer,76.55,1538.0,4,Yes
CUST-11874,Male,0,Yes,No,0,Month-to-month,Fiber optic,No,No,Yes,Yes,Credit card,18.0,23.22,0,No
CUST-11875,Male,0,Yes,Yes,19,Month-to-month,DSL,No,No internet service,No internet service,No,Credit card,81.48,1518.92,2,Yes
CUST-11876,Male,0,Yes,No,52,Month-to-month,No,No,Yes,Yes,Yes,Electronic check,42.97,2181.48,2,Yes
CUST-11877,Female,1,No,No,56,Two year,DSL,Yes,Yes,No,Yes,Bank transfer,76.35,4306.61,0,No
CUST-11878,Female,0,No,No,27,One year,Fiber optic,Yes,No,No,No,Bank transfer,80.1,2169.36,3,No
CUST-11879,Male,1,Yes,No,51,Month-to-month,No,No internet service,No internet service,Yes,Yes,Mailed check,87.4,4440.17,0,No
CUST-11880,Male,0,Yes,Yes,45,One year,DSL,No internet service,Yes,Yes,Yes,Bank transfer,82.8,3750.94,4,No
CUST-11881,Male,1,Yes,Yes,65,Month-to-month,DSL,Yes,No,No internet service,No,Credit card,66.12,4290.98,0,No
CUST-11882,Male,1,Yes,No,58,One year,No,No internet service,No internet service,No,Yes,Electronic check,57.39,3321.63,1,No
CUST-11883,Female,0,No,No,16,Month-to-month,No,Yes,Yes,No internet service,Yes,Bank transfer,63.51,1007.33,2,Yes
CUST-11884,Female,0,Yes,Yes,42,One year,DSL,No,Yes,No,Yes,Credit card,42.68,1751.51,1,No
CUST-11885,Male,0,No,No,57,Month-to-month,Fiber optic,No,Yes,No,Yes,Mailed check,60.77,3417.75,1,No
CUST-11886,Female,0,Yes,Yes,22,Month-to-month,DSL,No internet service,No,Yes,Yes,Mailed check,59.19,1275.89,0,No
CUST-11887,Male,1,No,Yes,41,One year,DSL,No internet service,No,No,Yes,Electronic check,49.24,2020.44,1,Yes
CUST-11888,Male,0,Yes,No,29,One year,Fiber optic,No internet service,Yes,No internet service,No,Mailed check,30.18,781.66,2,No
CUST-11889,Male,0,No,No,22,One year,DSL,No internet service,No,Yes,Yes,Mailed check,39.46,915.36,4,No
CUST-11890,Male,0,Yes,No,14,Month-to-month,Fiber optic,No,No internet service,No,Yes,Credit card,18.0,252.92,3,Yes
CUST-11891,Male,0,Yes,No,2,Month-to-month,DSL,No,No internet service,No,Yes,Electronic check,58.84,64.43,1,Yes
CUST-11892,Female,1,Yes,Yes,54,One year,No,No,No internet service,No internet service,Yes,Bank transfer,72.21,3980.17,0,No
CUST-11893,Female,0,No,Yes,59,Month-to-month,Fiber optic,No,No internet service,Yes,No,Electronic check,18.0,1064.09,1,Yes
CUST-11894,Male,0,Yes,No,47,Month-to-month,DSL,No,No,Yes,Yes,Credit card,69.73,3210.55,0,Yes
CUST-11895,Female,1,Yes,No,17,Month-to-month,No,Yes,Yes,Yes,Yes,Mailed check,62.55,1141.94,1,No
CUST-11896,Female,0,No,No,1,Month-to-month,No,Yes,Yes,Yes,Yes,Mailed check,41.46,109.2,2,Yes
CUST-11897,Female,0,No,Yes,46,Month-to-month,DSL,No,No,No internet service,Yes,Credit card,56.38,2548.04,1,No
CUST-11898,Female,0,No,No,14,Month-to-month,No,Yes,No,Yes,Yes,Bank transfer,86.02,1188.13,2,Yes
CUST-11899,Male,0,Yes,No,40,One year,DSL,No,No internet service,No,Yes,Electronic check,45.52,1797.92,0,No
CUST-11900,Female,0,Yes,No,70,One year,DSL,No internet service,Yes,Yes,Yes,Mailed check,66.58,4566.13,2,No
CUST-11901,Female,0,Yes,No,0,Two year,Fiber optic,Yes,No internet service,No internet service,Yes,Mailed check,71.93,16.23,1,No
CUST-11902,Female,0,Yes,No,42,One year,DSL,Yes,Yes,No,Yes,Bank transfer,48.56,2081.78,0,No
CUST-11903,Male,1,No,No,72,Month-to-month,Fiber optic,Yes,No,No,No,Credit card,85.17,6165.08,3,No
CUST-11904,Male,1,No,No,24,Two year,Fiber optic,No internet service,No,No internet service,Yes,Bank transfer,73.08,1755.56,0,No
CUST-11905,Male,0,No,Yes,59,One year,No,No internet service,No internet service,Yes,Yes,Mailed check,59.96,3584.75,2,No
CUST-11906,Male,0,No,No,60,Month-to-month,DSL,No internet service,No internet service,No internet service,Yes,Bank transfer,112.26,6678.83,2,No
CUST-11907,Male,0,Yes,No,35,Month-to-month,DSL,Yes,Yes,No,Yes,Credit card,85.25,3074.66,2,No
CUST-11908,Male,0,No,No,22,One year,Fiber optic,No,No internet service,No,Yes,Electronic check,31.28,649.56,3,No
CUST-11909,Female,0,No,No,49,One year,DSL,Yes,No internet service,Yes,Yes,Bank transfer,57.22,2770.73,0,No
CUST-11910,Male,0,No,No,45,One year,No,Yes,Yes,Yes,Yes,Bank transfer,114.33,5116.09,2,Yes
CUST-11911,Female,0,No,Yes,34,One year,Fiber optic,No internet service,No internet service,No internet service,Yes,Bank transfer,45.36,1509.83,1,Yes
CUST-11912,Male,0,Yes,No,14,Two year,Fiber optic,No internet service,Yes,No internet service,Yes,Electronic check,66.33,918.98,1,Yes
CUST-11913,Female,0,Yes,No,54,Two year,Fiber optic,No internet service,No,No internet service,No,Electronic check,89.62,4827.91,0,No
CUST-11914,Male,0,Yes,No,15,One year,DSL,No,Yes,Yes,No,Mailed check,78.05,1177.23,1,No
CUST-11915,Female,0,No,No,9,Two year,DSL,No,Yes,No internet service,Yes,Mailed check,80.93,687.44,3,No
CUST-11916,Male,0,Yes,No,4,Two year,Fiber optic,No internet service,No,Yes,No,Credit card,79.75,327.33,2,Yes
CUST-11917,Male,0,Yes,Yes,32,Month-to-month,No,No,No internet service,No internet service,Yes,Bank transfer,65.51,2041.8,1,Yes
CUST-11918,Male,0,Yes,No,8,One year,DSL,No,No,No,Yes,Credit card,49.15,,1,No
CUST-11919,Female,1,Yes,No,24,Month-to-month,DSL,Yes,No,No internet service,Yes,Electronic check,73.7,1804.8,3,Yes
CUST-11920,Male,1,No,No,17,Month-to-month,Fiber optic,No internet service,No,Yes,No,Credit card,56.94,,1,No
CUST-11921,Female,0,No,No,33,Month-to-month,DSL,No internet service,Yes,No internet service,Yes,Electronic check,55.37,1794.73,4,Yes
CUST-11922,Female,0,No,No,56,Month-to-month,Fiber optic,No,Yes,No,No,Bank transfer,94.65,5315.96,2,Yes
CUST-11923,Male,0,Yes,No,32,Month-to-month,DSL,Yes,Yes,No,No,Mailed check,57.38,1791.78,1,No
CUST-11924,Male,0,Yes,No,40,Month-to-month,Fiber optic,No internet service,Yes,No,Yes,Credit card,99.12,3966.53,2,No
CUST-11925,Male,0,Yes,Yes,10,Month-to-month,Fiber optic,No internet service,No internet service,No internet service,Yes,Bank transfer,70.14,693.81,5,No
CUST-11926,Male,0,No,Yes,8,One year,No,No,No,No,Yes,Mailed check,61.82,626.06,4,Yes
CUST-11927,Male,1,No,No,71,Two year,Fiber optic,Yes,Yes,No,No,Bank transfer,28.65,1972.8,2,No
CUST-11928,Male,1,Yes,Yes,45,Two year,DSL,No internet service,No,No,Yes,Bank transfer,107.4,4699.63,2,No
CUST-11929,Female,0,Yes,No,1,Month-to-month,Fiber optic,No,No,Yes,Yes,Bank transfer,64.88,33.0,3,Yes
CUST-11930,Male,0,Yes,Yes,41,Month-to-month,Fiber optic,No internet service,Yes,No internet service,Yes,Bank transfer,19.58,,0,No
CUST-11931,Male,0,No,No,0,Two year,Fiber optic,No,No internet service,No internet service,No,Bank transfer,84.75,0.0,1,No
CUST-11932,Female,1,Yes,Yes,5,Month-to-month,No,No,No internet service,No,No,Credit card,64.0,255.12,3,No
CUST-11933,Female,0,No,Yes,27,Two year,No,Yes,No internet service,No internet service,Yes,Electronic check,46.37,1206.76,1,No
CUST-11934,Male,0,Yes,No,47,One year,DSL,No,No internet service,Yes,Yes,Mailed check,83.62,3876.89,0,No
CUST-11935,Male,0,Yes,No,45,Month-to-month,Fiber optic,No,No,Yes,Yes,Credit card,18.0,858.15,2,Yes
CUST-11936,Male,0,No,Yes,57,Month-to-month,DSL,Yes,No internet service,No internet service,Yes,Mailed check,50.72,2888.61,0,No
CUST-11937,Female,0,No,Yes,13,Month-to-month,Fiber optic,No internet service,No,No internet service,Yes,Credit card,59.01,820.9,1,No
CUST-11938,Female,0,No,Yes,13,Month-to-month,No,No,Yes,No internet service,No,Bank transfer,82.04,1068.54,0,Yes
CUST-11939,Male,0,Yes,No,38,Month-to-month,Fiber optic,Yes,Yes,Yes,Yes,Mailed check,109.81,4219.21,1,No
CUST-11940,Male,0,Yes,Yes,63,Two year,DSL,No internet service,No internet service,No,Yes,Mailed check,60.1,3771.19,2,No
CUST-11941,Male,0,No,No,52,One year,No,No internet service,No,No internet service,Yes,Mailed check,74.2,3938.13,2,No
CUST-11942,Female,0,No,No,48,Month-to-month,Fiber optic,No,No internet service,Yes,Yes,Electronic check,119.97,5782.11,1,Yes
CUST-11943,Male,0,Yes,No,6,Month-to-month,DSL,Yes,Yes,No internet service,Yes,Mailed check,65.09,351.55,2,Yes
CUST-11944,Male,1,No,No,64,Month-to-month,No,Yes,No,No internet service,No,Bank transfer,74.36,4790.0,2,No
CUST-11945,Male,0,No,Yes,71,Month-to-month,DSL,No,Yes,Yes,Yes,Credit card,40.25,2859.1,2,No
CUST-11946,Male,0,No,No,42,One year,Fiber optic,No,Yes,No,Yes,Credit card,104.18,4365.43,3,No
CUST-11947,Female,0,Yes,No,24,One year,Fiber optic,No,Yes,No internet service,Yes,Mailed check,50.74,1222.56,1,No
CUST-11948,Male,0,No,Yes,48,Two year,No,No internet service,Yes,No internet service,Yes,Credit card,70.37,3415.32,2,No
CUST-11949,Male,0,No,No,46,Month-to-month,DSL,No,No,No internet service,No,Mailed check,69.8,3104.92,1,No
CUST-11950,Female,0,Yes,No,67,Month-to-month,DSL,No internet service,Yes,No internet service,No,Credit card,66.71,4452.02,1,No
CUST-11951,Female,0,Yes,No,8,Two year,Fiber optic,No,Yes,No internet service,No,Credit card,56.31,,3,Yes
CUST-11952,Male,0,No,No,37,One year,No,No internet service,No internet service,No internet service,No,Mailed check,69.83,2596.12,1,No
CUST-11953,Male,0,Yes,Yes,51,One year,DSL,No internet service,Yes,No internet service,No,Bank transfer,100.15,5051.33,1,No
CUST-11954,Female,1,Yes,No,25,Month-to-month,DSL,Yes,No,Yes,Yes,Credit card,110.62,2647.11,0,Yes
CUST-11955,Male,0,Yes,No,61,Two year,No,No,No internet service,No,Yes,Electronic check,61.5,3836.55,0,No
CUST-11956,Female,1,No,No,4,Month-to-month,Fiber optic,No internet service,No internet service,No,No,Electronic check,56.01,214.69,1,Yes
CUST-11957,Female,1,No,Yes,7,Month-to-month,DSL,No,Yes,No,Yes,Bank transfer,48.82,417.44,2,Yes
CUST-11958,Female,0,No,Yes,57,Two year,Fiber optic,No,Yes,Yes,Yes,Electronic check,118.72,6806.79,1,No
CUST-11959,Male,0,No,No,9,Month-to-month,Fiber optic,No,No internet service,No internet service,No,Credit card,67.58,568.54,3,No
CUST-11960,Female,0,No,Yes,30,Two year,Fiber optic,No,No,No internet service,Yes,Mailed check,87.3,2493.93,2,Yes
CUST-11961,Female,0,Yes,Yes,20,Month-to-month,Fiber optic,No,No,No,Yes,Mailed check,78.93,1555.49,2,No
CUST-11962,Male,0,Yes,No,50,Month-to-month,Fiber optic,No internet service,No,No internet service,Yes,Credit card,109.17,5456.64,1,No
CUST-11963,Female,0,Yes,No,0,Month-to-month,DSL,Yes,No,Yes,Yes,Bank transfer,60.05,22.53,2,Yes
CUST-11964,Female,0,Yes,Yes,26,Two year,No,No internet service,No,No internet service,Yes,Credit card,42.86,1058.82,0,No
CUST-11965,Female,0,Yes,No,71,One year,DSL,Yes,Yes,Yes,Yes,Bank transfer,102.19,7264.39,1,No
CUST-11966,Male,0,No,No,26,Month-to-month,No,Yes,Yes,No internet service,Yes,Bank transfer,83.07,2168.7,1,Yes
CUST-11967,Male,0,Yes,No,43,Month-to-month,DSL,No,Yes,No,Yes,Bank transfer,74.13,3236.89,1,No
CUST-11968,Female,0,Yes,Yes,72,Month-to-month,DSL,No,Yes,No,Yes,Credit card,95.7,6875.06,1,Yes
CUST-11969,Male,1,No,Yes,44,Month-to-month,DSL,No internet service,No internet service,No internet service,Yes,Credit card,75.27,3334.02,0,Yes
CUST-11970,Female,0,Yes,No,55,One year,DSL,Yes,No internet service,Yes,Yes,Electronic check,96.4,5316.42,0,Yes
CUST-11971,Female,0,No,Yes,70,Month-to-month,Fiber optic,Yes,No,No internet service,Yes,Bank transfer,69.93,4938.88,2,No
CUST-11972,Female,0,No,No,45,Month-to-month,Fiber optic,Yes,Yes,No,No,Credit card,83.04,3695.8,1,No
CUST-11973,Male,0,No,Yes,60,Month-to-month,No,No,Yes,No internet service,Yes,Bank transfer,75.53,4378.26,0,No
CUST-11974,Female,0,No,No,37,One year,Fiber optic,No,No internet service,No,No,Mailed check,58.49,2152.29,0,No
CUST-11975,Male,0,Yes,No,59,One year,Fiber optic,Yes,No,Yes,No,Credit card,60.89,3580.96,2,No
CUST-11976,Female,0,No,No,46,One year,DSL,No internet service,No internet service,No,Yes,Mailed check,57.14,2570.56,0,No
CUST-11977,Male,1,Yes,No,24,One year,No,No,No,No,Yes,Electronic check,70.31,1612.04,2,No
CUST-11978,Male,1,No,No,40,Two year,DSL,No internet service,No internet service,No internet service,Yes,Mailed check,55.88,2206.46,3,No
CUST-11979,Female,0,No,No,24,Month-to-month,DSL,No internet service,Yes,No,Yes,Electronic check,73.72,1763.54,1,No
CUST-11980,Female,0,No,No,28,Two year,DSL,No,No internet service,No,No,Bank transfer,73.04,2049.89,2,No
CUST-11981,Female,0,Yes,No,21,One year,DSL,No internet service,No,Yes,No,Credit card,69.1,1336.83,3,No
CUST-11982,Male,0,No,No,35,Month-to-month,Fiber optic,No internet service,No,Yes,No,Mailed check,69.45,2343.07,2,No
CUST-11983,Female,0,No,No,25,Two year,DSL,No internet service,No,No,No,Bank transfer,53.68,1398.48,1,No
CUST-11984,Female,0,No,No,45,One year,DSL,Yes,Yes,No,No,Credit card,59.36,2661.72,1,No
CUST-11985,Female,0,Yes,Yes,26,One year,No,No internet service,No,No,No,Mailed check,31.59,821.22,1,No
CUST-11986,Female,0,No,No,35,Month-to-month,DSL,Yes,No internet service,Yes,Yes,Credit card,62.6,2124.34,2,Yes
CUST-11987,Male,0,Yes,No,10,Month-to-month,Fiber optic,Yes,No internet service,No internet service,Yes,Electronic check,45.28,452.58,1,No
CUST-11988,Male,0,Yes,No,28,Two year,Fiber optic,No,No internet service,No internet service,Yes,Bank transfer,67.0,1857.22,2,Yes
CUST-11989,Female,0,No,No,25,Month-to-month,No,No,No,Yes,Yes,Electronic check,50.71,1236.82,1,Yes
CUST-11990,Female,0,Yes,No,70,Month-to-month,Fiber optic,No,No internet service,Yes,Yes,Credit card,23.99,1606.21,4,No
CUST-11991,Male,0,Yes,No,32,Month-to-month,DSL,Yes,No internet service,No internet service,Yes,Electronic check,110.05,3478.18,1,Yes
CUST-11992,Male,1,No,Yes,1,Month-to-month,No,Yes,Yes,No internet service,No,Credit card,60.37,158.97,1,Yes
CUST-11993,Female,0,No,No,22,Two year,Fiber optic,No internet service,No,No internet service,Yes,Mailed check,93.94,2049.21,0,Yes
CUST-11994,Female,0,Yes,Yes,53,One year,DSL,Yes,No internet service,No,No,Electronic check,54.46,2925.86,0,No
CUST-11995,Male,0,Yes,No,12,Two year,Fiber optic,No internet service,No,No internet service,Yes,Bank transfer,98.96,1177.7,2,Yes
CUST-11996,Female,0,Yes,Yes,11,Month-to-month,Fiber optic,Yes,Yes,No internet service,Yes,Credit card,41.97,446.06,0,Yes
CUST-11997,Female,0,Yes,No,27,Month-to-month,DSL,Yes,No,Yes,No,Electronic check,68.52,1818.24,1,Yes
CUST-11998,Male,0,No,Yes,26,Month-to-month,Fiber optic,Yes,No,No,Yes,Mailed check,43.15,1189.18,1,Yes
CUST-11999,Male,1,Yes,No,35,Month-to-month,DSL,Yes,No,Yes,No,Bank transfer,117.01,4114.0,1,Yes
CUST-12000,Female,0,No,No,2,One year,Fiber optic,No internet service,Yes,No internet service,No,Electronic check,60.01,80.54,3,Yes
CUST-12001,Male,0,Yes,No,52,Month-to-month,No,No,Yes,No internet service,Yes,Credit card,81.57,4221.93,1,Yes
CUST-12002,Male,0,No,Yes,15,Month-to-month,Fiber optic,No internet service,No,Yes,Yes,Bank transfer,74.01,1163.95,2,No
CUST-12003,Male,0,No,Yes,51,Two year,No,No internet service,No internet service,Yes,Yes,Credit card,64.49,3147.06,3,No
CUST-12004,Female,0,No,No,41,One year,DSL,Yes,No,Yes,Yes,Mailed check,75.35,3104.88,2,No
CUST-12005,Male,0,Yes,No,14,Month-to-month,Fiber optic,Yes,No internet service,Yes,No,Credit card,92.18,1317.4,0,No
CUST-12006,Male,0,Yes,No,34,One year,No,No internet service,No internet service,Yes,No,Mailed check,78.36,2626.75,1,Yes
CUST-12007,Male,0,No,No,2,Month-to-month,Fiber optic,No,Yes,No internet service,Yes,Mailed check,68.25,144.23,2,Yes
CUST-12008,Female,0,Yes,No,51,Two year,DSL,No,Yes,No,No,Mailed check,75.39,3870.01,1,No
CUST-12009,Female,0,No,No,22,One year,DSL,No,No,No internet service,No,Bank transfer,103.3,2211.04,0,No
CUST-12010,Male,1,No,No,27,Month-to-month,DSL,No internet service,No,No,Yes,Electronic check,56.66,1571.92,2,No
CUST-12011,Male,0,Yes,No,11,Month-to-month,Fiber optic,No,No internet service,No internet service,Yes,Bank transfer,27.92,321.99,3,Yes
CUST-12012,Male,1,Yes,No,26,Month-to-month,No,Yes,No,No internet service,No,Credit card,43.07,,1,No
CUST-12013,Female,1,Yes,No,28,One year,Fiber optic,No,No internet service,Yes,No,Electronic check,44.56,1252.93,1,No
CUST-12014,Female,1,Yes,Yes,16,Month-to-month,DSL,Yes,No internet service,Yes,Yes,Credit card,47.37,793.28,1,No
CUST-12015,Male,0,Yes,Yes,71,One year,DSL,Yes,No,No,Yes,Credit card,48.06,3528.07,0,No
CUST-12016,Male,0,No,No,20,Month-to-month,Fiber optic,Yes,No,No,Yes,Electronic check,64.53,1321.1,1,Yes
CUST-12017,Female,0,No,No,13,Month-to-month,Fiber optic,No internet service,Yes,No internet service,No,Bank transfer,69.95,,1,No
CUST-12018,Female,0,Yes,No,40,Month-to-month,DSL,No internet service,No internet service,Yes,No,Mailed check,69.73,2798.88,0,Yes
CUST-12019,Male,0,No,No,23,Month-to-month,Fiber optic,Yes,No internet service,Yes,Yes,Bank transfer,50.39,1254.05,2,Yes
CUST-12020,Male,0,Yes,Yes,33,Month-to-month,DSL,No internet service,No internet service,No,No,Mailed check,84.88,2727.74,1,No
CUST-12021,Female,1,Yes,Yes,52,One year,Fiber optic,No internet service,Yes,Yes,Yes,Electronic check,75.69,3849.01,2,No
CUST-12022,Female,0,No,No,5,Two year,Fiber optic,No,Yes,No internet service,No,Mailed check,96.63,490.8,3,Yes
CUST-12023,Female,0,No,No,37,Month-to-month,DSL,Yes,No internet service,Yes,No,Electronic check,81.94,3064.79,0,Yes
CUST-12024,Male,0,Yes,Yes,1,One year,Fiber optic,No,No,No internet service,Yes,Mailed check,58.01,0.0,3,Yes
CUST-12025,Male,0,Yes,No,3,Month-to-month,Fiber optic,No,No,No,Yes,Credit card,91.11,273.16,2,Yes
CUST-12026,Female,0,No,No,6,One year,Fiber optic,No,No,No internet service,Yes,Credit card,70.47,413.8,1,No
CUST-12027,Female,0,Yes,No,11,Month-to-month,Fiber optic,No,No,Yes,No,Electronic check,80.96,927.77,0,No
CUST-12028,Female,0,Yes,No,25,One year,Fiber optic,Yes,No,No internet service,No,Bank transfer,79.41,2006.69,3,Yes
CUST-12029,Male,0,Yes,No,68,Month-to-month,DSL,No,Yes,No internet service,Yes,Electronic check,62.51,4160.27,1,No
CUST-12030,Female,0,Yes,No,66,Month-to-month,No,No internet service,No internet service,No,No,Electronic check,67.07,4372.62,4,No
CUST-12031,Male,0,No,No,7,One year,No,Yes,No,Yes,No,Bank transfer,62.37,396.25,4,Yes
CUST-12032,Male,0,No,No,72,Month-to-month,DSL,No,No,Yes,Yes,Mailed check,47.94,3488.63,2,No
CUST-12033,Female,0,Yes,No,46,Month-to-month,No,No,No,Yes,Yes,Bank transfer,22.11,1035.79,0,No
CUST-12034,Female,0,Yes,Yes,40,Month-to-month,Fiber optic,No,No internet service,No,Yes,Electronic check,51.12,2013.76,6,No
CUST-12035,Female,0,Yes,No,57,Two year,DSL,Yes,Yes,No internet service,Yes,Electronic check,68.98,3939.09,0,No
CUST-12036,Female,0,Yes,No,35,Month-to-month,Fiber optic,Yes,Yes,No,No,Bank transfer,86.71,2981.95,0,Yes
CUST-12037,Male,0,Yes,No,19,Month-to-month,DSL,No,Yes,No internet service,No,Electronic check,80.92,1639.96,6,Yes
CUST-12038,Female,0,No,Yes,38,Two year,Fiber optic,No internet service,No internet service,No internet service,Yes,Electronic check,59.41,2286.3,3,No
CUST-12039,Male,0,No,No,52,One year,No,No internet service,Yes,No internet service,Yes,Credit card,51.4,2712.11,2,No
CUST-12040,Male,1,No,Yes,49,Month-to-month,Fiber optic,No internet service,Yes,No internet service,Yes,Bank transfer,61.4,3077.44,2,No
CUST-12041,Female,0,Yes,No,12,One year,Fiber optic,No,No internet service,No internet service,Yes,Credit card,45.5,596.81,2,No
CUST-12042,Female,1,Yes,No,68,Month-to-month,DSL,Yes,Yes,No internet service,Yes,Bank transfer,22.69,1544.5,2,No
CUST-12043,Female,0,Yes,No,20,Month-to-month,Fiber optic,No,No,Yes,No,Mailed check,34.1,672.75,1,Yes
CUST-12044,Male,0,Yes,No,59,Month-to-month,No,No internet service,No,No,No,Bank transfer,92.49,5521.32,4,No
CUST-12045,Female,0,Yes,Yes,22,One year,DSL,No,No,No,No,Credit card,102.15,2248.63,1,Yes
CUST-12046,Male,0,Yes,No,4,Two year,Fiber optic,No,No,No internet service,Yes,Bank transfer,80.08,282.87,3,No
CUST-12047,Female,1,No,No,72,Month-to-month,Fiber optic,No,No,Yes,Yes,Mailed check,63.84,4694.81,2,No
CUST-12048,Female,0,Yes,No,42,Month-to-month,Fiber optic,No internet service,No,No internet service,No,Credit card,37.14,1513.08,1,No
CUST-12049,Female,1,Yes,No,15,Month-to-month,Fiber optic,No internet service,No internet service,No,Yes,Bank transfer,61.78,839.96,1,Yes
CUST-12050,Male,1,No,No,0,Month-to-month,Fiber optic,No internet service,No,No internet service,Yes,Credit card,77.24,49.64,2,Yes
CUST-12051,Male,0,No,No,9,Month-to-month,Fiber optic,No,No,No internet service,No,Bank transfer,81.6,697.84,3,No
CUST-12052,Male,0,No,No,12,One year,Fiber optic,No internet service,No internet service,No,No,Mailed check,78.78,967.11,1,Yes
CUST-12053,Female,0,Yes,No,67,Month-to-month,Fiber optic,No internet service,Yes,No internet service,No,Credit card,89.19,6066.59,1,No
CUST-12054,Female,0,Yes,No,12,Two year,Fiber optic,No internet service,No internet service,Yes,Yes,Bank transfer,103.86,1177.58,2,Yes
CUST-12055,Male,0,Yes,No,11,Month-to-month,Fiber optic,No internet service,Yes,Yes,Yes,Credit card,56.9,623.85,2,Yes
CUST-12056,Female,0,Yes,No,61,Month-to-month,No,Yes,Yes,No,Yes,Credit card,120.0,,1,Yes
CUST-12057,Female,1,No,No,64,Month-to-month,DSL,No,Yes,No,Yes,Mailed check,24.6,1608.49,3,Yes
CUST-12058,Male,0,No,No,15,One year,DSL,Yes,No,Yes,Yes,Electronic check,49.43,732.46,2,No
CUST-12059,Male,0,No,No,47,Month-to-month,No,No,No internet service,No internet service,No,Electronic check,69.0,3362.47,1,Yes
CUST-12060,Female,0,No,No,39,Month-to-month,DSL,No internet service,No,Yes,Yes,Bank transfer,75.98,2958.45,1,Yes
CUST-12061,Female,0,Yes,Yes,42,Month-to-month,No,No internet service,No,No,Yes,Credit card,61.37,2597.38,1,No
CUST-12062,Male,1,Yes,No,22,One year,Fiber optic,Yes,No,Yes,No,Credit card,55.08,1294.23,0,No
CUST-12063,Female,0,No,No,54,Two year,No,No internet service,No internet service,Yes,No,Electronic check,109.05,5937.74,2,No
CUST-12064,Female,1,No,No,64,Month-to-month,Fiber optic,Yes,No internet service,Yes,Yes,Electronic check,54.13,3530.41,3,No
CUST-12065,Female,0,No,Yes,52,Month-to-month,No,Yes,No internet service,No,No,Bank transfer,44.61,2274.74,0,No
CUST-12066,Female,1,No,Yes,65,Month-to-month,Fiber optic,No,No,No internet service,Yes,Mailed check,98.82,6484.71,5,No
CUST-12067,Female,0,Yes,No,8,Month-to-month,Fiber optic,Yes,No internet service,Yes,Yes,Mailed check,81.98,664.32,2,Yes
CUST-12068,Male,0,Yes,Yes,47,Two year,Fiber optic,No internet service,Yes,No internet service,Yes,Electronic check,86.89,4046.54,1,No
CUST-12069,Male,0,No,No,72,Month-to-month,DSL,Yes,No internet service,No,No,Electronic check,68.92,4973.34,1,No
CUST-12070,Male,0,Yes,No,39,One year,DSL,Yes,No internet service,No internet service,No,Bank transfer,37.48,1471.23,2,No
CUST-12071,Female,0,No,No,68,Two year,No,No internet service,No,No,No,Bank transfer,66.69,4628.32,0,No
CUST-12072,Male,0,Yes,Yes,25,One year,DSL,Yes,No,No,Yes,Credit card,34.73,887.31,1,No
CUST-12073,Male,0,Yes,No,65,Month-to-month,Fiber optic,No internet service,Yes,No,Yes,Mailed check,69.85,4501.21,2,No
CUST-12074,Female,0,Yes,No,68,One year,Fiber optic,No internet service,No,No internet service,Yes,Bank transfer,78.07,5258.19,2,No
CUST-12075,Male,0,No,No,45,Month-to-month,DSL,Yes,Yes,No,No,Credit card,86.51,3890.58,1,No
CUST-12076,Male,0,Yes,Yes,51,Month-to-month,No,No,No,No internet service,No,Mailed check,63.15,3153.33,0,No
CUST-12077,Male,0,Yes,Yes,38,Two year,DSL,No,No,No,No,Electronic check,79.96,3002.71,1,No
CUST-12078,Male,0,No,No,23,Month-to-month,Fiber optic,Yes,No,Yes,Yes,Credit card,46.92,1066.95,2,No
CUST-12079,Male,0,Yes,No,39,Month-to-month,Fiber optic,No internet service,No internet service,Yes,Yes,Electronic check,84.33,3267.78,2,No
CUST-12080,Female,0,Yes,Yes,70,Month-to-month,DSL,No internet service,No internet service,No,Yes,Mailed check,78.49,5530.65,0,No
CUST-12081,Male,0,No,No,1,Month-to-month,DSL,No internet service,No,Yes,Yes,Electronic check,48.99,12.1,2,Yes
CUST-12082,Male,0,No,Yes,14,One year,Fiber optic,Yes,No,Yes,Yes,Bank transfer,75.61,935.04,1,No
CUST-12083,Female,0,No,No,36,One year,DSL,Yes,Yes,No,Yes,Mailed check,86.79,3040.15,0,Yes
CUST-12084,Male,1,Yes,Yes,24,One year,No,No internet service,No,Yes,Yes,Mailed check,66.57,1596.79,2,No
CUST-12085,Female,0,No,No,45,Month-to-month,Fiber optic,Yes,No internet service,No internet service,Yes,Bank transfer,48.55,2155.41,0,No
CUST-12086,Female,0,Yes,No,26,Month-to-month,DSL,No,Yes,No internet service,No,Mailed check,68.56,1720.73,2,No
CUST-12087,Female,0,No,Yes,48,Month-to-month,DSL,No,No,No internet service,No,Mailed check,76.05,3748.32,1,No
CUST-12088,Male,0,Yes,No,7,Month-to-month,DSL,Yes,No,No,No,Mailed check,48.4,380.24,1,No
CUST-12089,Male,0,No,Yes,24,One year,Fiber optic,No,Yes,Yes,Yes,Electronic check,44.85,1073.48,0,Yes
CUST-12090,Female,0,No,No,50,One year,Fiber optic,Yes,Yes,No internet service,No,Credit card,75.43,3783.16,0,No
CUST-12091,Male,0,Yes,Yes,34,Two year,DSL,Yes,No internet service,No,Yes,Credit card,81.47,2756.72,4,No
CUST-12092,Female,0,Yes,Yes,52,One year,Fiber optic,No,No,No,Yes,Bank transfer,108.0,5553.31,1,Yes
CUST-12093,Male,0,No,No,46,Month-to-month,Fiber optic,Yes,No,No,Yes,Electronic check,78.31,3653.8,2,No
CUST-12094,Male,0,No,Yes,23,One year,Fiber optic,Yes,Yes,Yes,Yes,Mailed check,40.82,981.43,4,No
CUST-12095,Female,1,No,No,31,One year,DSL,No internet service,Yes,No,No,Mailed check,105.8,3180.93,6,No
CUST-12096,Female,1,No,Yes,70,Two year,DSL,No,Yes,No,No,Electronic check,86.1,6038.32,3,No
CUST-12097,Female,1,No,No,70,Month-to-month,DSL,No,Yes,No internet service,Yes,Credit card,24.89,1759.14,3,No
CUST-12098,Female,1,Yes,No,2,One year,Fiber optic,Yes,No internet service,No,No,Mailed check,44.39,72.69,2,Yes
CUST-12099,Male,0,Yes,No,51,Month-to-month,Fiber optic,Yes,No,No internet service,Yes,Bank transfer,55.17,2918.53,2,No
CUST-12100,Female,0,No,Yes,35,One year,DSL,No,No internet service,No internet service,Yes,Bank transfer,81.76,2961.04,1,No
CUST-12101,Female,0,Yes,Yes,0,Two year,DSL,No,No,Yes,No,Mailed check,18.0,0.0,1,Yes
CUST-12102,Male,0,No,No,46,Two year,Fiber optic,No,No internet service,Yes,No,Mailed check,62.62,2869.38,3,No
CUST-12103,Male,0,Yes,No,1,Month-to-month,DSL,Yes,Yes,No,No,Credit card,80.62,63.61,2,Yes
CUST-12104,Female,1,Yes,No,23,Month-to-month,Fiber optic,No internet service,No internet service,No internet service,Yes,Credit card,18.0,383.43,1,Yes
CUST-12105,Male,0,Yes,Yes,50,One year,Fiber optic,No,No,No,Yes,Bank transfer,79.94,3950.96,2,No
CUST-12106,Female,0,No,Yes,59,One year,DSL,No internet service,Yes,Yes,Yes,Bank transfer,82.34,4883.4,3,No
CUST-12107,Male,0,Yes,No,30,Two year,Fiber optic,No,No internet service,No,Yes,Electronic check,48.07,1540.17,1,No
CUST-12108,Male,0,Yes,No,59,Month-to-month,DSL,No,No,No internet service,Yes,Electronic check,41.93,2551.37,2,No
CUST-12109,Male,0,No,No,61,Two year,Fiber optic,Yes,Yes,Yes,Yes,Electronic check,47.75,2952.21,0,No
CUST-12110,Male,0,Yes,Yes,32,One year,DSL,No internet service,No internet service,No,Yes,Credit card,18.0,455.64,1,No
CUST-12111,Female,0,No,Yes,12,Month-to-month,Fiber optic,Yes,No,No,Yes,Credit card,58.48,608.53,0,No
CUST-12112,Female,0,No,No,48,Month-to-month,Fiber optic,No internet service,No,No,No,Electronic check,69.39,3383.93,1,No
CUST-12113,Female,1,Yes,No,1,One year,DSL,No internet service,No,Yes,Yes,Mailed check,40.61,121.58,2,No
CUST-12114,Female,0,No,Yes,65,Month-to-month,Fiber optic,No,Yes,No internet service,Yes,Mailed check,84.44,5516.29,1,No
CUST-12115,Male,0,Yes,No,28,Two year,Fiber optic,No internet service,Yes,No internet service,No,Credit card,67.05,1862.12,1,No
CUST-12116,Female,0,Yes,No,55,One year,No,No internet service,No internet service,No,No,Mailed check,70.2,3928.62,3,No
CUST-12117,Female,0,No,No,53,Month-to-month,DSL,Yes,No,No,Yes,Electronic check,56.96,3056.56,0,No
CUST-12118,Female,0,Yes,No,34,Month-to-month,DSL,Yes,No internet service,No,Yes,Bank transfer,79.86,2772.11,3,No
CUST-12119,Female,1,Yes,No,70,Two year,DSL,No,Yes,Yes,Yes,Electronic check,90.81,6263.87,1,No
CUST-12120,Female,0,Yes,No,58,One year,No,No internet service,No,Yes,No,Bank transfer,56.85,3314.47,2,No
CUST-12121,Female,0,No,No,64,One year,Fiber optic,Yes,No,No internet service,Yes,Credit card,80.22,5222.81,2,Yes
CUST-12122,Female,0,Yes,No,6,One year,DSL,No internet service,Yes,Yes,Yes,Electronic check,80.44,509.01,0,No
CUST-12123,Female,0,Yes,Yes,35,One year,Fiber optic,No internet service,No internet service,No internet service,No,Credit card,73.36,2615.01,2,No
CUST-12124,Female,0,No,No,69,Two year,DSL,Yes,Yes,No,No,Bank transfer,98.54,6801.08,1,No
CUST-12125,Male,0,Yes,No,59,One year,Fiber optic,No internet service,No,No,Yes,Electronic check,50.47,2983.03,1,No
CUST-12126,Male,1,Yes,No,33,Month-to-month,Fiber optic,No,No internet service,Yes,Yes,Electronic check,56.57,1936.94,1,No
CUST-12127,Female,0,Yes,No,5,Month-to-month,Fiber optic,No,No internet service,No internet service,Yes,Electronic check,49.46,213.81,0,No
CUST-12128,Male,0,No,No,20,Month-to-month,Fiber optic,Yes,Yes,No,Yes,Credit card,79.5,1551.62,1,Yes
CUST-12129,Male,0,No,No,41,One year,DSL,No,No,No internet service,Yes,Bank transfer,59.55,2417.64,0,No
CUST-12130,Female,0,No,No,46,Month-to-month,Fiber optic,No,No,No internet service,No,Mailed check,51.09,2351.31,1,Yes
CUST-12131,Female,1,Yes,No,67,One year,Fiber optic,No,No internet service,Yes,No,Bank transfer,98.26,6502.92,0,No
CUST-12132,Female,0,No,No,6,Two year,DSL,No internet service,Yes,No internet service,No,Mailed check,101.19,643.69,3,No
CUST-12133,Male,0,No,No,28,Month-to-month,No,Yes,No,No,No,Mailed check,58.43,1627.83,3,Yes
CUST-12134,Male,0,No,Yes,19,Month-to-month,Fiber optic,Yes,No internet service,Yes,Yes,Bank transfer,37.65,758.03,1,No
CUST-12135,Female,0,Yes,No,70,One year,No,No,No internet service,No,Yes,Electronic check,102.27,7052.95,2,No
CUST-12136,Female,0,No,No,12,Month-to-month,Fiber optic,No internet service,No internet service,No,No,Credit card,74.41,935.8,4,Yes
CUST-12137,Male,0,Yes,Yes,16,One year,DSL,Yes,No internet service,No,Yes,Credit card,73.41,1241.4,1,No
CUST-12138,Female,0,No,No,21,Month-to-month,Fiber optic,No internet service,No internet service,Yes,Yes,Credit card,67.1,1431.03,0,No
CUST-12139,Male,0,No,No,7,Month-to-month,Fiber optic,No internet service,No,No internet service,Yes,Electronic check,48.99,,2,Yes
CUST-12140,Female,0,Yes,Yes,46,One year,DSL,No internet service,No internet service,Yes,No,Mailed check,56.73,,1,No
CUST-12141,Female,0,Yes,Yes,38,Month-to-month,Fiber optic,No,No,No,Yes,Mailed check,78.55,3048.47,3,Yes
CUST-12142,Female,0,No,Yes,40,Month-to-month,DSL,Yes,No internet service,No internet service,Yes,Bank transfer,56.05,2268.15,2,Yes
CUST-12143,Female,0,Yes,No,66,Month-to-month,DSL,Yes,No internet service,Yes,Yes,Mailed check,73.66,4891.44,3,No
CUST-12144,Male,0,No,No,31,Month-to-month,No,No,Yes,No,No,Mailed check,65.27,2106.22,3,No
CUST-12145,Male,0,No,No,22,Two year,DSL,No,No internet service,No,Yes,Electronic check,43.86,1002.98,1,No
CUST-12146,Male,0,Yes,Yes,27,Month-to-month,Fiber optic,No internet service,No internet service,No internet service,Yes,Bank transfer,97.42,2590.33,2,No
CUST-12147,Female,0,No,Yes,58,Month-to-month,Fiber optic,No internet service,No internet service,No internet service,No,Bank transfer,76.88,4522.37,5,No
CUST-12148,Female,0,No,No,38,Month-to-month,Fiber optic,No internet service,No internet service,No internet service,No,Bank transfer,71.61,2714.99,0,Yes
CUST-12149,Female,1,Yes,Yes,12,Month-to-month,DSL,No,Yes,No,Yes,Mailed check,76.1,914.86,3,No
CUST-12150,Male,0,Yes,No,50,Month-to-month,Fiber optic,Yes,Yes,No,Yes,Credit card,29.14,1462.34,0,No
CUST-12151,Male,0,Yes,No,54,One year,Fiber optic,No,Yes,Yes,No,Bank transfer,55.14,3026.0,0,No
CUST-12152,Female,0,Yes,No,18,Month-to-month,No,No internet service,No,No internet service,Yes,Electronic check,34.45,707.54,1,Yes
CUST-12153,Female,0,No,No,40,One year,DSL,No internet service,No,Yes,No,Mailed check,67.49,2700.82,2,Yes
CUST-12154,Female,0,No,No,41,Month-to-month,DSL,No internet service,No,No,No,Bank transfer,71.52,3018.88,0,Yes
CUST-12155,Male,0,No,No,12,Month-to-month,Fiber optic,Yes,No internet service,No internet service,No,Electronic check,67.83,822.19,1,Yes
CUST-12156,Male,0,Yes,No,0,Month-to-month,DSL,No,No internet service,No internet service,Yes,Mailed check,88.57,70.11,2,Yes
CUST-12157,Female,0,No,Yes,52,One year,Fiber optic,No,Yes,Yes,Yes,Credit card,35.05,1832.52,2,No
CUST-12158,Female,1,No,Yes,44,Two year,Fiber optic,Yes,No internet service,No internet service,Yes,Mailed check,49.01,2131.82,1,No
CUST-12159,Male,0,No,No,52,Month-to-month,Fiber optic,No,No,No,Yes,Bank transfer,73.29,3907.18,1,No
CUST-12160,Female,0,Yes,No,27,Two year,No,Yes,No internet service,No,Yes,Bank transfer,70.28,1868.17,3,No
CUST-12161,Male,1,No,No,37,Month-to-month,Fiber optic,Yes,No,Yes,Yes,Mailed check,38.69,1398.79,0,No
CUST-12162,Male,1,No,Yes,71,One year,No,Yes,No,No internet service,Yes,Credit card,88.93,6251.23,2,No
CUST-12163,Female,0,Yes,Yes,16,One year,Fiber optic,No internet service,Yes,No,No,Electronic check,95.86,1597.12,1,No
CUST-12164,Female,0,No,No,47,Month-to-month,DSL,No internet service,Yes,Yes,Yes,Mailed check,73.51,3530.14,4,Yes
CUST-12165,Female,0,Yes,No,9,Month-to-month,Fiber optic,No,No internet service,Yes,Yes,Bank transfer,34.82,332.04,0,Yes
CUST-12166,Male,0,No,No,4,Month-to-month,Fiber optic,Yes,Yes,No internet service,Yes,Electronic check,68.19,223.57,0,Yes
CUST-12167,Female,0,No,No,69,One year,No,No,Yes,Yes,No,Credit card,71.81,4954.55,0,No
CUST-12168,Female,0,No,Yes,9,Month-to-month,DSL,No,Yes,No,Yes,Electronic check,59.56,520.91,1,No
CUST-12169,Female,0,No,No,47,Two year,DSL,Yes,No internet service,No internet service,No,Bank transfer,91.94,4269.66,1,Yes
CUST-12170,Male,0,Yes,No,37,Month-to-month,No,No,No,No internet service,Yes,Bank transfer,62.68,2294.72,0,No
CUST-12171,Female,0,No,No,59,Two year,DSL,No internet service,No,Yes,Yes,Credit card,107.09,6343.6,2,No
CUST-12172,Female,0,Yes,No,39,Month-to-month,Fiber optic,No internet service,No,Yes,No,Electronic check,80.66,3115.48,5,Yes
CUST-12173,Female,0,No,No,50,One year,Fiber optic,No internet service,No,Yes,Yes,Electronic check,70.52,3540.59,1,No
CUST-12174,Male,0,Yes,Yes,65,Month-to-month,DSL,No internet service,No,No internet service,No,Bank transfer,83.41,5332.83,0,No
CUST-12175,Female,1,Yes,No,60,Month-to-month,DSL,Yes,No,No,No,Credit card,95.62,5821.16,2,No
CUST-12176,Male,0,No,No,52,Month-to-month,No,No,Yes,No internet service,Yes,Credit card,82.98,4295.39,0,No
CUST-12177,Male,0,Yes,No,11,One year,DSL,No,Yes,Yes,Yes,Electronic check,63.48,741.79,3,Yes
CUST-12178,Female,0,No,No,12,Month-to-month,Fiber optic,Yes,No internet service,No internet service,No,Mailed check,51.8,631.03,0,No
CUST-12179,Male,0,No,No,36,One year,Fiber optic,Yes,No,Yes,No,Mailed check,42.56,1552.28,0,No
CUST-12180,Female,0,Yes,Yes,48,Two year,Fiber optic,No,No internet service,Yes,No,Credit card,18.0,807.4,3,No
CUST-12181,Male,0,Yes,No,48,Month-to-month,Fiber optic,No internet service,No internet service,No,Yes,Bank transfer,68.48,3249.01,0,No
CUST-12182,Female,0,No,No,57,Month-to-month,DSL,Yes,No internet service,No,Yes,Mailed check,57.25,3226.36,1,No
CUST-12183,Female,0,No,Yes,7,Month-to-month,No,No,No,No,No,Electronic check,58.32,409.51,3,Yes
CUST-12184,Female,0,Yes,No,12,Month-to-month,DSL,Yes,No internet service,Yes,No,Bank transfer,85.58,1093.27,1,Yes
CUST-12185,Male,0,No,No,10,Month-to-month,DSL,Yes,Yes,No,Yes,Mailed check,62.76,649.26,1,No
CUST-12186,Male,0,No,No,39,One year,No,No,No,No,Yes,Electronic check,102.9,3968.08,1,No
CUST-12187,Male,1,Yes,No,46,Month-to-month,DSL,No,No internet service,No internet service,No,Electronic check,53.54,2467.21,0,No
CUST-12188,Male,0,No,No,8,Month-to-month,DSL,No internet service,Yes,No internet service,Yes,Bank transfer,45.58,360.61,4,Yes
CUST-12189,Female,0,No,No,63,One year,No,No internet service,Yes,No,No,Bank transfer,39.85,,1,No
CUST-12190,Male,0,Yes,No,22,Month-to-month,DSL,Yes,Yes,No internet service,Yes,Mailed check,79.46,1747.35,2,No
CUST-12191,Male,0,No,No,48,One year,DSL,No,No,No,Yes,Credit card,88.03,4263.63,1,No
CUST-12192,Male,0,No,Yes,54,Two year,Fiber optic,No internet service,No,No,Yes,Bank transfer,53.11,2831.94,0,No
CUST-12193,Male,0,No,No,2,Month-to-month,Fiber optic,Yes,No,No internet service,Yes,Bank transfer,43.72,70.15,3,Yes
CUST-12194,Female,0,Yes,No,63,Month-to-month,No,No internet service,Yes,No,Yes,Electronic check,95.61,6072.54,1,No
CUST-12195,Female,0,Yes,No,70,Two year,Fiber optic,No internet service,No,No,Yes,Mailed check,35.99,,1,No
CUST-12196,Male,0,Yes,No,69,One year,No,Yes,No internet service,No,Yes,Credit card,85.2,5942.76,2,No
CUST-12197,Female,0,No,Yes,10,One year,DSL,Yes,Yes,No internet service,Yes,Mailed check,53.58,607.59,0,No
CUST-12198,Female,0,No,No,28,One year,Fiber optic,No internet service,No internet service,No internet service,No,Bank transfer,72.94,1974.29,0,No
CUST-12199,Male,0,Yes,Yes,16,Month-to-month,DSL,No,Yes,No,Yes,Credit card,86.54,1399.05,1,Yes
CUST-12200,Male,1,No,Yes,32,Month-to-month,No,No internet service,Yes,Yes,Yes,Bank transfer,74.53,2359.56,2,Yes
CUST-12201,Male,0,No,No,71,One year,No,No,Yes,No,No,Bank transfer,59.09,4135.45,0,No
CUST-12202,Male,0,Yes,Yes,55,One year,DSL,No,Yes,No,Yes,Electronic check,92.92,5071.14,0,No
CUST-12203,Male,0,Yes,No,56,One year,No,Yes,No,No internet service,Yes,Mailed check,70.78,3948.64,6,No
CUST-12204,Male,0,Yes,No,30,Month-to-month,Fiber optic,Yes,No,No internet service,No,Electronic check,120.0,3585.27,5,Yes
CUST-12205,Female,0,No,No,68,Two year,DSL,Yes,No,Yes,Yes,Electronic check,30.9,2070.86,2,No
CUST-12206,Male,0,Yes,No,67,Month-to-month,Fiber optic,Yes,Yes,No internet service,Yes,Bank transfer,30.6,2049.52,1,No
CUST-12207,Female,0,No,No,58,Month-to-month,No,Yes,No,No internet service,No,Electronic check,84.89,5045.95,2,No
CUST-12208,Male,0,No,No,59,Month-to-month,DSL,No internet service,No internet service,No internet service,No,Mailed check,64.36,3710.98,1,No
CUST-12209,Male,0,No,No,47,Month-to-month,DSL,Yes,Yes,No,No,Mailed check,80.85,3856.81,4,No
CUST-12210,Female,1,Yes,No,6,One year,No,No,No internet service,Yes,Yes,Mailed check,43.03,257.26,2,Yes
CUST-12211,Female,0,No,No,20,Month-to-month,Fiber optic,No,Yes,No,No,Bank transfer,66.08,1299.71,0,No
CUST-12212,Female,1,Yes,No,56,One year,Fiber optic,Yes,No,No internet service,Yes,Mailed check,74.15,4051.49,1,No
CUST-12213,Male,0,Yes,No,23,Month-to-month,Fiber optic,No internet service,No,No,Yes,Credit card,54.13,1283.13,2,Yes
CUST-12214,Male,1,Yes,Yes,12,Month-to-month,Fiber optic,No,No internet service,No internet service,Yes,Mailed check,69.64,763.63,0,Yes
CUST-12215,Male,0,No,Yes,69,Month-to-month,DSL,Yes,No,Yes,No,Credit card,37.77,2647.52,0,No
CUST-12216,Male,0,No,No,35,Month-to-month,DSL,Yes,No,No internet service,Yes,Credit card,72.9,2638.57,0,No
CUST-12217,Female,0,Yes,No,62,One year,No,No internet service,No internet service,Yes,No,Mailed check,93.91,5758.28,2,Yes
CUST-12218,Male,1,Yes,No,20,Month-to-month,Fiber optic,No,Yes,No internet service,No,Credit card,40.25,863.42,4,Yes
CUST-12219,Male,0,No,No,26,Month-to-month,Fiber optic,No,Yes,No internet service,Yes,Mailed check,39.04,1016.31,1,No
CUST-12220,Female,0,No,No,25,Month-to-month,No,No,No,No internet service,Yes,Credit card,88.8,2115.29,1,Yes
CUST-12221,Male,0,Yes,No,27,Month-to-month,DSL,Yes,Yes,No,No,Credit card,38.69,984.39,2,Yes
CUST-12222,Male,1,Yes,No,31,Month-to-month,No,Yes,Yes,No,Yes,Mailed check,81.81,2545.02,1,No
CUST-12223,Male,0,No,No,21,Two year,Fiber optic,No,No,No internet service,No,Mailed check,66.11,1408.37,3,No
CUST-12224,Male,0,No,Yes,59,Month-to-month,No,No,Yes,Yes,Yes,Credit card,56.64,3262.73,0,No
CUST-12225,Female,0,Yes,Yes,23,Month-to-month,DSL,Yes,No,Yes,Yes,Bank transfer,94.33,2171.18,3,No
CUST-12226,Female,1,No,No,32,Two year,DSL,No,No,Yes,Yes,Bank transfer,83.56,2715.1,3,No
CUST-12227,Female,0,No,Yes,62,One year,Fiber optic,No,No,Yes,Yes,Bank transfer,70.59,4426.51,3,No
CUST-12228,Male,0,Yes,No,31,Month-to-month,No,Yes,No,No,No,Electronic check,21.95,659.81,1,No
CUST-12229,Female,0,No,No,0,One year,No,No,Yes,No,Yes,Electronic check,79.25,21.92,1,Yes
CUST-12230,Female,1,No,Yes,0,Two year,Fiber optic,Yes,No,No,Yes,Credit card,43.58,53.62,0,No
CUST-12231,Male,1,Yes,Yes,31,Month-to-month,Fiber optic,No,Yes,Yes,No,Mailed check,60.57,1920.29,2,Yes
CUST-12232,Female,0,Yes,No,47,Month-to-month,DSL,Yes,No,No,No,Credit card,65.15,3106.62,0,No
CUST-12233,Male,0,Yes,No,68,Two year,Fiber optic,No internet service,No internet service,No,Yes,Mailed check,102.95,7006.28,0,No
CUST-12234,Female,0,Yes,No,9,One year,No,No,No internet service,Yes,No,Credit card,59.94,534.73,0,No
CUST-12235,Female,1,No,Yes,39,Two year,Fiber optic,Yes,Yes,No internet service,Yes,Bank transfer,36.54,1438.67,3,No
CUST-12236,Male,0,No,No,21,Month-to-month,DSL,No internet service,Yes,No internet service,No,Electronic check,94.39,1944.0,5,Yes
CUST-12237,Male,0,No,No,32,Two year,No,No internet service,No internet service,No internet service,No,Mailed check,79.51,2599.92,2,No
CUST-12238,Male,0,No,No,32,Month-to-month,DSL,Yes,No internet service,Yes,No,Credit card,80.26,2491.8,2,Yes
CUST-12239,Female,0,Yes,No,22,One year,Fiber optic,Yes,Yes,No,No,Electronic check,94.77,2059.72,0,Yes
CUST-12240,Male,0,No,Yes,1,Two year,Fiber optic,Yes,No internet service,No internet service,No,Electronic check,99.46,,2,No
CUST-12241,Female,0,Yes,No,5,Month-to-month,Fiber optic,Yes,Yes,No,Yes,Electronic check,47.17,259.33,2,No
CUST-12242,Male,1,Yes,No,38,Month-to-month,Fiber optic,No internet service,No,Yes,No,Bank transfer,37.18,1445.72,1,Yes
CUST-12243,Male,0,Yes,No,16,One year,Fiber optic,Yes,Yes,No,No,Credit card,81.85,1384.05,2,Yes
CUST-12244,Female,0,No,No,23,Two year,DSL,No,Yes,Yes,Yes,Credit card,59.75,1378.14,1,No
CUST-12245,Female,0,No,Yes,6,Month-to-month,DSL,No internet service,No internet service,No,No,Credit card,61.56,333.46,4,No
CUST-12246,Female,0,Yes,Yes,3,Two year,Fiber optic,No,No,No,No,Credit card,42.57,120.46,1,Yes
CUST-12247,Male,1,No,Yes,9,Month-to-month,Fiber optic,No internet service,Yes,No internet service,No,Credit card,76.68,674.15,1,Yes
CUST-12248,Male,0,No,No,27,Month-to-month,Fiber optic,Yes,No internet service,No internet service,Yes,Bank transfer,73.04,1998.08,1,Yes
CUST-12249,Male,0,Yes,Yes,11,Month-to-month,Fiber optic,No internet service,Yes,No,No,Credit card,61.89,627.44,1,No
CUST-12250,Female,0,No,No,16,Two year,DSL,Yes,Yes,No,Yes,Bank transfer,37.23,586.91,1,No
CUST-12251,Female,0,No,Yes,22,Month-to-month,Fiber optic,No internet service,No internet service,Yes,No,Electronic check,89.18,2043.09,5,Yes
CUST-12252,Male,0,Yes,No,21,One year,Fiber optic,No,No,No internet service,Yes,Electronic check,70.11,1481.3,2,No
CUST-12253,Female,0,No,No,0,Month-to-month,Fiber optic,No,Yes,Yes,No,Electronic check,87.36,0.0,0,Yes
CUST-12254,Male,0,No,No,8,Two year,Fiber optic,No internet service,No internet service,No internet service,Yes,Mailed check,22.94,166.53,3,No
CUST-12255,Female,0,No,Yes,69,Two year,DSL,No internet service,Yes,No internet service,No,Mailed check,66.14,4452.01,1,No
CUST-12256,Female,0,Yes,No,48,Month-to-month,DSL,Yes,No,No internet service,Yes,Bank transfer,50.66,2428.74,1,No
CUST-12257,Female,0,Yes,Yes,9,Month-to-month,DSL,No internet service,Yes,No internet service,No,Bank transfer,65.72,673.86,0,No
CUST-12258,Male,1,No,No,20,Month-to-month,Fiber optic,Yes,No,Yes,No,Mailed check,83.86,1617.87,3,Yes
CUST-12259,Female,0,Yes,No,27,Month-to-month,DSL,No internet service,No internet service,No internet service,Yes,Bank transfer,72.4,1882.0,3,Yes
CUST-12260,Male,1,Yes,No,66,Two year,DSL,No internet service,No internet service,No,No,Credit card,65.36,4281.1,1,No
CUST-12261,Female,0,Yes,Yes,64,One year,No,No,No,No,No,Electronic check,65.26,4222.71,2,No
CUST-12262,Male,0,No,No,56,Month-to-month,Fiber optic,No internet service,No,No internet service,Yes,Mailed check,33.8,1978.03,1,Yes
CUST-12263,Female,0,Yes,No,7,One year,Fiber optic,No internet service,No internet service,No,Yes,Credit card,46.87,350.5,2,No
CUST-12264,Male,0,No,No,35,Month-to-month,Fiber optic,No,No internet service,No,Yes,Credit card,87.43,,1,No
CUST-12265,Male,0,Yes,No,35,Month-to-month,DSL,Yes,No internet service,Yes,Yes,Mailed check,54.89,1920.04,1,Yes
CUST-12266,Female,0,Yes,No,46,Month-to-month,DSL,No,No,Yes,Yes,Bank transfer,87.81,4128.73,4,Yes
CUST-12267,Female,0,Yes,Yes,61,Month-to-month,No,No internet service,No,No internet service,Yes,Bank transfer,81.53,4957.78,2,No
CUST-12268,Male,0,No,No,23,One year,Fiber optic,Yes,No internet service,No,Yes,Bank transfer,82.58,1906.36,0,No
CUST-12269,Female,0,Yes,No,40,Month-to-month,Fiber optic,No internet service,Yes,Yes,No,Credit card,71.66,2878.43,0,No
CUST-12270,Male,1,Yes,No,19,One year,No,Yes,No internet service,No internet service,Yes,Electronic check,56.28,992.03,2,No
CUST-12271,Male,1,No,Yes,15,Month-to-month,DSL,No,No internet service,No internet service,No,Bank transfer,61.98,979.6,0,Yes
CUST-12272,Male,0,No,No,22,One year,Fiber optic,No,No,Yes,No,Electronic check,77.81,1754.51,2,No
CUST-12273,Male,0,Yes,No,53,Month-to-month,DSL,Yes,No internet service,Yes,No,Credit card,22.49,1092.29,1,No
CUST-12274,Male,0,Yes,Yes,31,Month-to-month,Fiber optic,No,No,Yes,Yes,Bank transfer,89.88,2719.75,0,No
CUST-12275,Male,0,No,No,49,Month-to-month,No,Yes,No internet service,Yes,Yes,Bank transfer,55.0,2646.51,1,Yes
CUST-12276,Male,0,Yes,No,50,Month-to-month,DSL,No,No,No internet service,No,Credit card,63.27,3200.92,0,No
CUST-12277,Male,0,Yes,No,26,Month-to-month,No,No internet service,Yes,Yes,No,Credit card,63.45,1612.14,0,No
CUST-12278,Male,0,Yes,No,69,Month-to-month,Fiber optic,Yes,No internet service,No internet service,No,Credit card,64.2,4449.87,0,No
CUST-12279,Female,1,No,No,3,One year,Fiber optic,No internet service,No internet service,No,Yes,Credit card,38.73,107.1,2,Yes
CUST-12280,Female,0,Yes,No,65,Month-to-month,DSL,No internet service,Yes,Yes,Yes,Bank transfer,68.03,4425.51,1,Yes
CUST-12281,Male,0,Yes,No,0,One year,Fiber optic,No internet service,No internet service,No internet service,Yes,Mailed check,76.89,24.8,2,Yes
CUST-12282,Male,1,Yes,No,27,One year,Fiber optic,Yes,No,Yes,No,Mailed check,24.11,664.59,1,No
CUST-12283,Female,0,No,No,60,Month-to-month,DSL,No internet service,No internet service,No internet service,No,Mailed check,38.98,2337.85,0,No
CUST-12284,Female,0,No,Yes,49,One year,Fiber optic,Yes,Yes,Yes,Yes,Bank transfer,82.92,4079.43,2,No
CUST-12285,Female,1,No,Yes,23,Month-to-month,DSL,No,Yes,No,Yes,Credit card,79.2,1832.45,2,Yes
CUST-12286,Female,1,Yes,No,64,One year,No,Yes,Yes,Yes,Yes,Mailed check,70.97,4531.6,0,No
CUST-12287,Female,0,Yes,No,10,One year,DSL,No internet service,No internet service,No,Yes,Bank transfer,51.36,492.04,1,Yes
CUST-12288,Female,0,Yes,No,48,One year,Fiber optic,No internet service,No internet service,No internet service,Yes,Mailed check,79.31,3900.9,1,No
CUST-12289,Male,0,No,Yes,37,Month-to-month,Fiber optic,Yes,No internet service,No internet service,Yes,Bank transfer,40.94,1492.64,0,No
CUST-12290,Male,0,No,No,15,One year,Fiber optic,No,No,Yes,Yes,Credit card,62.25,1002.1,3,No
CUST-12291,Male,0,Yes,No,67,Month-to-month,No,Yes,No internet service,Yes,No,Mailed check,38.87,2570.03,4,No
CUST-12292,Male,0,No,No,55,Month-to-month,No,No,Yes,Yes,No,Mailed check,61.76,3437.31,1,No
CUST-12293,Female,0,No,Yes,0,Month-to-month,DSL,No,No internet service,No internet service,Yes,Electronic check,44.39,89.19,6,Yes
CUST-12294,Female,0,No,No,6,Month-to-month,Fiber optic,No internet service,No,No,Yes,Mailed check,80.12,463.84,3,Yes
CUST-12295,Female,0,Yes,No,4,One year,Fiber optic,Yes,No internet service,No internet service,No,Mailed check,73.66,261.27,1,Yes
CUST-12296,Male,0,No,No,30,Two year,DSL,Yes,No internet service,No,Yes,Electronic check,53.59,1586.24,3,No
CUST-12297,Male,0,Yes,Yes,30,Month-to-month,Fiber optic,No,No,No,Yes,Credit card,86.81,2603.33,1,Yes
CUST-12298,Male,0,Yes,Yes,52,One year,DSL,No internet service,Yes,Yes,Yes,Credit card,45.87,,3,No
CUST-12299,Female,0,Yes,No,49,One year,No,No internet service,Yes,Yes,No,Mailed check,64.29,3148.21,1,No
CUST-12300,Male,0,No,No,1,Two year,Fiber optic,Yes,No internet service,No internet service,Yes,Credit card,52.7,,2,Yes
CUST-12301,Male,0,No,No,34,One year,Fiber optic,Yes,No,Yes,No,Mailed check,79.85,2812.63,2,No
CUST-12302,Female,0,Yes,Yes,57,Month-to-month,Fiber optic,No internet service,Yes,No,Yes,Mailed check,77.87,4428.57,3,Yes
CUST-12303,Female,0,Yes,No,65,Month-to-month,No,No internet service,No internet service,No,Yes,Electronic check,91.04,5886.59,3,Yes
CUST-12304,Female,0,No,No,21,One year,Fiber optic,No,No,No,Yes,Bank transfer,66.66,1441.39,0,Yes
CUST-12305,Male,0,No,Yes,3,Month-to-month,No,Yes,Yes,No internet service,No,Mailed check,18.0,96.32,2,Yes
CUST-12306,Male,0,Yes,No,11,Two year,No,Yes,No internet service,No internet service,Yes,Mailed check,56.38,690.8,2,No
CUST-12307,Male,0,Yes,No,24,Two year,DSL,No internet service,No,No,Yes,Mailed check,96.31,2407.83,0,No
CUST-12308,Male,1,Yes,No,32,Two year,DSL,Yes,No internet service,No internet service,No,Credit card,58.5,1889.31,0,No
CUST-12309,Female,0,Yes,No,25,Month-to-month,DSL,Yes,No internet service,No,Yes,Bank transfer,26.65,651.84,0,Yes
CUST-12310,Male,0,No,No,6,One year,Fiber optic,No,No internet service,Yes,Yes,Electronic check,73.99,348.83,1,Yes
CUST-12311,Male,0,Yes,No,24,One year,Fiber optic,No internet service,No internet service,No,No,Electronic check,75.48,1764.63,2,No
CUST-12312,Female,0,No,Yes,21,Month-to-month,DSL,No internet service,No internet service,No internet service,Yes,Electronic check,50.46,1070.09,3,Yes
CUST-12313,Male,0,No,No,35,Month-to-month,No,No,No internet service,No internet service,Yes,Electronic check,60.07,2043.4,2,No
CUST-12314,Male,0,No,Yes,5,Month-to-month,DSL,No,No,No,No,Bank transfer,48.05,160.99,1,No
CUST-12315,Male,0,No,No,57,Month-to-month,Fiber optic,No,No internet service,Yes,Yes,Electronic check,75.45,4303.94,2,Yes
CUST-12316,Male,0,Yes,No,30,Two year,Fiber optic,Yes,No internet service,No internet service,Yes,Electronic check,66.13,2022.74,3,No
CUST-12317,Male,0,Yes,No,23,Two year,Fiber optic,Yes,Yes,Yes,Yes,Electronic check,41.68,946.32,1,No
CUST-12318,Female,0,No,No,66,Month-to-month,DSL,Yes,Yes,No internet service,Yes,Bank transfer,64.81,4322.3,1,No
CUST-12319,Female,1,No,No,54,Month-to-month,Fiber optic,Yes,No,No internet service,Yes,Credit card,50.34,2749.19,2,No
CUST-12320,Male,0,No,Yes,9,Month-to-month,Fiber optic,No internet service,Yes,No internet service,Yes,Bank transfer,94.22,905.44,3,Yes
CUST-12321,Male,0,Yes,No,10,Month-to-month,DSL,No,No,Yes,Yes,Credit card,82.87,937.37,2,No
CUST-12322,Male,0,No,Yes,0,Month-to-month,Fiber optic,No,Yes,No,Yes,Bank transfer,62.55,130.7,1,No
CUST-12323,Female,0,Yes,No,40,One year,Fiber optic,Yes,No internet service,Yes,Yes,Credit card,66.62,2701.38,3,Yes
CUST-12324,Female,0,Yes,No,25,One year,Fiber optic,No,No internet service,Yes,Yes,Mailed check,85.28,2109.01,0,No
CUST-12325,Female,0,No,Yes,27,Two year,Fiber optic,Yes,Yes,No,Yes,Credit card,61.53,1664.4,1,No
CUST-12326,Male,0,Yes,No,37,Two year,Fiber optic,No internet service,No internet service,No internet service,No,Bank transfer,80.17,3044.95,2,No
CUST-12327,Male,0,Yes,No,39,Month-to-month,No,No internet service,Yes,Yes,Yes,Electronic check,94.55,3642.79,2,Yes
CUST-12328,Male,1,Yes,No,0,One year,Fiber optic,Yes,No internet service,Yes,Yes,Electronic check,55.18,72.38,2,Yes
CUST-12329,Male,0,Yes,No,7,Month-to-month,DSL,Yes,No internet service,No internet service,No,Credit card,97.92,676.94,3,No
CUST-12330,Male,0,No,Yes,57,Month-to-month,Fiber optic,No internet service,No internet service,No internet service,Yes,Mailed check,92.1,5261.06,1,Yes
CUST-12331,Female,0,No,No,69,Month-to-month,DSL,Yes,No,No internet service,No,Mailed check,69.97,4787.55,1,No
CUST-12332,Male,0,No,Yes,61,Month-to-month,No,Yes,Yes,No internet service,No,Credit card,56.12,3357.13,2,No
CUST-12333,Female,0,Yes,No,66,Month-to-month,Fiber optic,No,No internet service,No internet service,Yes,Credit card,69.72,4587.58,0,No
CUST-12334,Female,0,No,Yes,33,Month-to-month,DSL,No internet service,Yes,No internet service,Yes,Electronic check,60.11,2048.78,2,Yes
CUST-12335,Female,0,No,No,60,Month-to-month,Fiber optic,No,No,No internet service,Yes,Bank transfer,49.14,2913.3,2,No
CUST-12336,Male,0,Yes,No,64,Two year,DSL,Yes,Yes,No internet service,No,Credit card,75.65,4922.23,1,No
CUST-12337,Female,0,No,Yes,65,Month-to-month,No,No,No internet service,Yes,Yes,Mailed check,44.53,2865.81,2,No
CUST-12338,Male,0,No,No,10,Month-to-month,No,No,No,No,No,Bank transfer,58.23,528.89,4,Yes
CUST-12339,Male,0,No,No,10,Two year,Fiber optic,No,No,No,No,Mailed check,58.49,597.58,3,No
CUST-12340,Male,0,No,Yes,29,One year,Fiber optic,No,Yes,No,No,Bank transfer,37.69,1126.96,3,No
CUST-12341,Male,0,No,No,36,Month-to-month,Fiber optic,No,No internet service,No internet service,Yes,Electronic check,78.17,2823.52,0,No
CUST-12342,Female,0,No,No,69,Two year,Fiber optic,No,Yes,Yes,No,Bank transfer,60.43,4177.22,0,No
CUST-12343,Female,0,No,No,23,Month-to-month,DSL,No,No internet service,Yes,No,Mailed check,90.98,2172.69,4,No
CUST-12344,Female,1,No,No,60,Month-to-month,No,No,No internet service,No,Yes,Bank transfer,60.11,3611.35,1,No
CUST-12345,Male,0,Yes,No,64,Month-to-month,DSL,No,Yes,No internet service,No,Mailed check,56.87,3616.16,2,No
CUST-12346,Male,0,No,No,70,Month-to-month,DSL,No internet service,No internet service,No internet service,Yes,Credit card,46.91,3227.05,0,Yes
CUST-12347,Female,0,No,Yes,13,Two year,DSL,Yes,Yes,Yes,No,Credit card,65.78,918.82,1,No
CUST-12348,Male,0,Yes,Yes,17,Month-to-month,No,No internet service,No internet service,No,Yes,Mailed check,65.89,1098.85,2,No
CUST-12349,Female,0,No,Yes,16,One year,No,No internet service,No internet service,No,Yes,Electronic check,79.84,1261.03,0,No
CUST-12350,Female,0,No,No,53,One year,DSL,No,Yes,No,No,Mailed check,66.34,3568.61,3,Yes
CUST-12351,Female,0,No,No,50,Two year,DSL,Yes,Yes,No internet service,Yes,Bank transfer,106.88,5446.71,3,No
CUST-12352,Female,0,No,No,29,Month-to-month,No,No,Yes,No,Yes,Credit card,74.12,2162.05,2,Yes
CUST-12353,Male,0,Yes,Yes,6,Month-to-month,Fiber optic,No internet service,No internet service,No internet service,Yes,Bank transfer,45.26,264.71,2,No
CUST-12354,Male,0,No,No,38,Two year,No,Yes,No internet service,No internet service,No,Bank transfer,43.57,1655.38,1,No
CUST-12355,Male,0,No,No,53,One year,No,No,Yes,No,Yes,Electronic check,75.7,3989.32,1,No
CUST-12356,Male,0,Yes,No,34,Month-to-month,Fiber optic,No internet service,No internet service,No,No,Credit card,44.63,1499.63,2,No
CUST-12357,Male,0,No,Yes,19,Month-to-month,DSL,No,No internet service,No,Yes,Mailed check,76.9,1443.58,0,No
CUST-12358,Female,0,Yes,No,43,One year,Fiber optic,Yes,No,No internet service,Yes,Mailed check,82.91,3610.67,2,Yes
CUST-12359,Male,0,Yes,Yes,48,One year,No,No,Yes,Yes,Yes,Mailed check,83.39,3998.31,1,No
CUST-12360,Female,0,No,Yes,43,One year,Fiber optic,Yes,No,No internet service,Yes,Electronic check,47.62,2115.63,1,Yes
CUST-12361,Female,0,No,No,63,Two year,No,No internet service,No,No,No,Mailed check,83.43,5250.28,1,No
CUST-12362,Female,0,No,No,22,Month-to-month,Fiber optic,No,No internet service,Yes,No,Mailed check,71.45,1553.55,2,Yes
CUST-12363,Male,0,Yes,No,44,Month-to-month,No,No,No,No internet service,No,Electronic check,52.84,2388.85,2,Yes
CUST-12364,Female,1,No,No,62,One year,Fiber optic,No internet service,Yes,Yes,No,Electronic check,61.81,3833.3,0,No
CUST-12365,Male,0,Yes,No,15,Two year,DSL,No,Yes,No,No,Electronic check,74.43,1110.13,2,No
CUST-12366,Male,0,No,Yes,20,Month-to-month,Fiber optic,Yes,No,No internet service,No,Credit card,51.54,1032.48,4,Yes
CUST-12367,Male,0,No,No,3,One year,DSL,No internet service,No,No internet service,Yes,Mailed check,71.04,286.45,2,No
CUST-12368,Male,0,No,No,27,Month-to-month,Fiber optic,No,No,No internet service,No,Credit card,93.91,2550.87,1,Yes
CUST-12369,Male,0,Yes,Yes,3,Month-to-month,No,No,No internet service,Yes,Yes,Credit card,84.28,315.31,2,No
CUST-12370,Male,0,No,No,54,Two year,DSL,Yes,Yes,No internet service,Yes,Mailed check,66.64,3586.83,1,No
CUST-12371,Female,0,Yes,No,6,Month-to-month,No,No,No internet service,No,Yes,Credit card,69.68,472.55,1,Yes
CUST-12372,Male,0,No,Yes,50,Month-to-month,DSL,No,No,Yes,Yes,Electronic check,54.24,2723.88,2,No
CUST-12373,Male,0,Yes,No,42,One year,Fiber optic,Yes,No internet service,No internet service,Yes,Electronic check,54.8,2345.73,2,No
CUST-12374,Female,1,No,No,72,Month-to-month,No,No,No internet service,Yes,Yes,Credit card,34.26,2515.05,0,No
CUST-12375,Female,0,Yes,No,25,Month-to-month,Fiber optic,Yes,No internet service,Yes,Yes,Bank transfer,70.02,,2,Yes
CUST-12376,Female,0,No,No,25,Two year,No,No,No internet service,Yes,No,Bank transfer,78.65,1969.85,1,No
CUST-12377,Male,1,No,No,17,Month-to-month,No,No internet service,No,No,Yes,Credit card,63.58,1128.72,4,Yes
CUST-12378,Female,0,Yes,No,39,One year,Fiber optic,No internet service,No,No internet service,Yes,Electronic check,47.45,1906.37,0,No
CUST-12379,Female,0,No,No,16,Month-to-month,Fiber optic,Yes,No,No,No,Electronic check,66.32,1123.79,2,Yes
CUST-12380,Male,0,Yes,No,8,Month-to-month,DSL,Yes,Yes,No internet service,No,Credit card,91.84,739.96,2,No
CUST-12381,Male,1,No,No,69,One year,Fiber optic,Yes,No internet service,No internet service,No,Electronic check,82.96,5801.25,1,No
CUST-12382,Female,0,Yes,Yes,49,Month-to-month,DSL,No,No internet service,No internet service,Yes,Mailed check,64.41,3123.23,2,Yes
CUST-12383,Male,0,Yes,No,8,Two year,No,Yes,No,Yes,Yes,Electronic check,105.95,772.86,1,Yes
CUST-12384,Male,1,Yes,Yes,45,Two year,Fiber optic,Yes,No internet service,Yes,No,Mailed check,118.97,5339.77,3,No
CUST-12385,Female,0,No,No,22,Two year,Fiber optic,No internet service,No,Yes,Yes,Electronic check,55.4,1278.59,0,Yes
CUST-12386,Female,1,No,No,13,Month-to-month,No,No internet service,Yes,No,No,Mailed check,60.08,726.73,0,Yes
CUST-12387,Female,1,No,No,34,Month-to-month,DSL,No,No internet service,No internet service,Yes,Credit card,78.87,2608.09,1,Yes
CUST-12388,Female,1,Yes,No,57,Two year,No,No internet service,No,Yes,Yes,Mailed check,46.74,2578.15,1,No
CUST-12389,Female,0,No,No,0,Month-to-month,DSL,No,No internet service,No,No,Credit card,81.98,36.8,5,Yes
CUST-12390,Male,0,Yes,No,25,One year,DSL,No,Yes,Yes,Yes,Credit card,67.03,1603.37,1,No
CUST-12391,Male,0,Yes,No,67,Two year,Fiber optic,No internet service,No,No,Yes,Bank transfer,72.43,4880.26,1,No
CUST-12392,Female,0,Yes,No,28,Month-to-month,DSL,Yes,No internet service,No internet service,No,Bank transfer,53.49,1481.32,3,Yes
CUST-12393,Male,0,Yes,No,7,Month-to-month,Fiber optic,No,Yes,No,Yes,Mailed check,49.25,306.22,1,Yes
CUST-12394,Male,1,No,Yes,31,One year,Fiber optic,Yes,No internet service,Yes,Yes,Bank transfer,25.29,734.05,0,Yes
CUST-12395,Female,0,No,No,49,One year,No,No internet service,No,No,Yes,Credit card,94.7,4650.61,0,No
CUST-12396,Female,0,No,No,72,Month-to-month,DSL,No internet service,Yes,No internet service,Yes,Credit card,83.83,5998.05,3,No
CUST-12397,Male,0,No,No,45,One year,DSL,No internet service,No internet service,No internet service,No,Electronic check,78.47,3530.9,3,No
CUST-12398,Male,0,No,No,3,Two year,DSL,No,No internet service,No,Yes,Bank transfer,71.97,235.98,0,No
CUST-12399,Female,0,Yes,No,59,Month-to-month,Fiber optic,No,No,No internet service,Yes,Electronic check,18.92,1146.91,0,No
CUST-12400,Male,0,Yes,No,56,Month-to-month,DSL,Yes,No,No,Yes,Mailed check,49.98,2845.6,1,Yes
CUST-12401,Female,0,No,Yes,47,One year,DSL,No internet service,No internet service,No internet service,No,Electronic check,59.88,2822.6,3,Yes
CUST-12402,Female,0,Yes,No,65,One year,No,No internet service,Yes,No internet service,Yes,Bank transfer,43.37,2766.55,2,No
CUST-12403,Female,0,Yes,No,56,Two year,No,No internet service,No,No internet service,No,Credit card,31.13,1766.57,0,No
CUST-12404,Male,0,No,No,16,Month-to-month,No,No,No,No internet service,Yes,Credit card,45.45,760.01,2,No
CUST-12405,Female,0,Yes,No,30,Two year,DSL,Yes,Yes,No,Yes,Bank transfer,65.98,1970.32,2,No
CUST-12406,Male,0,No,Yes,37,One year,Fiber optic,No,Yes,No internet service,No,Bank transfer,65.99,2427.23,2,Yes
CUST-12407,Female,1,No,No,35,One year,DSL,Yes,No,No,Yes,Bank transfer,83.15,3034.01,1,No
CUST-12408,Male,0,No,No,46,Month-to-month,Fiber optic,Yes,No internet service,No,No,Electronic check,106.26,4823.31,2,No
CUST-12409,Male,0,No,No,51,Month-to-month,Fiber optic,No internet service,No,No,No,Bank transfer,78.72,4039.4,3,No
CUST-12410,Female,0,Yes,No,7,Month-to-month,No,No internet service,Yes,Yes,No,Bank transfer,61.49,482.73,1,No
CUST-12411,Male,0,Yes,No,41,Month-to-month,Fiber optic,No,No internet service,No internet service,Yes,Electronic check,101.01,4124.35,0,Yes
CUST-12412,Female,1,No,No,2,Month-to-month,DSL,No,Yes,No,No,Bank transfer,33.36,58.29,0,Yes
CUST-12413,Female,0,No,Yes,37,Two year,Fiber optic,No,Yes,No,Yes,Mailed check,23.42,846.47,0,No
CUST-12414,Male,0,Yes,Yes,30,Month-to-month,No,Yes,Yes,No internet service,No,Bank transfer,47.27,1418.11,1,No
CUST-12415,Male,0,No,No,15,Two year,DSL,Yes,No internet service,Yes,Yes,Credit card,81.24,1263.57,1,No
CUST-12416,Female,0,No,No,72,Month-to-month,No,Yes,No internet service,Yes,Yes,Mailed check,68.37,4912.73,0,No
CUST-12417,Male,0,Yes,No,18,Two year,DSL,No internet service,Yes,No internet service,Yes,Credit card,42.43,919.27,1,No
CUST-12418,Male,0,No,No,4,Month-to-month,DSL,No,No,No,Yes,Mailed check,50.46,179.2,0,Yes
CUST-12419,Male,0,No,Yes,26,One year,No,No internet service,No internet service,No,No,Bank transfer,40.17,1113.3,1,No
CUST-12420,Male,0,No,Yes,55,One year,DSL,Yes,No internet service,No,Yes,Electronic check,40.17,2236.55,1,No
CUST-12421,Female,1,No,No,0,Two year,Fiber optic,No internet service,No internet service,No internet service,Yes,Electronic check,96.02,5.42,1,No
CUST-12422,Male,0,No,No,35,Month-to-month,DSL,No internet service,Yes,No,No,Mailed check,62.13,2248.09,3,No
CUST-12423,Female,1,No,No,30,Month-to-month,Fiber optic,No,Yes,No,Yes,Credit card,100.39,2931.7,2,Yes
CUST-12424,Male,0,Yes,No,63,Two year,Fiber optic,Yes,Yes,Yes,No,Mailed check,47.2,2994.86,2,No
CUST-12425,Female,0,No,No,0,Month-to-month,No,No internet service,No internet service,No,Yes,Mailed check,74.82,0.0,1,Yes
CUST-12426,Male,0,No,No,1,One year,No,No internet service,No,No,Yes,Credit card,69.54,47.74,4,Yes
CUST-12427,Male,0,No,Yes,41,Month-to-month,Fiber optic,No,No,No internet service,Yes,Mailed check,82.59,,2,No
CUST-12428,Female,0,No,No,13,Month-to-month,Fiber optic,Yes,No,No internet service,Yes,Credit card,70.09,862.98,3,No
CUST-12429,Male,1,Yes,No,51,One year,DSL,No,No,No internet service,Yes,Electronic check,84.7,4237.07,1,No
CUST-12430,Male,0,Yes,Yes,20,One year,Fiber optic,No,Yes,No,No,Electronic check,76.08,1541.04,3,No
CUST-12431,Female,0,Yes,Yes,41,One year,Fiber optic,No internet service,No internet service,Yes,Yes,Electronic check,43.17,1766.68,2,No
CUST-12432,Male,0,No,No,2,Month-to-month,DSL,No internet service,No,Yes,No,Electronic check,79.65,144.27,3,Yes
CUST-12433,Male,0,No,No,50,One year,No,No,No internet service,No,Yes,Bank transfer,62.94,3184.96,1,No
CUST-12434,Male,0,Yes,No,37,Two year,DSL,Yes,No internet service,No internet service,No,Electronic check,49.47,1852.99,0,No
CUST-12435,Female,0,No,No,0,Month-to-month,DSL,No,No internet service,No internet service,Yes,Bank transfer,78.88,0.0,2,Yes
CUST-12436,Female,0,Yes,No,19,Month-to-month,No,No internet service,No internet service,No internet service,Yes,Bank transfer,83.43,1737.72,1,No
CUST-12437,Female,0,Yes,No,4,Month-to-month,Fiber optic,Yes,No internet service,No internet service,Yes,Electronic check,55.33,272.22,1,Yes
CUST-12438,Female,0,No,No,3,One year,Fiber optic,No internet service,Yes,Yes,Yes,Electronic check,57.99,296.21,0,Yes
CUST-12439,Male,0,Yes,Yes,50,Month-to-month,DSL,No,Yes,Yes,Yes,Electronic check,37.26,1842.25,0,Yes
CUST-12440,Male,0,No,No,31,One year,Fiber optic,No internet service,No internet service,No,Yes,Electronic check,28.91,908.69,2,No
CUST-12441,Male,0,No,No,58,Month-to-month,Fiber optic,No internet service,Yes,Yes,Yes,Bank transfer,60.15,3426.79,0,No
CUST-12442,Male,0,Yes,No,18,One year,DSL,Yes,No internet service,No internet service,No,Credit card,80.84,1438.6,3,Yes
CUST-12443,Male,0,Yes,No,52,Two year,Fiber optic,Yes,Yes,No,Yes,Mailed check,53.53,2754.36,3,No
CUST-12444,Female,0,Yes,No,44,Month-to-month,DSL,No internet service,No internet service,Yes,Yes,Bank transfer,93.56,4266.42,0,No
CUST-12445,Female,1,Yes,Yes,48,Month-to-month,DSL,No internet service,No,Yes,Yes,Mailed check,60.9,2888.58,0,No
CUST-12446,Female,0,No,No,60,Month-to-month,DSL,No,Yes,No,Yes,Electronic check,60.98,3647.1,3,Yes
CUST-12447,Female,0,No,No,51,Month-to-month,DSL,Yes,No,Yes,Yes,Electronic check,59.22,2947.54,0,No
CUST-12448,Female,1,No,Yes,54,Month-to-month,DSL,Yes,Yes,Yes,No,Mailed check,84.63,4596.71,1,No
CUST-12449,Male,0,No,No,53,Two year,Fiber optic,Yes,Yes,No,No,Credit card,45.82,2383.45,0,No
CUST-12450,Female,0,No,No,32,Month-to-month,Fiber optic,No,No,No internet service,No,Electronic check,62.42,2043.37,1,No
CUST-12451,Female,1,No,Yes,52,Month-to-month,DSL,No internet service,No,No,Yes,Credit card,54.05,2721.18,1,No
CUST-12452,Male,1,No,Yes,61,Month-to-month,Fiber optic,Yes,Yes,Yes,Yes,Bank transfer,53.77,3273.89,3,No
CUST-12453,Male,0,No,No,53,Month-to-month,DSL,Yes,Yes,No,No,Mailed check,65.7,3389.81,2,No
CUST-12454,Female,0,No,Yes,44,Two year,Fiber optic,Yes,No,No internet service,Yes,Bank transfer,62.73,2735.59,2,Yes
CUST-12455,Male,0,Yes,Yes,5,Month-to-month,No,No internet service,No,No,Yes,Bank transfer,86.03,415.79,2,Yes
CUST-12456,Female,1,Yes,No,31,Month-to-month,Fiber optic,No,No,No,Yes,Bank transfer,64.78,1978.23,1,No
CUST-12457,Female,1,No,No,4,Month-to-month,Fiber optic,No internet service,No internet service,No internet service,No,Credit card,76.1,279.39,3,Yes
CUST-12458,Male,0,Yes,No,7,Two year,DSL,Yes,No,Yes,Yes,Bank transfer,68.46,527.78,0,No
CUST-12459,Male,0,Yes,No,26,Two year,DSL,No,Yes,No,No,Electronic check,93.08,2528.8,1,No
CUST-12460,Male,0,Yes,No,33,Month-to-month,Fiber optic,No,No internet service,No,Yes,Mailed check,58.95,1962.32,0,No
CUST-12461,Male,0,Yes,No,38,One year,Fiber optic,No,No internet service,No internet service,No,Credit card,59.01,2199.38,1,No
CUST-12462,Male,0,No,No,65,Two year,Fiber optic,No,Yes,No internet service,Yes,Electronic check,79.9,5196.7,2,No
CUST-12463,Female,0,No,No,55,One year,No,Yes,No internet service,Yes,No,Mailed check,58.68,3209.69,2,No
CUST-12464,Male,0,Yes,No,30,Month-to-month,DSL,Yes,No internet service,No,Yes,Bank transfer,74.97,2293.57,2,No
CUST-12465,Male,0,No,No,24,One year,No,No internet service,No,No internet service,No,Bank transfer,111.76,2696.63,4,Yes
CUST-12466,Male,0,No,No,52,One year,Fiber optic,No,No internet service,No internet service,Yes,Credit card,45.42,2282.95,1,No
CUST-12467,Female,0,No,No,20,Month-to-month,DSL,Yes,No internet service,No internet service,No,Bank transfer,95.63,1967.5,5,Yes
CUST-12468,Male,0,No,No,64,Month-to-month,DSL,No,No internet service,No internet service,No,Electronic check,55.16,3578.58,1,No
CUST-12469,Male,0,Yes,No,57,Month-to-month,Fiber optic,No internet service,No internet service,Yes,Yes,Electronic check,91.75,5304.5,2,No
CUST-12470,Female,1,Yes,No,49,Month-to-month,DSL,No,Yes,No,Yes,Bank transfer,78.72,3831.46,6,Yes
CUST-12471,Male,0,No,No,18,Month-to-month,Fiber optic,No internet service,Yes,No,Yes,Credit card,77.01,1401.23,1,Yes
CUST-12472,Male,0,No,No,45,Two year,Fiber optic,Yes,No,Yes,No,Bank transfer,61.98,2729.86,1,No
CUST-12473,Male,0,No,Yes,59,Two year,Fiber optic,Yes,No internet service,No internet service,No,Bank transfer,59.99,3536.85,0,No
CUST-12474,Male,0,No,Yes,5,Month-to-month,Fiber optic,No,No,No,Yes,Electronic check,50.56,272.65,1,Yes
CUST-12475,Male,0,No,Yes,12,Month-to-month,Fiber optic,No internet service,Yes,No,Yes,Electronic check,65.13,749.76,2,Yes
CUST-12476,Female,0,Yes,No,37,One year,Fiber optic,No internet service,No internet service,No,Yes,Credit card,61.32,2285.96,0,No
CUST-12477,Male,0,No,No,26,Month-to-month,No,No,No,No internet service,Yes,Bank transfer,68.82,1797.72,1,No
CUST-12478,Male,0,Yes,Yes,51,Month-to-month,DSL,Yes,No internet service,No,Yes,Bank transfer,36.79,1853.8,3,No
CUST-12479,Male,0,Yes,No,29,Two year,No,No,No,Yes,No,Credit card,65.45,1967.92,3,No
CUST-12480,Female,0,Yes,Yes,72,Month-to-month,DSL,Yes,No internet service,No,Yes,Electronic check,90.25,6486.28,2,No
CUST-12481,Female,0,No,Yes,21,Month-to-month,DSL,Yes,No internet service,No,No,Credit card,83.88,1768.12,1,No
CUST-12482,Male,0,Yes,No,26,One year,Fiber optic,Yes,No,No,No,Mailed check,65.46,1628.61,2,No
CUST-12483,Male,0,No,No,0,One year,DSL,No internet service,No internet service,No internet service,Yes,Bank transfer,116.25,25.96,0,No
CUST-12484,Male,0,No,No,18,Month-to-month,DSL,No,Yes,No,Yes,Mailed check,53.45,938.26,1,Yes
CUST-12485,Male,0,No,No,17,One year,DSL,Yes,No internet service,Yes,Yes,Electronic check,63.27,1123.45,3,No
CUST-12486,Male,0,Yes,No,55,Two year,Fiber optic,No,No,No internet service,Yes,Credit card,35.99,1913.89,1,No
CUST-12487,Male,0,No,Yes,24,Month-to-month,Fiber optic,No internet service,No internet service,Yes,No,Mailed check,56.93,1387.85,1,No
CUST-12488,Female,1,Yes,No,14,One year,DSL,No internet service,Yes,No internet service,Yes,Electronic check,100.76,1301.54,2,Yes
CUST-12489,Male,1,No,No,22,Month-to-month,Fiber optic,No,No,Yes,Yes,Electronic check,57.69,1299.97,3,Yes
CUST-12490,Male,1,No,Yes,41,Month-to-month,DSL,Yes,Yes,No,No,Credit card,34.44,1403.3,2,No
CUST-12491,Male,0,Yes,No,57,Month-to-month,No,No,Yes,No internet service,Yes,Credit card,82.44,4719.05,2,No
CUST-12492,Female,0,Yes,No,71,Month-to-month,DSL,No,No,Yes,Yes,Bank transfer,72.78,5137.37,1,No
CUST-12493,Female,0,Yes,No,3,Month-to-month,Fiber optic,No internet service,Yes,Yes,No,Credit card,81.61,197.37,0,No
CUST-12494,Male,0,No,No,61,Two year,Fiber optic,No,Yes,No,Yes,Bank transfer,59.06,3580.93,1,No
CUST-12495,Male,0,No,No,28,Month-to-month,Fiber optic,No internet service,No,Yes,Yes,Credit card,44.86,1265.68,1,Yes
CUST-12496,Female,0,Yes,Yes,59,Two year,No,No,No internet service,Yes,Yes,Electronic check,61.33,3647.3,3,No
CUST-12497,Female,0,No,No,2,Month-to-month,DSL,No,No internet service,No internet service,Yes,Electronic check,76.1,167.39,0,Yes
CUST-12498,Male,0,Yes,No,45,Two year,Fiber optic,Yes,Yes,No internet service,Yes,Bank transfer,63.55,2812.91,0,No
CUST-12499,Female,0,No,Yes,67,Month-to-month,Fiber optic,No,Yes,No internet service,No,Credit card,72.76,4966.8,1,No
CUST-12500,Female,0,Yes,Yes,2,Month-to-month,Fiber optic,Yes,No,No internet service,Yes,Bank transfer,54.26,125.16,2,Yes
CUST-12501,Male,0,Yes,No,57,One year,Fiber optic,No,No,No,Yes,Credit card,73.5,4158.38,4,No
CUST-12502,Female,1,No,Yes,8,One year,DSL,No internet service,Yes,No,Yes,Mailed check,64.94,540.73,1,Yes
CUST-12503,Male,0,Yes,No,71,Month-to-month,DSL,No,Yes,No internet service,Yes,Bank transfer,50.88,3625.28,3,No
CUST-12504,Male,0,Yes,No,54,Month-to-month,DSL,No,Yes,No,No,Bank transfer,67.8,3652.43,0,No
CUST-12505,Male,0,No,Yes,66,One year,No,No internet service,No,Yes,No,Credit card,57.27,3765.18,1,No
CUST-12506,Male,0,Yes,No,65,One year,Fiber optic,Yes,No,Yes,No,Bank transfer,77.34,5076.34,2,No
CUST-12507,Female,0,No,Yes,23,Month-to-month,DSL,Yes,No,No,Yes,Mailed check,82.46,1982.97,1,No
CUST-12508,Male,0,Yes,No,30,One year,Fiber optic,No,No,No internet service,Yes,Electronic check,75.03,2149.1,1,No
CUST-12509,Male,0,Yes,No,50,Month-to-month,Fiber optic,No,Yes,No,No,Mailed check,32.3,1676.53,1,No
CUST-12510,Male,0,Yes,Yes,12,Month-to-month,Fiber optic,No,No internet service,No,No,Electronic check,45.7,549.4,4,Yes
CUST-12511,Female,0,No,No,22,One year,Fiber optic,No internet service,Yes,Yes,No,Electronic check,52.27,1161.77,2,Yes
CUST-12512,Female,1,Yes,No,7,Two year,Fiber optic,No,No,No internet service,Yes,Bank transfer,49.07,411.07,3,No
CUST-12513,Female,0,Yes,No,64,Month-to-month,DSL,No,Yes,No internet service,Yes,Electronic check,54.14,3332.22,1,No
CUST-12514,Male,0,No,No,18,Month-to-month,Fiber optic,No,No,Yes,Yes,Mailed check,83.5,1543.74,2,Yes
CUST-12515,Female,0,Yes,No,29,Month-to-month,DSL,No internet service,No,No,Yes,Electronic check,78.97,2354.25,0,No
CUST-12516,Female,0,Yes,No,33,One year,DSL,No internet service,No,No,Yes,Electronic check,56.52,1830.73,2,No
CUST-12517,Female,0,Yes,Yes,27,Month-to-month,Fiber optic,Yes,No internet service,Yes,Yes,Bank transfer,76.84,2004.98,1,Yes
CUST-12518,Male,0,Yes,No,56,Month-to-month,Fiber optic,Yes,No,No,Yes,Electronic check,71.58,4090.48,0,Yes
CUST-12519,Female,0,Yes,Yes,66,Month-to-month,No,Yes,Yes,Yes,Yes,Mailed check,64.34,4158.62,3,No
CUST-12520,Male,0,No,No,41,Two year,DSL,No,No,No,Yes,Electronic check,87.96,,1,No
CUST-12521,Male,0,Yes,No,61,Month-to-month,Fiber optic,No,No,Yes,Yes,Electronic check,51.77,3209.13,0,Yes
CUST-12522,Male,0,Yes,No,8,One year,No,Yes,No internet service,No,Yes,Electronic check,66.06,548.31,2,No
CUST-12523,Male,1,No,No,70,Month-to-month,Fiber optic,No,No,No internet service,Yes,Electronic check,43.98,3106.83,1,No
CUST-12524,Male,0,Yes,Yes,8,Month-to-month,No,No,No internet service,Yes,No,Electronic check,44.94,346.27,1,Yes
CUST-12525,Male,1,No,No,4,Month-to-month,No,No internet service,No,Yes,Yes,Bank transfer,37.78,174.26,2,Yes
CUST-12526,Male,0,Yes,No,1,Month-to-month,No,No,No,No internet service,No,Electronic check,45.28,9.86,0,No
CUST-12527,Female,0,No,No,17,Month-to-month,No,No,Yes,No internet service,Yes,Credit card,66.66,1104.27,2,No
CUST-12528,Male,0,No,No,61,Month-to-month,Fiber optic,No,Yes,No internet service,No,Mailed check,58.95,3597.73,1,No
CUST-12529,Female,1,Yes,Yes,21,Month-to-month,Fiber optic,Yes,Yes,Yes,Yes,Mailed check,59.6,1174.61,2,No
CUST-12530,Female,0,No,No,57,Month-to-month,No,No,No,Yes,No,Credit card,59.02,3392.99,2,No
CUST-12531,Female,0,Yes,Yes,30,Month-to-month,No,Yes,No internet service,No internet service,No,Credit card,100.45,2889.46,0,No
CUST-12532,Female,0,No,Yes,7,Month-to-month,DSL,Yes,Yes,No,Yes,Mailed check,42.26,313.96,0,Yes
CUST-12533,Male,0,Yes,No,34,Month-to-month,DSL,No,No internet service,No internet service,No,Credit card,40.12,1386.92,3,No
CUST-12534,Female,0,No,No,16,Month-to-month,DSL,No,No internet service,Yes,No,Bank transfer,48.09,729.71,1,Yes
CUST-12535,Female,0,No,Yes,21,One year,No,No,No,Yes,No,Bank transfer,63.56,1273.06,1,No
CUST-12536,Male,0,No,Yes,37,Two year,DSL,No internet service,Yes,Yes,Yes,Credit card,75.3,2765.69,0,No
CUST-12537,Male,1,Yes,No,57,One year,DSL,Yes,No,Yes,Yes,Bank transfer,77.37,4442.07,2,No
CUST-12538,Female,0,No,Yes,42,Month-to-month,Fiber optic,No internet service,No internet service,No internet service,No,Bank transfer,83.89,3540.66,2,No
CUST-12539,Male,0,No,Yes,16,Two year,DSL,No,Yes,No internet service,No,Bank transfer,62.84,949.86,1,No
CUST-12540,Male,0,No,Yes,52,Two year,No,No internet service,No,No,No,Bank transfer,57.07,2972.92,1,No
CUST-12541,Female,0,No,Yes,50,Month-to-month,Fiber optic,No internet service,Yes,Yes,Yes,Credit card,97.67,4896.6,1,Yes
CUST-12542,Female,0,Yes,No,17,Month-to-month,DSL,No internet service,No,Yes,No,Bank transfer,18.0,316.98,1,No
CUST-12543,Male,1,No,No,62,One year,DSL,No,Yes,Yes,No,Mailed check,66.26,4058.79,0,No
CUST-12544,Female,0,No,No,61,Two year,Fiber optic,No,Yes,No internet service,No,Electronic check,73.6,4497.39,1,No
CUST-12545,Male,0,Yes,No,44,One year,Fiber optic,No,No internet service,No internet service,No,Credit card,102.47,4554.57,1,Yes
CUST-12546,Female,0,No,No,21,One year,Fiber optic,No internet service,No internet service,No,Yes,Mailed check,31.79,694.44,3,No
CUST-12547,Female,0,No,No,25,One year,DSL,Yes,Yes,No internet service,No,Mailed check,56.6,1435.57,0,No
CUST-12548,Male,0,Yes,No,32,Two year,No,No internet service,No,No internet service,No,Credit card,37.85,1293.33,2,No
CUST-12549,Male,0,Yes,No,13,Month-to-month,Fiber optic,No internet service,Yes,No internet service,Yes,Electronic check,29.03,385.78,0,Yes
CUST-12550,Female,1,Yes,No,22,Month-to-month,Fiber optic,Yes,No,Yes,Yes,Electronic check,60.91,1297.92,2,No
CUST-12551,Male,0,Yes,No,9,Two year,Fiber optic,Yes,Yes,No internet service,No,Bank transfer,81.66,693.0,1,Yes
CUST-12552,Male,0,No,No,11,Month-to-month,No,Yes,No internet service,No internet service,Yes,Credit card,89.12,989.12,0,Yes
CUST-12553,Male,0,No,No,54,Month-to-month,Fiber optic,No,Yes,No,Yes,Credit card,54.36,2863.56,2,No
CUST-12554,Female,0,No,No,9,Month-to-month,Fiber optic,Yes,No,No,No,Credit card,78.33,689.42,1,Yes
CUST-12555,Male,1,No,Yes,34,Month-to-month,No,Yes,No,No internet service,No,Credit card,61.05,2098.91,4,Yes
CUST-12556,Female,0,Yes,No,31,Month-to-month,No,Yes,Yes,No,No,Bank transfer,76.13,2418.59,4,Yes
CUST-12557,Female,1,No,No,3,One year,Fiber optic,Yes,No,No,Yes,Credit card,88.09,187.07,0,Yes
CUST-12558,Male,0,No,Yes,60,Month-to-month,Fiber optic,No,Yes,No internet service,Yes,Mailed check,61.12,3672.15,0,Yes
CUST-12559,Female,0,Yes,No,71,One year,Fiber optic,Yes,No,No internet service,Yes,Bank transfer,86.54,6140.93,1,Yes
CUST-12560,Female,1,Yes,No,46,Month-to-month,Fiber optic,No,No,Yes,Yes,Electronic check,40.74,1875.92,1,Yes
CUST-12561,Male,0,No,Yes,49,Two year,DSL,Yes,No,No internet service,No,Bank transfer,78.13,3835.45,0,No
CUST-12562,Female,0,No,No,16,One year,Fiber optic,Yes,No,Yes,Yes,Mailed check,85.67,1369.14,1,Yes
CUST-12563,Male,0,No,Yes,61,Two year,Fiber optic,No internet service,No,No,Yes,Credit card,83.6,5169.21,0,No
CUST-12564,Male,0,Yes,No,57,Month-to-month,DSL,No internet service,No internet service,Yes,No,Mailed check,41.3,2416.3,0,No
CUST-12565,Male,0,Yes,No,31,Month-to-month,No,Yes,No internet service,No internet service,Yes,Electronic check,60.88,1994.44,2,Yes
CUST-12566,Female,0,Yes,No,51,One year,DSL,Yes,Yes,No internet service,Yes,Bank transfer,71.04,3622.51,0,No
CUST-12567,Female,0,No,No,69,Two year,No,No internet service,Yes,No,Yes,Electronic check,73.86,5075.81,2,No
CUST-12568,Male,1,No,No,44,Month-to-month,DSL,No internet service,Yes,No,Yes,Electronic check,67.32,2913.69,1,No
CUST-12569,Female,0,Yes,No,14,One year,DSL,No,Yes,No,Yes,Mailed check,93.58,1284.15,0,No
CUST-12570,Female,0,Yes,No,24,One year,DSL,No internet service,No internet service,Yes,No,Bank transfer,39.09,973.89,1,No
CUST-12571,Female,0,No,No,13,Month-to-month,Fiber optic,Yes,No internet service,No,No,Bank transfer,60.19,825.9,1,Yes
CUST-12572,Female,0,No,No,24,One year,Fiber optic,No,No,No internet service,No,Electronic check,31.24,783.54,0,No
CUST-12573,Male,0,No,No,64,Month-to-month,DSL,No,No internet service,Yes,No,Bank transfer,77.42,4921.66,2,No
CUST-12574,Female,0,No,No,13,Month-to-month,Fiber optic,No internet service,No,No,Yes,Electronic check,76.09,956.22,4,Yes
CUST-12575,Male,0,No,No,65,Two year,Fiber optic,Yes,No,Yes,No,Credit card,120.0,7897.82,3,No
CUST-12576,Male,0,No,Yes,20,Month-to-month,DSL,No,No internet service,Yes,Yes,Electronic check,85.53,1669.0,3,Yes
CUST-12577,Male,0,No,Yes,36,One year,DSL,No internet service,Yes,No internet service,Yes,Electronic check,71.63,2649.51,1,No
CUST-12578,Female,0,No,No,38,One year,DSL,Yes,Yes,No,Yes,Bank transfer,70.1,2684.03,3,Yes
CUST-12579,Female,0,Yes,Yes,9,Two year,DSL,Yes,Yes,No,Yes,Credit card,58.67,491.4,1,No
CUST-12580,Male,0,No,No,13,Month-to-month,DSL,No internet service,Yes,No,Yes,Credit card,67.61,819.71,2,No
CUST-12581,Male,0,No,No,22,Month-to-month,Fiber optic,No internet service,Yes,No internet service,Yes,Bank transfer,70.52,1516.99,3,No
CUST-12582,Male,0,Yes,No,4,Month-to-month,Fiber optic,No,No internet service,Yes,Yes,Electronic check,25.7,123.68,1,Yes
CUST-12583,Female,0,No,Yes,55,One year,No,Yes,No internet service,No,Yes,Credit card,68.94,3746.22,2,No
CUST-12584,Male,0,Yes,No,39,Month-to-month,Fiber optic,No,No,Yes,Yes,Electronic check,67.02,2691.5,1,No
CUST-12585,Female,1,Yes,No,61,One year,Fiber optic,Yes,No,No internet service,Yes,Mailed check,100.08,6094.49,0,No
CUST-12586,Male,0,Yes,Yes,63,Month-to-month,DSL,No,Yes,No internet service,Yes,Credit card,62.37,3964.33,1,No
CUST-12587,Male,0,Yes,No,25,Month-to-month,DSL,Yes,Yes,No internet service,Yes,Bank transfer,49.69,1273.24,6,No
CUST-12588,Female,0,No,No,59,Two year,Fiber optic,No internet service,No,Yes,Yes,Credit card,70.37,4232.93,3,No
CUST-12589,Male,0,No,No,4,Two year,DSL,No internet service,Yes,Yes,Yes,Credit card,66.49,244.06,1,No
CUST-12590,Male,0,Yes,No,31,Month-to-month,DSL,No,No internet service,No,No,Credit card,62.39,1939.39,2,No
CUST-12591,Male,0,No,Yes,48,One year,No,No,Yes,No,No,Bank transfer,39.42,1822.09,0,No
CUST-12592,Female,0,No,No,34,Month-to-month,DSL,Yes,No internet service,No internet service,Yes,Credit card,61.88,2109.08,1,No
CUST-12593,Male,0,No,No,53,One year,DSL,No internet service,Yes,No internet service,Yes,Electronic check,53.42,2888.26,2,No
CUST-12594,Male,0,No,Yes,62,Month-to-month,No,Yes,Yes,No,No,Electronic check,60.67,3772.51,0,No
CUST-12595,Male,0,No,No,30,Month-to-month,DSL,No,No,Yes,Yes,Electronic check,79.64,2504.83,0,Yes
CUST-12596,Female,0,No,No,20,Month-to-month,Fiber optic,No internet service,Yes,Yes,Yes,Electronic check,51.51,1056.19,1,Yes
CUST-12597,Female,0,No,No,42,Month-to-month,DSL,Yes,No,No,Yes,Electronic check,60.58,2517.34,4,Yes
CUST-12598,Female,0,No,No,63,One year,Fiber optic,Yes,Yes,Yes,No,Credit card,75.82,4799.45,0,No
CUST-12599,Male,1,Yes,No,72,Month-to-month,No,No internet service,No internet service,Yes,Yes,Mailed check,59.61,4218.75,3,No
CUST-12600,Female,0,No,No,59,Month-to-month,Fiber optic,No,No,Yes,No,Mailed check,117.18,6873.67,0,Yes
CUST-12601,Male,0,Yes,Yes,17,Month-to-month,Fiber optic,No,No internet service,Yes,No,Bank transfer,69.98,1128.81,3,No
CUST-12602,Female,0,No,Yes,14,Month-to-month,DSL,No,No,No,Yes,Mailed check,40.16,563.05,1,No
CUST-12603,Female,0,No,No,41,One year,Fiber optic,No internet service,No internet service,No internet service,Yes,Bank transfer,48.21,1973.58,3,No
CUST-12604,Female,1,No,No,29,Month-to-month,Fiber optic,No,No,No internet service,Yes,Electronic check,46.2,1400.06,2,Yes
CUST-12605,Female,0,No,No,44,One year,DSL,No,No internet service,No internet service,Yes,Bank transfer,48.5,2129.05,1,No
CUST-12606,Female,0,No,Yes,67,Two year,DSL,No,No internet service,No,Yes,Credit card,75.74,5024.45,3,No
CUST-12607,Male,0,No,No,40,Month-to-month,Fiber optic,No internet service,No internet service,No internet service,Yes,Electronic check,42.87,1792.77,4,Yes
CUST-12608,Female,1,No,Yes,25,Two year,No,No,No internet service,Yes,No,Electronic check,58.38,1312.27,3,No
CUST-12609,Female,0,No,Yes,63,Month-to-month,No,Yes,No internet service,Yes,No,Electronic check,87.85,5536.47,1,No
CUST-12610,Female,0,Yes,Yes,32,Month-to-month,No,No,No internet service,No internet service,No,Bank transfer,54.6,1758.08,2,No
CUST-12611,Female,0,No,No,44,Month-to-month,Fiber optic,No internet service,Yes,No internet service,Yes,Credit card,78.43,3450.41,2,No
CUST-12612,Male,0,No,No,9,Month-to-month,Fiber optic,Yes,Yes,No internet service,No,Credit card,31.34,307.06,2,Yes
CUST-12613,Female,0,No,Yes,37,Month-to-month,No,Yes,Yes,No,No,Credit card,57.59,2136.36,2,No
CUST-12614,Male,0,No,Yes,31,Month-to-month,DSL,No internet service,No,Yes,No,Bank transfer,47.28,,1,No
CUST-12615,Female,0,No,No,8,Two year,Fiber optic,No internet service,Yes,No internet service,No,Bank transfer,71.0,537.89,2,Yes
CUST-12616,Female,0,Yes,No,15,Month-to-month,DSL,Yes,Yes,Yes,Yes,Mailed check,44.3,591.55,1,No
CUST-12617,Male,1,Yes,No,51,Two year,No,Yes,No,Yes,No,Bank transfer,106.39,5423.57,2,No
CUST-12618,Female,0,Yes,Yes,13,Month-to-month,No,No internet service,Yes,No internet service,Yes,Electronic check,32.21,367.4,0,No
CUST-12619,Female,0,No,No,9,One year,No,No internet service,No internet service,Yes,No,Credit card,87.72,753.05,4,Yes
CUST-12620,Female,1,No,No,4,Month-to-month,DSL,No internet service,No internet service,Yes,Yes,Electronic check,82.57,388.35,1,No
CUST-12621,Male,0,No,No,1,Month-to-month,No,No internet service,Yes,No internet service,Yes,Credit card,71.2,149.1,4,No
CUST-12622,Male,1,No,Yes,31,Month-to-month,DSL,No,No,No internet service,Yes,Mailed check,66.09,2105.93,0,Yes
CUST-12623,Female,0,Yes,No,35,Two year,DSL,No internet service,No internet service,No internet service,Yes,Bank transfer,102.1,,2,No
CUST-12624,Female,1,No,No,45,Two year,Fiber optic,No,Yes,Yes,Yes,Electronic check,114.42,5151.9,2,Yes
CUST-12625,Female,0,No,Yes,41,Month-to-month,Fiber optic,No,No internet service,Yes,No,Mailed check,60.85,2545.62,3,Yes
CUST-12626,Female,0,No,No,39,One year,No,No,No,No internet service,Yes,Credit card,68.16,2676.02,0,No
CUST-12627,Male,0,No,No,72,One year,DSL,No,No,Yes,Yes,Electronic check,53.95,3981.77,1,No
CUST-12628,Female,0,Yes,No,18,One year,Fiber optic,No,Yes,Yes,Yes,Electronic check,41.61,703.07,1,Yes
CUST-12629,Male,1,No,No,51,Month-to-month,Fiber optic,No internet service,No,No,Yes,Bank transfer,74.26,3820.89,0,Yes
CUST-12630,Female,0,No,No,5,One year,DSL,No internet service,No,No,Yes,Credit card,69.99,286.74,3,Yes
CUST-12631,Female,0,No,No,61,Two year,No,No,Yes,No internet service,No,Mailed check,32.8,2034.72,2,No
CUST-12632,Female,0,Yes,Yes,26,Month-to-month,DSL,Yes,No internet service,No,No,Electronic check,74.12,1841.16,3,No
CUST-12633,Female,0,Yes,No,25,Month-to-month,DSL,No,No,No internet service,Yes,Electronic check,70.66,1705.82,1,Yes
CUST-12634,Male,0,Yes,Yes,9,Month-to-month,Fiber optic,Yes,No internet service,No,Yes,Credit card,52.98,412.69,2,Yes
CUST-12635,Male,0,Yes,No,37,Two year,Fiber optic,Yes,Yes,No internet service,No,Electronic check,51.67,1924.4,3,Yes
CUST-12636,Male,0,Yes,Yes,29,Month-to-month,No,No internet service,No internet service,No,Yes,Bank transfer,73.48,2148.65,2,No
CUST-12637,Female,1,Yes,No,71,Month-to-month,DSL,No,No,No internet service,No,Credit card,97.18,7022.3,0,No
CUST-12638,Male,0,Yes,No,12,Month-to-month,DSL,No internet service,No,No internet service,Yes,Mailed check,72.97,871.08,0,Yes
CUST-12639,Female,0,Yes,Yes,30,Two year,No,No,Yes,No internet service,No,Electronic check,80.61,2456.93,1,No
CUST-12640,Male,0,No,Yes,65,One year,Fiber optic,No,No internet service,No,Yes,Credit card,48.36,3151.44,3,No
CUST-12641,Male,0,No,No,58,Month-to-month,Fiber optic,No,Yes,No,No,Credit card,56.71,3323.62,1,No
CUST-12642,Male,0,Yes,Yes,55,Month-to-month,DSL,No internet service,No internet service,No,No,Bank transfer,77.16,4250.98,1,No
CUST-12643,Male,0,No,No,38,One year,No,Yes,No,Yes,Yes,Credit card,37.83,1492.52,0,No
CUST-12644,Male,0,Yes,No,63,Month-to-month,Fiber optic,No,No,Yes,Yes,Credit card,69.14,4303.19,2,Yes
CUST-12645,Male,0,No,No,16,Month-to-month,DSL,No,No,No internet service,Yes,Bank transfer,74.87,1075.55,0,Yes
CUST-12646,Female,0,Yes,No,59,Two year,DSL,No,Yes,Yes,Yes,Mailed check,64.23,3810.44,2,No
CUST-12647,Female,0,Yes,Yes,42,Month-to-month,DSL,No internet service,No,No,No,Electronic check,71.39,2908.13,0,No
CUST-12648,Female,0,Yes,No,25,Month-to-month,DSL,Yes,Yes,No,Yes,Bank transfer,66.16,1719.59,2,No
CUST-12649,Male,0,Yes,No,15,Month-to-month,DSL,No,No internet service,No,Yes,Credit card,52.56,760.99,0,Yes
CUST-12650,Female,0,Yes,No,38,One year,DSL,No,No,No internet service,Yes,Bank transfer,41.44,1522.81,3,No
CUST-12651,Female,0,Yes,No,0,One year,DSL,No internet service,Yes,Yes,Yes,Bank transfer,63.19,135.03,4,No
CUST-12652,Female,0,Yes,No,52,Month-to-month,Fiber optic,Yes,Yes,No internet service,No,Bank transfer,91.09,4735.76,0,Yes
CUST-12653,Male,0,No,Yes,17,One year,Fiber optic,Yes,No internet service,No internet service,No,Mailed check,85.49,1442.82,2,No
CUST-12654,Female,0,No,No,28,Two year,Fiber optic,Yes,Yes,No internet service,No,Electronic check,58.09,1663.92,0,Yes
CUST-12655,Female,0,Yes,Yes,14,Two year,No,No,Yes,No internet service,Yes,Bank transfer,57.68,848.29,0,No
CUST-12656,Male,1,Yes,Yes,33,Month-to-month,DSL,Yes,Yes,No,No,Credit card,56.21,1911.89,2,No
CUST-12657,Male,0,No,No,27,Month-to-month,No,No,Yes,No,Yes,Electronic check,56.21,1451.02,1,No
CUST-12658,Female,0,No,No,13,Two year,No,Yes,Yes,No internet service,Yes,Electronic check,70.75,946.56,1,Yes
CUST-12659,Male,0,No,No,64,Month-to-month,No,No,No internet service,No internet service,Yes,Bank transfer,86.15,5498.94,0,No
CUST-12660,Male,0,Yes,Yes,55,Month-to-month,DSL,No,Yes,Yes,No,Mailed check,110.26,6018.25,1,No
CUST-12661,Female,0,No,Yes,28,Month-to-month,DSL,No internet service,No internet service,No,No,Credit card,48.4,1357.61,3,No
CUST-12662,Male,1,No,No,4,Two year,Fiber optic,Yes,No internet service,No,No,Mailed check,78.02,221.52,2,No
CUST-12663,Male,0,Yes,No,61,Month-to-month,DSL,Yes,No,Yes,Yes,Bank transfer,75.85,4673.0,2,No
CUST-12664,Male,0,No,Yes,50,Month-to-month,DSL,Yes,Yes,Yes,Yes,Electronic check,58.41,2905.97,2,No
CUST-12665,Female,0,Yes,No,40,One year,DSL,No,No internet service,Yes,Yes,Credit card,44.48,1755.32,3,No
CUST-12666,Male,0,Yes,No,44,Month-to-month,Fiber optic,No internet service,Yes,No internet service,No,Mailed check,70.51,3095.56,2,Yes
CUST-12667,Female,0,No,No,0,Month-to-month,No,Yes,No,No,No,Mailed check,107.4,0.0,1,Yes
CUST-12668,Male,0,No,No,34,Month-to-month,DSL,Yes,Yes,No,No,Bank transfer,70.38,2449.95,2,No
CUST-12669,Female,0,No,No,13,Month-to-month,No,No,No internet service,Yes,Yes,Credit card,49.26,585.59,0,Yes
CUST-12670,Female,1,Yes,Yes,47,Two year,Fiber optic,No internet service,No,No,Yes,Credit card,61.85,2887.84,0,No
CUST-12671,Female,0,Yes,No,67,Month-to-month,DSL,No internet service,Yes,No internet service,Yes,Credit card,42.2,2816.57,0,Yes
CUST-12672,Female,1,No,No,38,Two year,Fiber optic,No,No,No internet service,No,Electronic check,65.37,2430.8,1,No
CUST-12673,Male,0,No,Yes,44,Month-to-month,DSL,Yes,No internet service,No internet service,No,Electronic check,78.67,3469.45,0,No
CUST-12674,Female,0,No,Yes,48,Month-to-month,No,No,No internet service,Yes,Yes,Credit card,51.15,2419.01,0,No
CUST-12675,Female,0,No,No,67,Month-to-month,Fiber optic,No,No internet service,No,No,Credit card,18.0,1135.79,2,No
CUST-12676,Female,0,No,No,2,Month-to-month,Fiber optic,No,Yes,No,No,Bank transfer,70.54,167.39,0,Yes
CUST-12677,Female,1,Yes,No,22,Month-to-month,Fiber optic,No,No internet service,No internet service,Yes,Credit card,54.97,1286.7,2,Yes
CUST-12678,Female,0,Yes,No,19,Month-to-month,DSL,No,No,No internet service,Yes,Mailed check,49.99,952.23,2,Yes
CUST-12679,Male,1,Yes,No,52,Two year,No,No internet service,No internet service,No internet service,Yes,Mailed check,49.81,,1,No
CUST-12680,Male,0,Yes,Yes,32,Month-to-month,No,Yes,No,Yes,No,Electronic check,73.01,2330.1,1,No
CUST-12681,Male,0,Yes,No,56,Two year,Fiber optic,Yes,No,No,Yes,Credit card,56.84,3157.24,1,No
CUST-12682,Male,0,No,No,34,Month-to-month,Fiber optic,Yes,Yes,No internet service,Yes,Bank transfer,83.61,,1,Yes
CUST-12683,Female,0,Yes,No,71,Month-to-month,DSL,No,No,Yes,Yes,Electronic check,84.05,5972.25,2,No
CUST-12684,Female,1,No,Yes,55,One year,DSL,No,Yes,No,No,Credit card,59.59,3168.52,5,No
CUST-12685,Male,0,Yes,Yes,1,Month-to-month,DSL,No internet service,No,Yes,Yes,Electronic check,54.58,114.53,0,Yes
CUST-12686,Male,0,No,No,72,Month-to-month,Fiber optic,No,No,Yes,No,Credit card,67.55,4911.29,1,No
CUST-12687,Female,0,No,Yes,69,Month-to-month,Fiber optic,No,No internet service,No,Yes,Electronic check,62.09,4314.29,1,No
CUST-12688,Female,0,Yes,Yes,3,Month-to-month,No,No internet service,No,No,No,Credit card,29.95,0.0,1,No
CUST-12689,Female,0,Yes,No,28,One year,DSL,No internet service,No,No,Yes,Mailed check,103.28,2891.69,2,Yes
CUST-12690,Female,0,Yes,No,70,Month-to-month,DSL,No internet service,Yes,Yes,Yes,Electronic check,79.29,5594.97,3,Yes
CUST-12691,Female,0,No,No,61,Two year,DSL,No,No,No internet service,No,Electronic check,55.73,3418.5,1,No
CUST-12692,Female,0,No,Yes,34,Month-to-month,No,Yes,No,No,Yes,Bank transfer,26.67,917.04,1,No
CUST-12693,Male,0,No,Yes,39,Month-to-month,Fiber optic,No internet service,No internet service,No internet service,Yes,Electronic check,61.39,2438.99,4,No
CUST-12694,Female,0,No,No,2,Month-to-month,Fiber optic,No,Yes,No internet service,No,Mailed check,53.24,113.45,1,No
CUST-12695,Male,0,Yes,No,41,Month-to-month,Fiber optic,Yes,Yes,No,Yes,Credit card,63.79,2675.57,1,No
CUST-12696,Male,0,No,Yes,48,Two year,Fiber optic,No,No,Yes,Yes,Credit card,21.72,1050.65,3,No
CUST-12697,Male,1,Yes,No,26,Two year,DSL,Yes,No internet service,Yes,No,Mailed check,55.56,1448.67,0,No
CUST-12698,Male,0,No,Yes,22,Month-to-month,DSL,No internet service,No internet service,No internet service,No,Bank transfer,56.77,1293.56,1,Yes
CUST-12699,Male,0,No,Yes,60,Month-to-month,DSL,No,No internet service,Yes,Yes,Credit card,61.15,3649.07,2,Yes
CUST-12700,Female,0,No,Yes,32,Two year,DSL,No internet service,No,No,Yes,Bank transfer,60.28,1874.1,2,No
CUST-12701,Female,0,No,No,19,Month-to-month,Fiber optic,No,Yes,No,Yes,Electronic check,66.05,1255.14,0,Yes
CUST-12702,Male,0,No,Yes,27,Month-to-month,DSL,Yes,No,No internet service,Yes,Credit card,95.42,2605.86,0,Yes
CUST-12703,Female,0,No,No,35,Month-to-month,Fiber optic,No,Yes,No internet service,Yes,Electronic check,54.7,1960.77,3,Yes
CUST-12704,Male,0,Yes,No,18,Month-to-month,Fiber optic,No,No internet service,No,Yes,Bank transfer,46.78,888.58,1,Yes
CUST-12705,Male,0,Yes,No,40,Month-to-month,Fiber optic,Yes,No internet service,No internet service,No,Credit card,30.45,1214.57,1,No
CUST-12706,Female,0,No,Yes,62,Month-to-month,No,No internet service,No,No,Yes,Bank transfer,54.78,3387.79,0,No
CUST-12707,Male,0,Yes,Yes,54,Two year,DSL,Yes,Yes,No,Yes,Mailed check,36.97,1966.77,0,No
CUST-12708,Female,0,Yes,Yes,16,Month-to-month,Fiber optic,No internet service,Yes,No internet service,No,Mailed check,84.2,1359.69,1,No
CUST-12709,Female,0,Yes,No,34,Two year,DSL,No internet service,No internet service,No internet service,No,Mailed check,63.08,2062.66,4,No
CUST-12710,Male,0,No,No,39,One year,Fiber optic,Yes,Yes,Yes,No,Bank transfer,83.79,3268.95,3,Yes
CUST-12711,Male,0,No,Yes,49,Month-to-month,Fiber optic,Yes,Yes,No,Yes,Credit card,94.31,4763.67,1,Yes
CUST-12712,Female,0,No,No,55,Month-to-month,DSL,Yes,No,No internet service,No,Credit card,47.7,2548.31,1,Yes
CUST-12713,Female,0,No,No,35,Month-to-month,DSL,No internet service,Yes,Yes,No,Mailed check,58.05,2039.59,2,No
CUST-12714,Female,0,No,Yes,22,Two year,Fiber optic,Yes,No internet service,No,Yes,Electronic check,91.63,2034.75,3,No
CUST-12715,Male,0,No,Yes,48,Month-to-month,Fiber optic,No,Yes,Yes,Yes,Mailed check,68.78,3326.76,0,No
CUST-12716,Male,0,Yes,Yes,9,Two year,Fiber optic,No,No internet service,No internet service,Yes,Credit card,75.43,630.54,4,Yes
CUST-12717,Female,0,No,Yes,49,One year,Fiber optic,Yes,No internet service,Yes,No,Bank transfer,85.66,4223.12,1,No
CUST-12718,Female,1,No,No,65,One year,Fiber optic,No internet service,Yes,No,Yes,Mailed check,82.93,5363.72,0,No
CUST-12719,Male,0,Yes,Yes,51,Month-to-month,Fiber optic,No internet service,No,Yes,Yes,Electronic check,73.21,3662.33,2,Yes
CUST-12720,Female,0,Yes,No,31,One year,DSL,Yes,No internet service,No internet service,Yes,Mailed check,92.93,2928.43,1,No
CUST-12721,Female,0,No,No,60,One year,Fiber optic,No internet service,No internet service,Yes,No,Bank transfer,63.63,3851.03,3,No
CUST-12722,Male,0,No,No,38,One year,Fiber optic,No internet service,No internet service,No,Yes,Bank transfer,75.39,2816.49,1,Yes
CUST-12723,Male,0,Yes,No,39,Month-to-month,No,No internet service,No internet service,No internet service,Yes,Mailed check,61.46,2369.75,3,No
CUST-12724,Female,0,Yes,No,62,One year,Fiber optic,Yes,Yes,No,No,Mailed check,85.41,5266.42,3,No
CUST-12725,Female,1,No,No,14,Month-to-month,Fiber optic,Yes,No,Yes,Yes,Electronic check,50.98,631.54,3,Yes
CUST-12726,Male,0,No,No,56,One year,No,Yes,No internet service,No internet service,Yes,Credit card,31.34,1793.16,1,No
CUST-12727,Male,0,No,No,49,Month-to-month,No,No,Yes,Yes,Yes,Mailed check,78.1,3866.9,0,No
CUST-12728,Female,0,No,Yes,38,Month-to-month,DSL,No internet service,Yes,No,Yes,Credit card,44.6,1678.17,1,No
CUST-12729,Male,0,No,No,5,One year,No,No internet service,Yes,Yes,Yes,Mailed check,42.62,211.69,1,No
CUST-12730,Female,1,No,Yes,55,Month-to-month,DSL,No internet service,No internet service,No internet service,Yes,Bank transfer,90.3,,2,No
CUST-12731,Female,0,Yes,No,15,One year,No,No,No internet service,Yes,Yes,Bank transfer,84.33,1277.17,0,No
CUST-12732,Female,0,Yes,No,65,One year,DSL,No,Yes,No internet service,No,Mailed check,58.15,3712.37,1,No
CUST-12733,Male,0,No,No,57,One year,Fiber optic,Yes,Yes,Yes,Yes,Credit card,18.0,1050.42,3,No
CUST-12734,Male,0,Yes,No,26,One year,No,Yes,No,No internet service,Yes,Mailed check,75.66,1908.38,1,Yes
CUST-12735,Male,0,No,Yes,31,Month-to-month,DSL,Yes,No internet service,Yes,No,Credit card,78.25,2459.82,0,No
CUST-12736,Female,0,Yes,No,1,Month-to-month,No,Yes,No internet service,Yes,No,Credit card,75.34,22.1,2,Yes
CUST-12737,Male,1,Yes,No,36,One year,Fiber optic,No internet service,No internet service,Yes,Yes,Mailed check,74.42,2614.11,1,No
CUST-12738,Male,0,Yes,No,4,Month-to-month,DSL,No,No internet service,No internet service,Yes,Electronic check,61.37,244.08,3,Yes
CUST-12739,Male,0,Yes,No,72,Month-to-month,No,No internet service,No,No internet service,Yes,Credit card,56.79,4086.35,2,No
CUST-12740,Male,0,No,Yes,46,Month-to-month,Fiber optic,Yes,Yes,No,No,Credit card,42.88,1977.67,1,No
CUST-12741,Male,0,No,No,17,Month-to-month,No,No internet service,No,No,No,Credit card,51.05,823.21,2,Yes
CUST-12742,Female,0,No,Yes,58,Two year,No,No internet service,No,Yes,Yes,Credit card,71.43,4153.08,1,No
CUST-12743,Female,0,Yes,No,1,Month-to-month,DSL,No internet service,No internet service,Yes,Yes,Electronic check,71.76,86.61,3,Yes
CUST-12744,Male,0,No,No,40,Month-to-month,DSL,No,No,No,Yes,Credit card,80.8,3290.29,3,Yes
CUST-12745,Male,0,Yes,No,8,Two year,DSL,No,No internet service,No,No,Electronic check,36.87,304.21,0,No
CUST-12746,Male,1,Yes,No,3,Two year,Fiber optic,No,Yes,No internet service,Yes,Electronic check,31.82,65.49,2,No
CUST-12747,Female,0,Yes,No,17,Month-to-month,DSL,No,No internet service,Yes,Yes,Electronic check,57.41,908.62,2,No
CUST-12748,Male,0,Yes,No,21,Two year,Fiber optic,Yes,No,Yes,Yes,Electronic check,44.6,860.09,2,No
CUST-12749,Female,0,Yes,No,52,Month-to-month,No,Yes,No,No,No,Electronic check,68.72,3589.59,0,No
CUST-12750,Male,0,Yes,No,65,One year,DSL,No,No internet service,Yes,No,Electronic check,38.8,2561.66,2,No
CUST-12751,Male,0,Yes,No,56,Month-to-month,Fiber optic,Yes,No,No,Yes,Mailed check,88.6,4917.09,2,Yes
CUST-12752,Female,0,No,No,54,Month-to-month,Fiber optic,Yes,Yes,No internet service,No,Mailed check,48.56,2635.0,3,No
CUST-12753,Female,0,No,No,41,Month-to-month,DSL,Yes,No,No internet service,Yes,Mailed check,96.85,3962.14,0,Yes
CUST-12754,Female,1,Yes,Yes,27,One year,DSL,No,No internet service,No,No,Electronic check,75.49,2074.14,0,Yes
CUST-12755,Female,0,Yes,Yes,18,Month-to-month,DSL,No internet service,No internet service,No internet service,No,Credit card,43.9,833.5,1,No
CUST-12756,Female,0,Yes,Yes,69,Month-to-month,Fiber optic,No,No,Yes,Yes,Mailed check,106.89,7262.1,0,No
CUST-12757,Female,0,No,Yes,38,One year,DSL,Yes,No,No internet service,Yes,Mailed check,70.31,2723.39,2,No
CUST-12758,Male,1,No,No,41,Month-to-month,No,No,Yes,No internet service,Yes,Electronic check,68.32,2813.73,0,No
CUST-12759,Male,0,Yes,Yes,1,Two year,No,No,No internet service,Yes,No,Electronic check,63.7,37.13,4,No
CUST-12760,Male,1,Yes,No,33,Month-to-month,DSL,No,No,No internet service,Yes,Electronic check,74.33,2427.72,0,No
CUST-12761,Male,1,Yes,Yes,49,Month-to-month,No,No,Yes,No,Yes,Credit card,75.51,3701.58,0,No
CUST-12762,Male,0,Yes,Yes,36,Month-to-month,No,No,No internet service,No internet service,Yes,Electronic check,47.7,1692.01,3,Yes
CUST-12763,Male,0,Yes,No,44,Month-to-month,DSL,Yes,No internet service,Yes,Yes,Bank transfer,60.73,2625.27,2,Yes
CUST-12764,Male,0,Yes,No,59,Month-to-month,No,No internet service,Yes,No internet service,Yes,Bank transfer,67.31,3935.9,1,No
CUST-12765,Female,0,No,No,1,Month-to-month,DSL,No,No,No internet service,No,Electronic check,76.65,24.64,0,Yes
CUST-12766,Male,0,No,No,66,One year,Fiber optic,Yes,No internet service,No internet service,Yes,Mailed check,76.99,5148.67,0,No
CUST-12767,Female,0,No,No,59,Month-to-month,DSL,Yes,No internet service,Yes,Yes,Electronic check,68.29,4031.91,4,No
CUST-12768,Male,0,Yes,No,30,Month-to-month,No,No internet service,Yes,Yes,Yes,Electronic check,53.99,1732.34,0,No
CUST-12769,Female,0,Yes,Yes,55,One year,No,No,Yes,No,No,Bank transfer,52.97,2931.9,0,No
CUST-12770,Female,1,Yes,Yes,4,Month-to-month,No,Yes,No internet service,No,Yes,Bank transfer,41.17,194.13,0,Yes
CUST-12771,Male,0,Yes,No,22,One year,No,No,No internet service,Yes,Yes,Mailed check,76.85,1637.62,1,No
CUST-12772,Male,0,Yes,No,7,Two year,DSL,No,No internet service,No internet service,Yes,Electronic check,52.68,357.85,2,No
CUST-12773,Female,1,Yes,No,46,Month-to-month,Fiber optic,No internet service,No,No,Yes,Bank transfer,61.16,2816.99,3,Yes
CUST-12774,Female,0,Yes,No,62,One year,DSL,No,No internet service,No,Yes,Credit card,69.75,4292.64,1,No
CUST-12775,Male,0,Yes,Yes,43,Two year,DSL,No internet service,No,Yes,Yes,Credit card,65.08,2775.2,1,No
CUST-12776,Female,0,No,No,51,Month-to-month,DSL,No,No internet service,No internet service,Yes,Electronic check,64.89,3330.4,1,No
CUST-12777,Female,1,No,No,10,Two year,No,No internet service,Yes,No,No,Bank transfer,46.9,490.99,1,Yes
CUST-12778,Male,0,No,No,68,Month-to-month,Fiber optic,Yes,Yes,Yes,Yes,Electronic check,70.38,4718.99,1,No
CUST-12779,Male,0,Yes,Yes,14,One year,DSL,No,Yes,No internet service,Yes,Credit card,58.74,836.55,2,No
CUST-12780,Male,0,Yes,No,38,Month-to-month,No,No internet service,Yes,Yes,No,Mailed check,63.27,2431.91,0,No
CUST-12781,Female,0,No,Yes,49,Month-to-month,No,Yes,Yes,No,Yes,Bank transfer,88.16,4290.33,4,No
CUST-12782,Female,0,No,No,62,Two year,DSL,No,No,No,Yes,Bank transfer,75.11,4622.22,2,No
CUST-12783,Female,0,No,Yes,68,Month-to-month,Fiber optic,No,Yes,Yes,No,Bank transfer,53.58,3665.51,0,Yes
CUST-12784,Female,1,Yes,No,43,Two year,Fiber optic,No internet service,No,No internet service,Yes,Credit card,62.02,2538.21,4,Yes
CUST-12785,Male,0,No,Yes,42,One year,Fiber optic,No internet service,No,Yes,No,Electronic check,96.99,4073.68,3,No
CUST-12786,Male,1,No,No,30,Two year,Fiber optic,Yes,Yes,No internet service,Yes,Credit card,58.85,1847.22,1,Yes
CUST-12787,Male,0,No,No,41,Two year,Fiber optic,Yes,No,No internet service,No,Mailed check,65.8,2567.98,0,Yes
CUST-12788,Male,1,No,No,49,One year,DSL,No internet service,No internet service,Yes,Yes,Electronic check,78.28,3876.86,0,No
CUST-12789,Female,0,Yes,No,47,Two year,Fiber optic,Yes,No,No,Yes,Mailed check,69.3,3284.32,0,No
CUST-12790,Female,0,No,No,43,One year,DSL,No,Yes,Yes,No,Electronic check,57.54,2402.31,1,No
CUST-12791,Male,0,No,No,32,Month-to-month,DSL,No internet service,No internet service,No,Yes,Bank transfer,50.13,1630.18,2,Yes
CUST-12792,Female,0,Yes,No,14,One year,DSL,No internet service,No,No,Yes,Mailed check,64.8,957.27,5,Yes
CUST-12793,Female,0,Yes,No,3,Month-to-month,Fiber optic,No internet service,No,No,Yes,Mailed check,78.16,175.65,2,Yes
CUST-12794,Male,0,Yes,No,30,Month-to-month,Fiber optic,Yes,Yes,No internet service,Yes,Mailed check,91.42,2707.24,3,Yes
CUST-12795,Female,0,No,No,28,Month-to-month,Fiber optic,Yes,Yes,No,No,Bank transfer,35.69,1000.63,1,No
CUST-12796,Female,0,Yes,No,44,Month-to-month,DSL,Yes,Yes,No internet service,Yes,Credit card,100.26,4460.32,3,No
CUST-12797,Female,0,No,No,65,Month-to-month,No,No internet service,No internet service,No,Yes,Mailed check,59.23,3822.89,2,No
CUST-12798,Female,0,No,Yes,51,Month-to-month,DSL,Yes,Yes,No,Yes,Electronic check,83.5,4256.4,2,No
CUST-12799,Male,0,Yes,No,58,One year,Fiber optic,No,No,Yes,Yes,Bank transfer,50.25,2881.26,0,No
CUST-12800,Female,0,Yes,Yes,42,One year,DSL,No internet service,No internet service,Yes,No,Credit card,32.78,1377.99,1,No
CUST-12801,Male,0,No,Yes,67,Two year,Fiber optic,No,No,No,Yes,Mailed check,38.74,2647.91,1,No
CUST-12802,Female,1,No,Yes,68,Two year,Fiber optic,No internet service,Yes,No,Yes,Electronic check,58.38,3975.13,1,No
CUST-12803,Male,0,Yes,Yes,11,Two year,Fiber optic,No,No internet service,No,Yes,Credit card,75.48,812.41,1,No
CUST-12804,Male,0,No,No,46,One year,No,No,Yes,No internet service,Yes,Mailed check,65.62,3016.88,5,No
CUST-12805,Female,0,Yes,No,36,Month-to-month,Fiber optic,No internet service,No internet service,Yes,Yes,Mailed check,60.0,2119.97,0,Yes
CUST-12806,Male,0,No,Yes,70,Two year,Fiber optic,No,No internet service,No,No,Mailed check,87.36,6065.48,3,No
CUST-12807,Male,0,No,No,42,Month-to-month,Fiber optic,Yes,No,No internet service,Yes,Bank transfer,65.04,2791.85,1,No
CUST-12808,Female,1,No,No,1,Month-to-month,No,No,Yes,No,Yes,Electronic check,70.6,152.49,2,Yes
CUST-12809,Male,0,Yes,No,15,Month-to-month,No,No internet service,No,Yes,No,Bank transfer,120.0,1710.42,4,No
CUST-12810,Female,0,Yes,No,9,One year,Fiber optic,No internet service,Yes,No,Yes,Mailed check,64.84,612.67,2,No
CUST-12811,Male,0,No,No,14,One year,Fiber optic,Yes,No internet service,Yes,No,Mailed check,51.08,758.07,0,Yes
CUST-12812,Male,0,No,No,6,Month-to-month,No,Yes,No internet service,Yes,Yes,Electronic check,74.62,387.14,2,Yes
CUST-12813,Female,0,No,No,57,One year,No,No,No internet service,No internet service,Yes,Credit card,79.68,4518.17,1,Yes
CUST-12814,Male,0,Yes,No,36,Month-to-month,DSL,No internet service,No internet service,No,Yes,Mailed check,71.02,2527.87,0,No
CUST-12815,Male,0,No,No,49,Month-to-month,No,No,Yes,No internet service,Yes,Credit card,68.14,3433.91,1,No
CUST-12816,Female,1,No,No,72,Month-to-month,Fiber optic,No,Yes,No internet service,No,Credit card,94.64,6896.7,3,No
CUST-12817,Female,0,Yes,No,47,Month-to-month,Fiber optic,No internet service,No,Yes,Yes,Credit card,92.14,4284.52,1,No
CUST-12818,Male,1,No,No,34,One year,Fiber optic,No,No,No internet service,Yes,Mailed check,62.66,2057.48,3,No
CUST-12819,Female,0,Yes,No,19,Month-to-month,DSL,No internet service,No internet service,No internet service,No,Credit card,52.13,1029.12,3,Yes
CUST-12820,Female,0,No,No,55,Month-to-month,No,No,No,Yes,Yes,Bank transfer,73.58,4074.1,0,Yes
CUST-12821,Female,0,No,No,36,Month-to-month,Fiber optic,No internet service,No internet service,Yes,Yes,Mailed check,52.02,1934.92,3,Yes
CUST-12822,Male,0,No,No,55,One year,DSL,Yes,No,No internet service,Yes,Mailed check,82.7,4495.55,1,No
CUST-12823,Female,0,Yes,No,1,Two year,Fiber optic,No internet service,Yes,No internet service,Yes,Credit card,73.48,109.66,1,No
CUST-12824,Female,0,No,No,11,One year,DSL,No internet service,Yes,Yes,No,Mailed check,118.4,1265.81,1,Yes
CUST-12825,Female,0,No,No,9,One year,Fiber optic,Yes,No,No,Yes,Credit card,94.47,881.39,1,No
CUST-12826,Male,0,No,No,49,Two year,Fiber optic,Yes,Yes,No internet service,No,Electronic check,43.43,2126.21,0,No
CUST-12827,Female,0,Yes,No,37,Month-to-month,Fiber optic,No internet service,No,No internet service,Yes,Credit card,54.62,2115.97,1,No
CUST-12828,Female,1,No,Yes,23,Month-to-month,DSL,Yes,No,No internet service,Yes,Mailed check,26.72,636.93,1,Yes
CUST-12829,Male,1,Yes,No,22,Month-to-month,DSL,No,Yes,No,Yes,Credit card,22.25,473.8,3,Yes
CUST-12830,Female,0,No,Yes,44,Month-to-month,DSL,Yes,No,Yes,Yes,Credit card,67.28,2967.22,1,No
CUST-12831,Female,1,No,No,70,Month-to-month,Fiber optic,No,No internet service,No,Yes,Bank transfer,41.15,2875.47,2,No
CUST-12832,Male,0,No,Yes,72,Month-to-month,No,No internet service,Yes,No internet service,Yes,Credit card,97.82,6985.32,1,No
CUST-12833,Female,0,No,No,34,Month-to-month,Fiber optic,No,No,No internet service,Yes,Bank transfer,88.16,3093.68,1,No
CUST-12834,Male,1,No,No,48,Month-to-month,Fiber optic,Yes,No internet service,No,Yes,Credit card,59.57,2939.3,1,Yes
CUST-12835,Female,0,No,Yes,6,Month-to-month,DSL,No,Yes,Yes,Yes,Bank transfer,58.43,341.76,1,No
CUST-12836,Female,0,No,No,69,Month-to-month,DSL,Yes,No internet service,No,Yes,Electronic check,94.71,6569.98,2,Yes
CUST-12837,Female,0,No,No,1,Two year,No,No,No,Yes,No,Mailed check,99.29,201.86,1,No
CUST-12838,Male,0,Yes,Yes,24,One year,Fiber optic,Yes,Yes,No,Yes,Electronic check,46.35,1174.24,2,No
CUST-12839,Female,0,Yes,No,52,Month-to-month,DSL,No,No internet service,No,Yes,Bank transfer,43.78,2261.19,1,No
CUST-12840,Male,0,No,Yes,70,Month-to-month,Fiber optic,Yes,No,No,No,Electronic check,58.98,4124.2,2,Yes
CUST-12841,Female,0,Yes,Yes,12,Month-to-month,Fiber optic,Yes,No internet service,No,Yes,Mailed check,73.62,797.56,4,No
CUST-12842,Female,0,No,Yes,48,Month-to-month,DSL,Yes,No,No,Yes,Credit card,54.73,2665.78,4,Yes
CUST-12843,Male,0,Yes,No,13,Month-to-month,DSL,No internet service,No internet service,Yes,No,Bank transfer,74.04,1024.66,0,No
CUST-12844,Male,0,Yes,No,3,Month-to-month,Fiber optic,No internet service,No internet service,No internet service,Yes,Mailed check,104.01,374.52,1,Yes
CUST-12845,Male,1,No,No,30,Two year,DSL,No internet service,No internet service,No,Yes,Bank transfer,36.88,1141.45,1,Yes
CUST-12846,Female,0,No,No,42,Two year,Fiber optic,No internet service,No,No,Yes,Bank transfer,56.09,2373.4,2,Yes
CUST-12847,Male,1,Yes,No,19,One year,No,No,No internet service,No,Yes,Mailed check,37.26,658.05,2,No
CUST-12848,Male,0,Yes,No,71,One year,No,Yes,Yes,Yes,Yes,Bank transfer,48.27,3443.16,1,No
CUST-12849,Male,0,No,No,45,One year,Fiber optic,No internet service,No,No,Yes,Electronic check,59.11,2628.37,1,No
CUST-12850,Male,0,Yes,No,31,One year,DSL,No internet service,No,No,Yes,Mailed check,50.46,1590.52,0,No
CUST-12851,Male,0,Yes,Yes,35,Two year,Fiber optic,No,Yes,No internet service,Yes,Mailed check,75.4,2600.81,1,No
CUST-12852,Male,0,No,Yes,33,One year,DSL,Yes,No internet service,No,Yes,Bank transfer,68.02,2270.6,1,No
CUST-12853,Male,0,No,No,8,One year,No,No,No internet service,No,Yes,Bank transfer,70.98,634.0,1,No
CUST-12854,Female,1,No,No,44,Two year,Fiber optic,No,No internet service,Yes,Yes,Credit card,58.87,2609.14,0,No
CUST-12855,Male,0,No,Yes,57,One year,Fiber optic,No internet service,No,No,Yes,Mailed check,60.71,3476.89,1,No
CUST-12856,Female,1,No,No,30,Month-to-month,Fiber optic,Yes,No,No internet service,Yes,Electronic check,57.99,1785.35,4,Yes
CUST-12857,Female,0,No,No,31,Month-to-month,DSL,No,No,No,Yes,Electronic check,60.03,1949.45,0,No
CUST-12858,Female,0,Yes,Yes,66,Month-to-month,Fiber optic,No internet service,No internet service,No,No,Credit card,73.38,4837.72,2,Yes
CUST-12859,Male,0,Yes,Yes,44,Month-to-month,No,No internet service,No internet service,Yes,No,Mailed check,26.53,,5,No
CUST-12860,Male,0,Yes,Yes,21,Month-to-month,DSL,Yes,Yes,No,Yes,Credit card,70.76,1561.52,0,No
CUST-12861,Female,0,No,No,0,Month-to-month,DSL,No,No,No internet service,Yes,Mailed check,47.63,33.46,1,Yes
CUST-12862,Female,0,No,No,60,Month-to-month,No,No,Yes,No,No,Mailed check,58.22,3393.08,2,No
CUST-12863,Female,1,Yes,No,45,Two year,Fiber optic,No,No internet service,No internet service,No,Electronic check,33.77,1483.87,0,No
CUST-12864,Male,0,No,Yes,45,Month-to-month,DSL,Yes,No,No,No,Credit card,57.83,2639.9,3,No
CUST-12865,Male,0,Yes,No,20,Month-to-month,DSL,Yes,No,No internet service,No,Mailed check,70.56,1391.19,0,No
CUST-12866,Male,0,No,Yes,13,Month-to-month,Fiber optic,Yes,Yes,No,No,Mailed check,74.14,1035.84,1,No
CUST-12867,Male,0,Yes,No,36,Month-to-month,Fiber optic,No internet service,Yes,No internet service,Yes,Bank transfer,41.27,1578.62,1,Yes
CUST-12868,Female,0,Yes,No,55,One year,Fiber optic,No,No internet service,No,Yes,Bank transfer,73.18,3995.39,2,No
CUST-12869,Male,0,Yes,No,21,One year,DSL,Yes,No internet service,No,Yes,Bank transfer,87.8,1792.17,1,No
CUST-12870,Male,0,Yes,No,38,Month-to-month,Fiber optic,No internet service,No,No,Yes,Electronic check,55.13,2076.88,1,No
CUST-12871,Female,0,No,No,72,Month-to-month,Fiber optic,No,No internet service,No,No,Credit card,65.02,4660.49,1,No
CUST-12872,Female,0,Yes,Yes,16,Month-to-month,No,No,No,No internet service,No,Electronic check,23.63,454.88,2,No
CUST-12873,Male,0,Yes,No,16,One year,Fiber optic,Yes,No,Yes,Yes,Electronic check,47.06,701.19,2,Yes
CUST-12874,Male,0,No,Yes,17,Two year,Fiber optic,No,Yes,No internet service,Yes,Electronic check,70.41,1234.09,0,Yes
CUST-12875,Female,0,Yes,No,66,Two year,No,No,No,No internet service,No,Mailed check,84.11,5620.65,2,Yes
CUST-12876,Female,0,No,No,38,Month-to-month,DSL,No,Yes,No internet service,No,Mailed check,53.01,2055.34,4,No
CUST-12877,Female,0,No,No,67,One year,DSL,No,Yes,No,No,Electronic check,118.39,7953.95,3,No
CUST-12878,Female,1,No,Yes,69,Two year,DSL,No,No,No internet service,No,Bank transfer,71.28,4910.21,1,No
CUST-12879,Female,0,No,No,30,Two year,DSL,No internet service,Yes,Yes,No,Bank transfer,39.53,1278.35,0,No
CUST-12880,Male,0,Yes,No,4,Month-to-month,No,No internet service,No internet service,No,Yes,Credit card,90.74,350.7,0,Yes
CUST-12881,Male,0,No,No,22,Month-to-month,DSL,No,Yes,No internet service,Yes,Electronic check,39.94,926.09,0,No
CUST-12882,Female,0,No,No,39,Month-to-month,No,Yes,No internet service,No internet service,Yes,Electronic check,71.57,2783.29,1,No
CUST-12883,Male,0,No,Yes,27,Month-to-month,DSL,Yes,Yes,No,Yes,Electronic check,46.42,1161.25,3,Yes
CUST-12884,Male,1,No,No,0,One year,Fiber optic,Yes,No internet service,No,No,Mailed check,37.85,0.0,1,No
CUST-12885,Male,1,Yes,Yes,72,Month-to-month,Fiber optic,Yes,No,No internet service,Yes,Bank transfer,84.24,6057.47,1,No
CUST-12886,Female,0,Yes,Yes,22,Month-to-month,DSL,No,No internet service,No internet service,No,Electronic check,59.8,1308.43,5,No
CUST-12887,Male,0,No,No,45,Two year,Fiber optic,Yes,No,No internet service,Yes,Mailed check,99.51,4444.93,2,No
CUST-12888,Male,0,No,No,69,Month-to-month,Fiber optic,Yes,No,No,No,Bank transfer,44.64,3111.45,1,Yes
CUST-12889,Male,0,Yes,Yes,39,Two year,Fiber optic,No internet service,Yes,No internet service,Yes,Bank transfer,33.81,1355.44,1,No
CUST-12890,Male,0,Yes,No,50,Two year,No,Yes,No,No,Yes,Bank transfer,55.41,2755.21,2,No
CUST-12891,Female,0,Yes,No,2,Two year,No,No internet service,No,No,Yes,Bank transfer,120.0,224.29,2,No
CUST-12892,Male,0,Yes,No,50,One year,Fiber optic,Yes,No internet service,No internet service,Yes,Credit card,81.68,4031.47,4,Yes
CUST-12893,Female,0,Yes,Yes,61,Month-to-month,No,No,Yes,No,Yes,Credit card,76.08,4653.6,0,No
CUST-12894,Male,0,No,No,67,Month-to-month,DSL,Yes,Yes,Yes,No,Credit card,76.74,5210.48,3,Yes
CUST-12895,Female,0,No,Yes,6,Two year,DSL,No,Yes,No internet service,Yes,Mailed check,55.3,400.73,0,No
CUST-12896,Female,0,No,Yes,16,Month-to-month,Fiber optic,Yes,Yes,No,No,Mailed check,119.59,1883.48,3,No
CUST-12897,Female,0,Yes,No,3,Month-to-month,Fiber optic,Yes,No internet service,Yes,No,Mailed check,74.16,322.04,1,No
CUST-12898,Female,0,No,No,67,One year,Fiber optic,No internet service,Yes,No,Yes,Mailed check,72.29,4825.32,1,No
CUST-12899,Male,0,No,Yes,20,Month-to-month,Fiber optic,No internet service,No internet service,Yes,Yes,Bank transfer,84.7,1643.2,4,Yes
CUST-12900,Female,0,No,Yes,38,Month-to-month,No,No,Yes,No internet service,Yes,Bank transfer,39.54,1434.43,2,No
CUST-12901,Female,0,Yes,No,34,Month-to-month,DSL,No internet service,No internet service,No internet service,Yes,Electronic check,47.41,1558.13,2,Yes
CUST-12902,Female,0,Yes,No,50,Month-to-month,No,No internet service,No,Yes,Yes,Credit card,60.09,3021.19,1,No
CUST-12903,Female,0,Yes,No,65,One year,Fiber optic,No internet service,Yes,No internet service,No,Electronic check,84.83,5501.08,1,No
CUST-12904,Female,0,No,No,23,Month-to-month,Fiber optic,No internet service,No,No internet service,No,Mailed check,39.04,866.32,4,Yes
CUST-12905,Female,0,Yes,Yes,57,Month-to-month,DSL,Yes,No internet service,No internet service,Yes,Mailed check,63.65,3585.68,2,No
CUST-12906,Female,1,No,No,21,Month-to-month,DSL,Yes,No internet service,Yes,No,Mailed check,60.82,1222.91,1,Yes
CUST-12907,Female,0,Yes,No,14,One year,Fiber optic,No,Yes,Yes,No,Electronic check,33.51,424.65,2,Yes
CUST-12908,Male,1,No,No,7,Month-to-month,Fiber optic,No,No,No internet service,Yes,Bank transfer,54.82,434.51,1,Yes
CUST-12909,Male,0,Yes,Yes,27,Month-to-month,Fiber optic,No internet service,No,Yes,No,Electronic check,75.85,2138.12,0,No
CUST-12910,Male,0,Yes,No,40,Two year,DSL,Yes,No,No,No,Bank transfer,35.33,1506.46,4,No
CUST-12911,Male,0,No,No,56,Month-to-month,Fiber optic,Yes,No internet service,No internet service,No,Bank transfer,93.23,5255.23,2,Yes
CUST-12912,Male,0,No,No,61,One year,Fiber optic,Yes,No,No,No,Credit card,74.36,4511.35,0,No
CUST-12913,Male,0,No,No,38,Month-to-month,No,No internet service,No,Yes,Yes,Credit card,71.92,2699.57,0,No
CUST-12914,Male,0,Yes,No,29,Month-to-month,Fiber optic,No internet service,No,No internet service,Yes,Credit card,65.16,1927.45,3,Yes
CUST-12915,Male,0,Yes,Yes,12,Month-to-month,Fiber optic,No internet service,No internet service,No,No,Electronic check,43.15,505.48,1,Yes
CUST-12916,Female,0,Yes,No,66,Two year,Fiber optic,No internet service,No internet service,Yes,Yes,Credit card,52.01,3453.26,3,No
CUST-12917,Female,0,No,Yes,28,Month-to-month,Fiber optic,No internet service,No internet service,No,Yes,Bank transfer,72.24,2119.24,1,Yes
CUST-12918,Female,0,Yes,No,55,Month-to-month,Fiber optic,No,Yes,No,Yes,Electronic check,51.97,2869.19,1,Yes
CUST-12919,Male,0,Yes,No,45,Month-to-month,DSL,No,Yes,No internet service,Yes,Credit card,68.77,3208.54,1,No
CUST-12920,Male,0,No,No,67,Month-to-month,No,Yes,Yes,Yes,Yes,Credit card,47.02,3094.0,2,No
CUST-12921,Female,0,Yes,No,71,Two year,Fiber optic,No,Yes,No,No,Mailed check,74.03,5278.5,2,No
CUST-12922,Male,0,Yes,Yes,51,Two year,Fiber optic,Yes,No internet service,Yes,Yes,Credit card,75.52,3867.21,3,No
CUST-12923,Female,0,Yes,No,48,Month-to-month,Fiber optic,No internet service,No internet service,Yes,Yes,Bank transfer,32.45,1508.4,2,No
CUST-12924,Male,0,No,No,10,Month-to-month,Fiber optic,No,Yes,Yes,Yes,Mailed check,66.35,703.58,0,No
CUST-12925,Male,0,Yes,No,1,Month-to-month,DSL,No,No,No,Yes,Electronic check,34.57,111.11,3,No
CUST-12926,Female,0,Yes,No,39,Two year,DSL,No,Yes,No,No,Bank transfer,27.78,1193.55,2,No
CUST-12927,Male,0,Yes,No,51,Month-to-month,DSL,No internet service,Yes,Yes,No,Credit card,53.12,2729.68,0,No
CUST-12928,Male,0,No,No,54,Month-to-month,DSL,No internet service,No,Yes,No,Electronic check,120.0,6384.99,4,No
CUST-12929,Female,0,No,No,18,Two year,DSL,No,Yes,No internet service,Yes,Electronic check,80.51,1473.03,1,No
CUST-12930,Male,0,Yes,No,36,Two year,Fiber optic,No internet service,No internet service,Yes,No,Electronic check,92.84,3379.34,2,No
CUST-12931,Female,1,Yes,Yes,62,Month-to-month,DSL,No internet service,No internet service,No,Yes,Mailed check,77.17,4772.78,2,No
CUST-12932,Male,0,Yes,Yes,6,Month-to-month,No,No internet service,No,Yes,No,Mailed check,69.11,425.42,1,Yes
CUST-12933,Male,0,No,No,28,One year,No,No internet service,Yes,No,No,Credit card,82.91,2297.31,2,No
CUST-12934,Female,0,Yes,No,68,Two year,DSL,Yes,No,No internet service,Yes,Credit card,52.21,3543.6,1,No
CUST-12935,Male,0,Yes,No,14,Month-to-month,Fiber optic,No,No internet service,No,Yes,Bank transfer,74.41,1092.61,4,Yes
CUST-12936,Female,0,Yes,Yes,23,Month-to-month,Fiber optic,Yes,Yes,No,No,Electronic check,88.54,2105.87,1,Yes
CUST-12937,Female,0,No,Yes,34,Month-to-month,No,Yes,No internet service,Yes,Yes,Electronic check,78.99,2622.12,1,Yes
CUST-12938,Female,0,No,No,50,Month-to-month,Fiber optic,No,Yes,Yes,No,Electronic check,89.86,4467.43,0,No
CUST-12939,Male,0,No,No,18,Month-to-month,Fiber optic,Yes,Yes,Yes,Yes,Credit card,68.65,1156.28,5,Yes
CUST-12940,Female,0,Yes,Yes,57,One year,DSL,Yes,No,No,Yes,Electronic check,98.84,5725.8,0,No
CUST-12941,Female,0,Yes,Yes,17,Month-to-month,No,No internet service,No,No internet service,No,Credit card,60.84,1077.82,2,No
CUST-12942,Female,1,Yes,Yes,26,Month-to-month,DSL,Yes,Yes,Yes,Yes,Bank transfer,107.35,2691.05,1,Yes
CUST-12943,Male,1,Yes,No,41,Two year,No,No,No internet service,No,Yes,Mailed check,76.47,3132.04,0,No
CUST-12944,Female,0,No,No,0,Month-to-month,DSL,No internet service,No internet service,No internet service,Yes,Credit card,57.32,0.0,2,Yes
CUST-12945,Male,0,No,No,56,Month-to-month,Fiber optic,Yes,No,No,Yes,Electronic check,41.42,2281.72,0,No
CUST-12946,Female,0,Yes,Yes,48,Two year,Fiber optic,No,No,No internet service,Yes,Mailed check,48.84,2396.13,2,No
CUST-12947,Male,0,No,No,60,Month-to-month,DSL,No internet service,Yes,No,No,Mailed check,45.81,2799.27,2,No
CUST-12948,Female,0,Yes,No,20,Two year,DSL,No internet service,No,No,Yes,Electronic check,63.23,1278.07,1,Yes
CUST-12949,Female,0,No,Yes,29,Month-to-month,DSL,No internet service,Yes,No internet service,No,Credit card,39.52,1114.0,1,No
CUST-12950,Male,1,No,Yes,65,Month-to-month,Fiber optic,No,Yes,No,Yes,Bank transfer,90.86,5874.24,1,Yes
CUST-12951,Female,1,Yes,No,4,One year,Fiber optic,No internet service,No internet service,No internet service,Yes,Electronic check,67.21,271.04,1,No
CUST-12952,Female,0,No,No,35,Month-to-month,DSL,No,No,No internet service,Yes,Electronic check,66.4,2301.14,3,Yes
CUST-12953,Male,0,No,No,35,Month-to-month,Fiber optic,No,No internet service,Yes,No,Mailed check,41.69,1458.86,2,Yes
CUST-12954,Male,0,Yes,No,32,Month-to-month,DSL,No internet service,Yes,Yes,Yes,Credit card,49.62,1615.74,0,No
CUST-12955,Female,0,Yes,No,31,One year,Fiber optic,No internet service,No,No,Yes,Electronic check,20.59,561.61,2,No
CUST-12956,Male,0,No,No,54,Month-to-month,Fiber optic,No,Yes,No,Yes,Bank transfer,97.36,5219.53,2,No
CUST-12957,Male,0,Yes,No,14,Two year,No,No internet service,Yes,No,Yes,Electronic check,36.65,511.42,2,No
CUST-12958,Female,0,Yes,Yes,65,One year,No,No,No internet service,No,No,Mailed check,38.16,2558.67,3,No
CUST-12959,Male,0,No,No,65,Month-to-month,DSL,Yes,No,No internet service,Yes,Bank transfer,93.26,6104.17,3,Yes
CUST-12960,Female,0,No,Yes,13,Month-to-month,DSL,No,No,No internet service,Yes,Electronic check,72.75,945.57,0,No
CUST-12961,Male,0,No,No,71,Month-to-month,No,No internet service,No internet service,No internet service,Yes,Mailed check,67.41,4806.23,2,No
CUST-12962,Female,0,Yes,No,19,One year,DSL,No,No internet service,Yes,No,Mailed check,71.81,1359.31,2,No
CUST-12963,Male,1,No,No,3,Month-to-month,DSL,No,Yes,No internet service,No,Electronic check,84.08,306.1,3,No
CUST-12964,Female,0,Yes,No,29,One year,DSL,No internet service,No,No internet service,Yes,Electronic check,67.0,1964.69,0,No
CUST-12965,Female,0,No,Yes,58,Month-to-month,Fiber optic,No internet service,No internet service,No internet service,No,Electronic check,34.13,2043.48,1,No
CUST-12966,Male,0,No,No,61,Month-to-month,Fiber optic,No,Yes,No,Yes,Bank transfer,79.66,4791.49,2,Yes
CUST-12967,Male,0,Yes,No,47,One year,No,No internet service,No internet service,No,Yes,Electronic check,73.45,3411.84,3,No
CUST-12968,Female,1,No,No,59,Month-to-month,Fiber optic,No,No,No,No,Bank transfer,88.43,5231.1,0,No
CUST-12969,Female,0,No,No,19,Month-to-month,DSL,No,Yes,No,Yes,Electronic check,40.02,785.06,2,Yes
CUST-12970,Female,1,No,No,64,One year,Fiber optic,No internet service,No internet service,Yes,No,Electronic check,50.41,3346.26,1,No
CUST-12971,Male,0,Yes,No,46,One year,Fiber optic,Yes,No internet service,No,Yes,Electronic check,72.84,3260.25,0,No
CUST-12972,Female,0,No,No,9,Month-to-month,DSL,Yes,Yes,Yes,No,Mailed check,46.11,413.34,1,Yes
CUST-12973,Female,0,Yes,Yes,9,Month-to-month,No,Yes,No internet service,No internet service,Yes,Bank transfer,18.0,158.1,1,Yes
CUST-12974,Male,0,Yes,Yes,19,Month-to-month,Fiber optic,No internet service,No internet service,No internet service,No,Mailed check,68.95,1321.94,2,No
CUST-12975,Male,0,Yes,Yes,5,One year,Fiber optic,Yes,No,Yes,Yes,Electronic check,82.9,501.16,0,Yes
CUST-12976,Male,0,No,Yes,20,Month-to-month,No,No internet service,No,Yes,No,Electronic check,62.42,1292.21,0,Yes
CUST-12977,Female,0,No,No,72,One year,Fiber optic,No internet service,Yes,No,Yes,Mailed check,75.96,5388.92,0,No
CUST-12978,Male,0,No,No,17,One year,Fiber optic,No internet service,No,No internet service,Yes,Mailed check,73.07,1318.88,1,Yes
CUST-12979,Male,1,Yes,No,46,Two year,Fiber optic,No internet service,No internet service,Yes,No,Bank transfer,65.21,3074.95,3,No
CUST-12980,Female,0,No,No,71,Month-to-month,No,No internet service,No internet service,No,Yes,Mailed check,67.72,4821.27,4,No
CUST-12981,Male,0,Yes,No,18,Month-to-month,No,Yes,No,Yes,No,Bank transfer,91.98,1574.75,0,Yes
CUST-12982,Female,0,Yes,No,50,Month-to-month,Fiber optic,No internet service,Yes,No internet service,Yes,Mailed check,45.71,2277.92,3,No
CUST-12983,Female,0,No,No,32,Month-to-month,DSL,Yes,No internet service,No internet service,No,Bank transfer,80.46,2598.16,0,Yes
CUST-12984,Female,1,No,No,20,Month-to-month,No,No,No internet service,Yes,No,Electronic check,41.38,877.43,2,No
CUST-12985,Female,0,No,No,69,Two year,No,No internet service,Yes,Yes,Yes,Credit card,49.1,3299.38,2,No
CUST-12986,Female,0,Yes,Yes,47,Month-to-month,Fiber optic,Yes,No internet service,Yes,No,Credit card,88.92,4140.78,2,No
CUST-12987,Female,0,No,No,32,Month-to-month,No,Yes,Yes,No internet service,Yes,Mailed check,40.8,1360.5,1,Yes
CUST-12988,Female,0,No,Yes,59,Month-to-month,Fiber optic,No internet service,No internet service,No internet service,No,Electronic check,60.17,3625.12,1,Yes
CUST-12989,Male,0,No,No,65,Two year,Fiber optic,Yes,No internet service,No,No,Electronic check,112.23,7316.48,5,No
CUST-12990,Male,0,Yes,No,57,Month-to-month,Fiber optic,Yes,No,Yes,No,Credit card,85.51,4931.5,3,Yes
CUST-12991,Female,1,Yes,Yes,63,One year,DSL,Yes,No,No,No,Electronic check,50.26,3189.14,0,No
CUST-12992,Male,1,No,Yes,23,Two year,Fiber optic,Yes,Yes,No internet service,No,Electronic check,53.68,1282.79,0,No
CUST-12993,Female,0,No,No,25,Month-to-month,Fiber optic,No,Yes,No internet service,Yes,Electronic check,61.6,1547.26,0,Yes
CUST-12994,Female,0,No,No,16,One year,DSL,No internet service,Yes,No,No,Mailed check,91.24,1483.84,0,No
CUST-12995,Female,0,No,No,50,Month-to-month,DSL,No,No internet service,No internet service,Yes,Credit card,44.97,2187.41,2,No
CUST-12996,Male,0,Yes,No,58,Month-to-month,Fiber optic,Yes,No,No internet service,Yes,Electronic check,43.76,2574.19,0,No
CUST-12997,Male,0,No,No,48,Month-to-month,Fiber optic,No internet service,Yes,No internet service,No,Bank transfer,79.27,3742.34,1,No
CUST-12998,Male,1,Yes,No,43,Month-to-month,No,No,No,No,Yes,Bank transfer,31.38,1385.39,0,No
CUST-12999,Female,0,No,No,56,One year,DSL,Yes,No internet service,Yes,Yes,Credit card,46.78,2597.73,2,No
